employee_id,name,age,gender,education_level,domain,job_title,experience_years,skills_count,certifications,company_size,city_tier,city,performance_rating,salary_inr
EMP00001,Ananya Kapoor,39,Female,Bachelor's,Healthcare,Nurse,13.6,3,3,Startup,Tier 1,Bangalore,3.3,2681000
EMP00002,Reyansh Saxena,56,Male,Bachelor's,Legal,Legal Consultant,20.3,2,1,MNC,Tier 1,Bangalore,2.3,4421000
EMP00003,Diya Gupta,46,Female,Bachelor's,Education,Instructional Designer,13.7,2,3,MNC,Tier 3,Dehradun,1.8,1166000
EMP00004,Deepak Chopra,45,Male,Master's,Finance,Financial Analyst,18.1,6,0,Enterprise,Tier 3,Dehradun,2.5,3235000
EMP00005,Kavya Patel,45,Female,Bachelor's,HR,Recruiter,17.7,4,1,Startup,Tier 1,Kolkata,3.9,1983000
EMP00006,Rohan Deshpande,25,Male,Bachelor's,IT,Full Stack Developer,1.2,2,0,Enterprise,Tier 2,Indore,2.6,668000
EMP00007,Riya Bhat,51,Female,Bachelor's,Healthcare,Medical Lab Technician,24.8,10,2,MNC,Tier 1,Chennai,2.9,7500000
EMP00008,Arjun Pillai,53,Male,Bachelor's,IT,Data Scientist,16.2,4,3,MNC,Tier 1,Chennai,5.0,4721000
EMP00009,Pranav Sharma,29,Male,Master's,Sales,Key Account Manager,5.5,4,0,SME,Tier 1,Mumbai,4.8,1215000
EMP00010,Neha Pillai,33,Female,Bachelor's,Finance,Auditor,9.8,6,2,Startup,Tier 1,Bangalore,3.4,1668000
EMP00011,Anjali Sharma,42,Female,Bachelor's,Finance,Tax Consultant,18.5,6,1,Startup,Tier 3,Bhopal,1.8,1538000
EMP00012,Aditya Deshpande,56,Male,Master's,Healthcare,Dentist,32.9,4,2,MNC,Tier 2,Lucknow,4.8,7500000
EMP00013,Kritika Reddy,41,Female,Bachelor's,Education,Teaching Assistant,17.8,9,0,SME,Tier 1,Mumbai,3.6,2181000
EMP00014,Ayaan Sharma,26,Male,Master's,IT,Frontend Developer,0.3,2,1,Startup,Tier 1,Kolkata,3.2,513000
EMP00015,Gaurav Mishra,58,Male,Bachelor's,Legal,Contract Specialist,19.8,3,3,SME,Tier 1,Pune,4.1,3927000
EMP00016,Sakshi Singh,25,Female,Bachelor's,Education,Lecturer,0.7,2,1,Startup,Tier 1,Hyderabad,2.4,303000
EMP00017,Nisha Thakur,28,Female,Bachelor's,Sales,Sales Manager,5.8,3,0,SME,Tier 2,Nagpur,2.9,695000
EMP00018,Amit Sharma,46,Male,Bachelor's,Legal,Patent Attorney,15.9,10,3,Startup,Tier 1,Mumbai,3.5,3438000
EMP00019,Gaurav Mehta,25,Male,Bachelor's,Legal,In-House Counsel,2.8,4,0,Startup,Tier 2,Nagpur,2.2,567000
EMP00020,Isha Nair,47,Female,Bachelor's,Operations,Procurement Manager,18.9,2,0,SME,Tier 2,Kochi,2.6,1667000
EMP00021,Ankit Saxena,42,Male,Bachelor's,Engineering,Electrical Engineer,16.1,6,3,SME,Tier 2,Jaipur,1.5,2048000
EMP00022,Swati Singh,26,Female,Bachelor's,Sales,Key Account Manager,0.5,3,0,Enterprise,Tier 1,Bangalore,3.0,522000
EMP00023,Ishaan Chopra,55,Male,Bachelor's,Sales,Key Account Manager,31.7,3,1,SME,Tier 3,Guwahati,3.4,2759000
EMP00024,Suresh Reddy,43,Male,Bachelor's,HR,HR Generalist,14.6,2,0,MNC,Tier 3,Bhopal,1.5,1001000
EMP00025,Sakshi Iyer,32,Female,Master's,Sales,Regional Sales Head,6.5,2,0,Enterprise,Tier 2,Lucknow,3.4,1276000
EMP00026,Swati Thakur,31,Female,Bachelor's,IT,Backend Developer,4.9,2,1,SME,Tier 1,Mumbai,2.7,1098000
EMP00027,Meera Chopra,31,Female,PhD,Marketing,Content Writer,8.8,3,1,Startup,Tier 2,Chandigarh,4.2,1346000
EMP00028,Ankit Kapoor,37,Male,Bachelor's,Finance,Portfolio Manager,13.8,9,1,Startup,Tier 3,Ranchi,2.6,1391000
EMP00029,Priya Nair,23,Female,Master's,Engineering,Project Manager,0.3,2,1,SME,Tier 2,Indore,4.9,543000
EMP00030,Aarav Singh,38,Male,Bachelor's,HR,HR Manager,7.1,5,1,MNC,Tier 1,Chennai,4.9,1374000
EMP00031,Rajesh Reddy,38,Male,Bachelor's,Engineering,Mechanical Engineer,11.2,8,2,MNC,Tier 3,Guwahati,3.8,1530000
EMP00032,Aditya Agarwal,43,Male,Master's,Finance,Auditor,14.3,8,2,SME,Tier 1,Bangalore,2.2,3139000
EMP00033,Riya Agarwal,33,Female,Master's,HR,Employee Relations Specialist,7.2,2,1,SME,Tier 1,Chennai,3.6,1207000
EMP00034,Karan Malik,35,Male,Bachelor's,Healthcare,Nurse,6.9,6,1,Startup,Tier 3,Patna,3.9,869000
EMP00035,Reyansh Kumar,23,Male,Bachelor's,Legal,Legal Consultant,0.8,2,1,SME,Tier 2,Lucknow,4.0,607000
EMP00036,Amit Nair,31,Male,Master's,IT,Data Scientist,7.3,3,0,MNC,Tier 2,Ahmedabad,1.7,1363000
EMP00037,Vihaan Malik,30,Male,Master's,Sales,Pre-Sales Consultant,5.2,5,1,MNC,Tier 2,Lucknow,4.1,1228000
EMP00038,Krishna Deshpande,37,Male,Master's,HR,HR Generalist,9.6,3,1,SME,Tier 2,Lucknow,2.5,956000
EMP00039,Pranav Gupta,30,Male,Bachelor's,Engineering,Electrical Engineer,6.2,2,1,SME,Tier 2,Ahmedabad,1.7,705000
EMP00040,Riya Deshpande,23,Female,Master's,Operations,Inventory Analyst,0.5,3,1,MNC,Tier 3,Mysuru,3.0,432000
EMP00041,Divya Chopra,36,Female,Bachelor's,HR,Employee Relations Specialist,9.4,5,1,MNC,Tier 2,Indore,2.1,1176000
EMP00042,Arjun Chopra,56,Male,Bachelor's,Engineering,Site Engineer,25.7,2,0,MNC,Tier 1,Hyderabad,2.1,4012000
EMP00043,Rohan Reddy,51,Male,Bachelor's,Engineering,Structural Engineer,24.9,15,3,SME,Tier 1,Mumbai,4.1,4924000
EMP00044,Rahul Nair,26,Male,Master's,IT,Software Developer,3.8,2,0,MNC,Tier 1,Hyderabad,3.8,1453000
EMP00045,Ira Malik,38,Female,Master's,Healthcare,Public Health Specialist,11.7,7,2,Startup,Tier 3,Ranchi,1.9,1393000
EMP00046,Ishaan Mishra,46,Male,Bachelor's,Marketing,SEO Specialist,18.3,12,1,Startup,Tier 2,Nagpur,3.9,2032000
EMP00047,Swati Verma,44,Female,Bachelor's,Education,Lecturer,15.6,7,0,MNC,Tier 3,Bhopal,3.0,1344000
EMP00048,Karan Saxena,31,Male,Bachelor's,Sales,Key Account Manager,6.5,6,1,SME,Tier 3,Raipur,2.4,724000
EMP00049,Aanya Iyer,50,Female,Bachelor's,Legal,Legal Consultant,21.8,8,2,Startup,Tier 3,Patna,3.2,2976000
EMP00050,Krishna Mehta,39,Male,Master's,HR,HR Generalist,5.6,3,0,SME,Tier 1,Chennai,4.2,921000
EMP00051,Sakshi Saxena,53,Female,Bachelor's,IT,Data Scientist,18.6,8,1,SME,Tier 2,Ahmedabad,3.4,3151000
EMP00052,Gaurav Thakur,43,Male,Bachelor's,Legal,Patent Attorney,12.3,5,0,MNC,Tier 1,Kolkata,3.4,2945000
EMP00053,Sara Reddy,35,Female,Master's,HR,HRIS Analyst,12.8,6,0,MNC,Tier 1,Delhi,2.1,1927000
EMP00054,Pranav Kumar,39,Male,Bachelor's,IT,ML Engineer,9.6,3,2,Enterprise,Tier 2,Nagpur,1.5,1826000
EMP00055,Mohit Malik,43,Male,Bachelor's,IT,Backend Developer,20.3,9,0,MNC,Tier 1,Mumbai,3.5,5275000
EMP00056,Myra Kumar,58,Female,PhD,Finance,Risk Analyst,17.5,8,1,MNC,Tier 1,Hyderabad,2.5,5266000
EMP00057,Meera Joshi,58,Female,Master's,Operations,Supply Chain Analyst,34.9,5,5,SME,Tier 2,Lucknow,2.3,3742000
EMP00058,Sara Sharma,48,Female,Bachelor's,Operations,Fleet Manager,15.4,5,2,MNC,Tier 2,Ahmedabad,1.7,1815000
EMP00059,Krishna Bhat,34,Male,Bachelor's,Sales,Sales Engineer,9.2,4,0,Startup,Tier 1,Delhi,3.6,1274000
EMP00060,Pooja Malik,29,Female,Bachelor's,HR,Employee Relations Specialist,6.7,6,2,SME,Tier 1,Mumbai,4.6,1224000
EMP00061,Tanvi Iyer,23,Female,Bachelor's,Operations,Facility Manager,1.0,3,0,MNC,Tier 1,Chennai,3.8,590000
EMP00062,Sara Mishra,49,Female,Master's,Legal,Legal Advisor,18.3,8,2,SME,Tier 1,Bangalore,2.7,4524000
EMP00063,Pooja Agarwal,47,Female,Master's,Sales,Sales Manager,16.5,7,2,SME,Tier 3,Dehradun,4.5,2071000
EMP00064,Ananya Agarwal,56,Female,Bachelor's,IT,Frontend Developer,24.9,11,3,MNC,Tier 2,Lucknow,2.4,4574000
EMP00065,Ishaan Malik,53,Male,Bachelor's,Operations,Procurement Manager,25.9,6,4,Startup,Tier 1,Bangalore,5.0,4280000
EMP00066,Nisha Singh,31,Female,Bachelor's,HR,HR Generalist,7.1,5,1,Enterprise,Tier 1,Chennai,2.0,1298000
EMP00067,Suresh Pillai,30,Male,Master's,HR,Employee Relations Specialist,3.4,4,1,MNC,Tier 1,Delhi,4.4,1062000
EMP00068,Isha Rao,31,Female,Bachelor's,Legal,Legal Analyst,4.7,5,1,Enterprise,Tier 3,Guwahati,2.3,1063000
EMP00069,Manish Das,24,Male,Bachelor's,Legal,Contract Specialist,0.8,2,1,Enterprise,Tier 1,Chennai,2.7,821000
EMP00070,Karan Singh,55,Male,PhD,IT,DevOps Engineer,21.5,12,1,Startup,Tier 2,Chandigarh,2.7,4340000
EMP00071,Sakshi Gupta,43,Female,Master's,Sales,Regional Sales Head,20.4,12,3,Enterprise,Tier 1,Mumbai,2.3,5149000
EMP00072,Pooja Nair,27,Female,Bachelor's,Finance,Accountant,2.5,4,1,Enterprise,Tier 1,Pune,1.7,956000
EMP00073,Vikram Kumar,37,Male,Bachelor's,Operations,Logistics Coordinator,7.1,2,2,Enterprise,Tier 2,Lucknow,3.2,1190000
EMP00074,Priya Malik,38,Female,Bachelor's,IT,Cloud Architect,15.0,10,1,Startup,Tier 3,Raipur,2.5,1877000
EMP00075,Tanvi Iyer,51,Other,Master's,Marketing,Market Research Analyst,26.4,3,1,SME,Tier 1,Delhi,5.0,3813000
EMP00076,Ankit Banerjee,39,Male,Bachelor's,IT,Cybersecurity Analyst,14.3,6,1,MNC,Tier 1,Kolkata,2.2,3174000
EMP00077,Manish Kapoor,30,Male,Master's,IT,Backend Developer,6.5,2,1,MNC,Tier 1,Delhi,2.6,1877000
EMP00078,Reyansh Kumar,56,Male,Master's,Education,Dean,24.0,6,1,SME,Tier 3,Dehradun,4.9,2530000
EMP00079,Rohan Singh,51,Male,PhD,Healthcare,Medical Lab Technician,26.6,13,3,Enterprise,Tier 3,Ranchi,1.8,7349000
EMP00080,Krishna Thakur,29,Male,Bachelor's,HR,HRIS Analyst,3.6,4,1,Startup,Tier 1,Mumbai,3.7,534000
EMP00081,Shreya Chopra,36,Female,Master's,Legal,Patent Attorney,10.5,2,0,Startup,Tier 1,Hyderabad,1.9,1898000
EMP00082,Pranav Kumar,46,Male,Bachelor's,Sales,Regional Sales Head,18.2,4,3,MNC,Tier 3,Raipur,2.9,2235000
EMP00083,Aditya Saxena,45,Other,Bachelor's,Legal,Compliance Manager,21.0,3,2,MNC,Tier 3,Ranchi,1.7,3385000
EMP00084,Vihaan Malik,27,Male,Master's,Operations,Operations Manager,0.3,3,0,Enterprise,Tier 2,Lucknow,1.7,452000
EMP00085,Ira Mishra,35,Female,Master's,Marketing,Social Media Manager,10.9,8,2,Startup,Tier 3,Patna,5.0,1277000
EMP00086,Sai Singh,23,Male,Bachelor's,Education,Academic Counselor,0.6,2,0,SME,Tier 1,Hyderabad,3.3,354000
EMP00087,Sneha Malik,45,Female,Bachelor's,Finance,Credit Analyst,16.3,11,0,MNC,Tier 3,Guwahati,3.3,2463000
EMP00088,Aarav Verma,52,Male,Master's,Engineering,Civil Engineer,20.8,9,0,Enterprise,Tier 1,Bangalore,1.7,4538000
EMP00089,Deepak Mishra,57,Male,Master's,Engineering,Site Engineer,25.4,9,4,MNC,Tier 1,Kolkata,1.9,5402000
EMP00090,Bhavna Thakur,35,Female,Bachelor's,Marketing,Market Research Analyst,7.4,5,1,SME,Tier 1,Hyderabad,2.6,1116000
EMP00091,Arjun Agarwal,52,Male,Bachelor's,Finance,Accountant,20.3,13,2,MNC,Tier 2,Kochi,4.8,4449000
EMP00092,Isha Singh,48,Female,Bachelor's,Engineering,Mechanical Engineer,25.5,11,2,SME,Tier 2,Lucknow,2.0,3445000
EMP00093,Vihaan Chatterjee,57,Male,Bachelor's,HR,HRIS Analyst,19.9,8,0,MNC,Tier 2,Indore,2.4,2162000
EMP00094,Harsh Deshpande,41,Male,PhD,Education,Professor,8.8,3,2,MNC,Tier 1,Kolkata,3.7,1921000
EMP00095,Gaurav Pillai,35,Male,Bachelor's,Legal,Legal Analyst,5.8,4,1,MNC,Tier 2,Jaipur,4.6,1521000
EMP00096,Manish Chopra,25,Male,Master's,HR,Payroll Specialist,2.0,3,1,SME,Tier 1,Chennai,1.9,501000
EMP00097,Ishaan Agarwal,53,Male,Bachelor's,HR,HR Manager,17.4,11,0,Startup,Tier 1,Bangalore,4.2,2232000
EMP00098,Pooja Mehta,29,Female,Bachelor's,Engineering,Electrical Engineer,2.2,4,0,MNC,Tier 3,Mysuru,2.7,536000
EMP00099,Gaurav Verma,49,Male,Bachelor's,Finance,Tax Consultant,20.4,11,3,MNC,Tier 1,Mumbai,2.9,4504000
EMP00100,Rohan Chopra,51,Other,Master's,Education,Lecturer,19.1,3,1,SME,Tier 1,Mumbai,2.9,2404000
EMP00101,Rohan Nair,43,Male,Master's,Finance,Compliance Officer,16.0,10,1,Enterprise,Tier 1,Kolkata,4.9,4546000
EMP00102,Myra Nair,28,Female,Bachelor's,Marketing,Content Writer,4.0,2,0,Enterprise,Tier 2,Ahmedabad,4.1,844000
EMP00103,Nisha Agarwal,58,Female,Master's,Operations,Process Improvement Analyst,33.1,12,2,Startup,Tier 1,Hyderabad,3.7,4742000
EMP00104,Swati Verma,44,Female,Bachelor's,HR,Payroll Specialist,14.9,2,2,MNC,Tier 1,Pune,4.9,2356000
EMP00105,Suresh Pillai,46,Male,Bachelor's,Sales,Sales Manager,16.3,11,1,SME,Tier 2,Lucknow,4.9,2445000
EMP00106,Rohan Saxena,27,Male,Bachelor's,Healthcare,Doctor,1.6,3,1,MNC,Tier 2,Chandigarh,2.8,619000
EMP00107,Vikram Deshpande,43,Male,Master's,IT,Full Stack Developer,8.4,2,2,MNC,Tier 1,Kolkata,4.5,3145000
EMP00108,Meera Kumar,43,Other,Bachelor's,Healthcare,Physiotherapist,12.4,8,0,MNC,Tier 3,Ranchi,3.5,2155000
EMP00109,Shreya Kumar,55,Female,Bachelor's,Engineering,Process Engineer,21.2,7,2,Startup,Tier 1,Pune,3.2,3115000
EMP00110,Arjun Kumar,26,Male,Bachelor's,Finance,Compliance Officer,3.1,4,0,MNC,Tier 3,Raipur,2.0,568000
EMP00111,Sai Patel,32,Male,Master's,IT,QA Engineer,4.9,3,1,MNC,Tier 2,Nagpur,3.1,1176000
EMP00112,Ishaan Rao,34,Male,Bachelor's,Operations,Fleet Manager,7.7,4,1,MNC,Tier 1,Bangalore,4.4,1547000
EMP00113,Myra Iyer,25,Female,Master's,Education,Dean,2.8,4,0,SME,Tier 2,Chandigarh,3.1,536000
EMP00114,Vikram Gupta,36,Male,Master's,Education,Professor,8.1,5,2,SME,Tier 1,Mumbai,2.8,1434000
EMP00115,Vihaan Saxena,43,Male,Master's,Healthcare,Doctor,11.4,8,1,MNC,Tier 1,Kolkata,3.1,3426000
EMP00116,Aanya Sharma,38,Female,Bachelor's,Healthcare,Clinical Research Associate,15.4,10,3,Startup,Tier 1,Delhi,1.9,2866000
EMP00117,Deepak Chopra,51,Male,Bachelor's,Legal,Legal Consultant,21.3,12,4,MNC,Tier 2,Chandigarh,3.0,5147000
EMP00118,Priya Mishra,48,Female,Bachelor's,Finance,Compliance Officer,25.6,3,4,MNC,Tier 2,Kochi,3.4,4177000
EMP00119,Mohit Verma,46,Male,PhD,HR,HR Manager,14.4,3,2,SME,Tier 2,Jaipur,4.2,2542000
EMP00120,Shreya Kumar,24,Female,Bachelor's,Education,Research Associate,1.7,3,1,MNC,Tier 3,Bhopal,4.0,426000
EMP00121,Aadhya Joshi,34,Female,Bachelor's,Marketing,Marketing Manager,6.5,4,1,Enterprise,Tier 2,Chandigarh,1.6,1017000
EMP00122,Pooja Chatterjee,25,Female,Master's,Education,Curriculum Designer,0.4,3,1,Enterprise,Tier 2,Ahmedabad,2.7,425000
EMP00123,Harsh Rao,45,Male,PhD,Sales,Key Account Manager,20.1,13,3,Startup,Tier 2,Nagpur,2.1,3716000
EMP00124,Vihaan Gupta,42,Male,Master's,HR,Payroll Specialist,14.8,8,1,MNC,Tier 1,Mumbai,4.0,2608000
EMP00125,Tanvi Das,39,Female,Master's,IT,Data Scientist,13.2,8,1,MNC,Tier 2,Lucknow,4.8,3767000
EMP00126,Suresh Agarwal,50,Male,Bachelor's,Finance,Risk Analyst,24.5,7,2,SME,Tier 2,Kochi,2.0,3777000
EMP00127,Rahul Chatterjee,50,Male,Master's,Operations,Logistics Coordinator,20.0,8,2,MNC,Tier 1,Mumbai,1.6,3302000
EMP00128,Nikhil Banerjee,57,Male,Bachelor's,HR,Payroll Specialist,19.7,11,2,MNC,Tier 3,Patna,1.9,1798000
EMP00129,Nisha Patel,50,Female,PhD,Education,Education Consultant,23.1,10,4,SME,Tier 1,Bangalore,4.0,4775000
EMP00130,Sakshi Patel,45,Female,Bachelor's,Finance,Risk Analyst,20.2,5,3,Startup,Tier 2,Chandigarh,3.1,2492000
EMP00131,Krishna Chopra,27,Other,Bachelor's,Engineering,Quality Engineer,2.9,3,0,Startup,Tier 1,Mumbai,3.1,576000
EMP00132,Kavya Kumar,57,Female,Master's,Healthcare,Pharmacist,23.4,2,0,MNC,Tier 1,Bangalore,2.6,6577000
EMP00133,Kavya Pillai,40,Female,Master's,HR,Compensation Analyst,13.6,6,1,MNC,Tier 2,Jaipur,3.3,1896000
EMP00134,Rajesh Kumar,32,Male,Master's,Operations,Process Improvement Analyst,8.7,6,0,MNC,Tier 1,Mumbai,4.8,2184000
EMP00135,Neha Bhat,35,Female,Master's,Engineering,Site Engineer,9.6,5,2,MNC,Tier 2,Chandigarh,3.2,1796000
EMP00136,Isha Banerjee,41,Female,Bachelor's,IT,DevOps Engineer,12.6,9,1,SME,Tier 2,Chandigarh,4.5,2638000
EMP00137,Rahul Banerjee,30,Male,Master's,Sales,Pre-Sales Consultant,1.7,2,1,Startup,Tier 1,Bangalore,1.8,465000
EMP00138,Amit Chopra,48,Male,Bachelor's,Healthcare,Physiotherapist,25.0,13,2,Startup,Tier 1,Chennai,3.1,5437000
EMP00139,Sneha Sharma,27,Female,PhD,Sales,Territory Manager,4.8,3,1,Startup,Tier 1,Chennai,4.6,1332000
EMP00140,Sneha Joshi,56,Female,Bachelor's,Finance,Portfolio Manager,17.5,6,2,MNC,Tier 1,Hyderabad,1.7,2803000
EMP00141,Kavya Thakur,40,Female,Bachelor's,Sales,Territory Manager,15.4,6,0,Startup,Tier 1,Delhi,4.3,2218000
EMP00142,Rahul Deshpande,31,Male,Bachelor's,Sales,Regional Sales Head,5.8,2,0,Startup,Tier 1,Hyderabad,3.3,918000
EMP00143,Nikhil Kumar,42,Male,PhD,Education,Research Associate,12.1,6,2,SME,Tier 3,Raipur,3.2,1222000
EMP00144,Sneha Sharma,45,Female,Bachelor's,Finance,Portfolio Manager,17.4,2,3,SME,Tier 2,Nagpur,3.5,2515000
EMP00145,Vivaan Mishra,52,Male,Bachelor's,Operations,Inventory Analyst,15.5,5,0,MNC,Tier 2,Lucknow,1.6,1791000
EMP00146,Arjun Das,35,Male,Bachelor's,Operations,Fleet Manager,11.9,7,2,Startup,Tier 1,Bangalore,3.5,1699000
EMP00147,Sara Pillai,46,Other,Bachelor's,Healthcare,Dentist,22.8,7,4,SME,Tier 2,Indore,3.9,4400000
EMP00148,Neha Chopra,52,Female,Bachelor's,Marketing,Digital Marketing Analyst,22.5,5,2,MNC,Tier 2,Indore,4.0,3071000
EMP00149,Rahul Thakur,39,Male,Bachelor's,Operations,Operations Analyst,10.5,5,1,Enterprise,Tier 3,Ranchi,1.6,1152000
EMP00150,Sai Chatterjee,50,Other,Master's,Legal,Compliance Manager,14.4,10,2,Enterprise,Tier 2,Lucknow,1.9,3814000
EMP00151,Priya Nair,25,Female,Master's,Sales,Sales Engineer,1.9,2,0,SME,Tier 2,Jaipur,3.9,581000
EMP00152,Pranav Patel,48,Male,Master's,Legal,Litigation Associate,20.4,6,2,SME,Tier 1,Pune,1.8,4714000
EMP00153,Divya Kapoor,24,Female,PhD,Healthcare,Radiologist,1.8,2,0,Enterprise,Tier 1,Hyderabad,2.2,1011000
EMP00154,Pooja Verma,22,Female,Bachelor's,Operations,Supply Chain Analyst,0.0,3,1,SME,Tier 2,Kochi,3.2,334000
EMP00155,Anjali Malik,39,Female,Bachelor's,Finance,Tax Consultant,8.2,5,2,SME,Tier 1,Kolkata,2.7,1469000
EMP00156,Ankit Deshpande,34,Male,Bachelor's,Engineering,Design Engineer,8.1,2,1,MNC,Tier 1,Bangalore,3.2,1504000
EMP00157,Ananya Iyer,46,Female,Bachelor's,HR,Talent Acquisition Lead,14.2,2,2,MNC,Tier 2,Jaipur,3.8,2101000
EMP00158,Sai Banerjee,54,Male,PhD,HR,Recruiter,25.1,6,2,MNC,Tier 1,Bangalore,3.2,5877000
EMP00159,Suresh Chatterjee,48,Male,Master's,Legal,In-House Counsel,22.8,5,1,MNC,Tier 2,Nagpur,1.8,4552000
EMP00160,Harsh Chatterjee,26,Male,PhD,Finance,Financial Analyst,3.3,4,0,MNC,Tier 1,Delhi,4.5,1698000
EMP00161,Ankit Reddy,53,Male,Bachelor's,Sales,Territory Manager,27.7,9,1,MNC,Tier 2,Jaipur,3.5,3971000
EMP00162,Pooja Kapoor,23,Female,Bachelor's,IT,Frontend Developer,0.6,2,1,SME,Tier 1,Mumbai,4.8,737000
EMP00163,Mohit Verma,40,Male,Bachelor's,Healthcare,Radiologist,11.1,5,1,Enterprise,Tier 3,Dehradun,1.8,1885000
EMP00164,Pooja Kumar,44,Other,Bachelor's,Sales,Regional Sales Head,15.9,5,0,MNC,Tier 3,Dehradun,3.9,1807000
EMP00165,Pranav Banerjee,36,Male,Bachelor's,Education,Research Associate,7.5,2,0,MNC,Tier 1,Pune,4.8,1334000
EMP00166,Priya Reddy,26,Female,Bachelor's,IT,Cloud Architect,2.4,4,0,SME,Tier 1,Hyderabad,2.3,778000
EMP00167,Manish Verma,30,Male,Bachelor's,HR,Compensation Analyst,6.9,6,1,MNC,Tier 2,Nagpur,2.6,1012000
EMP00168,Arjun Agarwal,55,Male,Bachelor's,HR,HR Business Partner,15.6,4,3,MNC,Tier 1,Delhi,4.8,3170000
EMP00169,Anjali Mehta,48,Female,Bachelor's,HR,Employee Relations Specialist,13.8,9,1,MNC,Tier 1,Kolkata,2.0,1883000
EMP00170,Vivaan Thakur,48,Male,PhD,Sales,Pre-Sales Consultant,12.1,5,1,SME,Tier 2,Ahmedabad,4.5,2257000
EMP00171,Gaurav Reddy,25,Male,Bachelor's,Operations,Facility Manager,0.1,2,0,MNC,Tier 2,Indore,3.5,376000
EMP00172,Rohan Joshi,22,Male,Bachelor's,Marketing,SEO Specialist,0.0,3,0,MNC,Tier 2,Ahmedabad,4.7,411000
EMP00173,Bhavna Joshi,46,Female,Bachelor's,Education,Curriculum Designer,13.7,9,3,Startup,Tier 3,Dehradun,4.2,1120000
EMP00174,Reyansh Chatterjee,42,Male,Bachelor's,Operations,Procurement Manager,16.9,2,2,MNC,Tier 2,Indore,3.0,2295000
EMP00175,Rohan Nair,46,Male,Master's,Marketing,PR Specialist,17.3,7,2,MNC,Tier 2,Indore,3.7,3198000
EMP00176,Sai Kapoor,44,Male,Bachelor's,Sales,Territory Manager,11.4,6,2,Enterprise,Tier 2,Nagpur,4.5,2290000
EMP00177,Isha Verma,22,Female,Bachelor's,Marketing,SEO Specialist,0.0,2,0,MNC,Tier 1,Chennai,3.7,478000
EMP00178,Sneha Agarwal,53,Female,Bachelor's,Sales,Pre-Sales Consultant,20.7,2,4,MNC,Tier 2,Chandigarh,1.6,3049000
EMP00179,Isha Das,33,Female,Bachelor's,Finance,Compliance Officer,4.6,3,1,MNC,Tier 1,Hyderabad,1.8,1010000
EMP00180,Myra Mishra,37,Other,PhD,Marketing,Digital Marketing Analyst,11.7,8,0,MNC,Tier 3,Mysuru,1.6,1995000
EMP00181,Amit Thakur,52,Male,Bachelor's,IT,DevOps Engineer,14.4,8,2,MNC,Tier 3,Bhopal,4.6,2758000
EMP00182,Priya Reddy,58,Female,Bachelor's,IT,Data Scientist,29.7,6,4,MNC,Tier 1,Pune,2.6,5968000
EMP00183,Riya Kumar,47,Other,PhD,HR,Training Coordinator,18.2,11,3,MNC,Tier 2,Ahmedabad,4.1,3640000
EMP00184,Harsh Kapoor,27,Male,Bachelor's,Education,Professor,0.9,2,0,SME,Tier 2,Kochi,2.9,325000
EMP00185,Ananya Bhat,39,Female,Master's,Legal,Litigation Associate,8.1,6,1,SME,Tier 2,Indore,2.8,1700000
EMP00186,Pooja Nair,26,Female,Bachelor's,Healthcare,Radiologist,2.8,4,0,MNC,Tier 1,Mumbai,1.8,863000
EMP00187,Nisha Chatterjee,39,Female,Bachelor's,Finance,Investment Banker,11.0,6,2,MNC,Tier 1,Mumbai,2.7,2314000
EMP00188,Suresh Mehta,46,Male,Bachelor's,Engineering,Design Engineer,20.9,13,4,Enterprise,Tier 3,Raipur,3.3,3338000
EMP00189,Sara Kumar,39,Female,Bachelor's,Legal,Paralegal,7.2,5,1,SME,Tier 2,Jaipur,2.8,1214000
EMP00190,Simran Bhat,53,Female,Master's,Marketing,PR Specialist,14.5,6,0,Enterprise,Tier 1,Chennai,2.8,2599000
EMP00191,Nisha Mehta,49,Female,Master's,Operations,Logistics Coordinator,15.5,5,3,SME,Tier 3,Ranchi,2.5,1598000
EMP00192,Sneha Mishra,37,Female,Bachelor's,HR,Employee Relations Specialist,9.0,6,0,MNC,Tier 2,Indore,4.2,1380000
EMP00193,Gaurav Malik,35,Male,Bachelor's,HR,Recruiter,11.5,8,1,MNC,Tier 1,Delhi,2.3,1695000
EMP00194,Kritika Das,46,Female,Bachelor's,Operations,Fleet Manager,18.2,10,3,MNC,Tier 2,Chandigarh,4.0,2700000
EMP00195,Tanvi Bhat,27,Female,Bachelor's,Marketing,Social Media Manager,1.2,2,1,Enterprise,Tier 1,Pune,3.0,660000
EMP00196,Krishna Nair,54,Male,Master's,Sales,Channel Partner Manager,26.1,5,3,SME,Tier 2,Indore,3.6,4341000
EMP00197,Rahul Sharma,52,Male,Bachelor's,Engineering,Civil Engineer,15.0,4,2,SME,Tier 2,Lucknow,3.3,1813000
EMP00198,Vihaan Malik,50,Male,Bachelor's,HR,HR Manager,25.0,3,0,MNC,Tier 2,Indore,4.3,3297000
EMP00199,Simran Nair,55,Female,Bachelor's,Healthcare,Physiotherapist,24.9,9,1,MNC,Tier 2,Lucknow,3.7,6170000
EMP00200,Aarav Kapoor,34,Male,Bachelor's,Engineering,Design Engineer,4.0,3,0,SME,Tier 2,Nagpur,1.7,555000
EMP00201,Pranav Patel,45,Male,Bachelor's,Legal,Legal Advisor,13.0,9,2,Enterprise,Tier 1,Hyderabad,3.6,4050000
EMP00202,Kavya Chatterjee,51,Female,Master's,HR,HRIS Analyst,21.8,12,1,SME,Tier 1,Mumbai,2.1,3284000
EMP00203,Anjali Banerjee,48,Female,Master's,Operations,Inventory Analyst,16.8,9,1,MNC,Tier 2,Lucknow,2.2,2859000
EMP00204,Tanvi Verma,44,Female,PhD,Legal,Paralegal,10.7,5,2,MNC,Tier 2,Indore,3.2,3639000
EMP00205,Nisha Rao,32,Female,Bachelor's,IT,Frontend Developer,5.0,4,0,MNC,Tier 1,Hyderabad,3.5,1279000
EMP00206,Sneha Thakur,54,Female,Bachelor's,Finance,Auditor,28.0,15,2,MNC,Tier 2,Nagpur,4.0,5133000
EMP00207,Vikram Singh,37,Male,Bachelor's,IT,Cloud Architect,8.0,2,1,Enterprise,Tier 1,Pune,2.3,1974000
EMP00208,Swati Saxena,44,Female,Master's,Operations,Inventory Analyst,10.3,3,0,MNC,Tier 3,Raipur,2.7,1326000
EMP00209,Pranav Patel,42,Male,PhD,HR,HR Business Partner,14.4,10,0,Startup,Tier 2,Ahmedabad,4.7,2354000
EMP00210,Anjali Kumar,30,Other,Bachelor's,Education,Academic Counselor,6.6,5,1,Startup,Tier 2,Indore,2.9,830000
EMP00211,Deepak Deshpande,27,Male,Bachelor's,HR,Talent Acquisition Lead,2.5,3,1,MNC,Tier 3,Mysuru,4.1,529000
EMP00212,Nisha Bhat,44,Female,Master's,Sales,Regional Sales Head,11.0,5,0,SME,Tier 1,Delhi,2.7,1973000
EMP00213,Swati Rao,43,Female,Master's,IT,Software Developer,8.8,5,0,Startup,Tier 3,Dehradun,3.1,1308000
EMP00214,Aanya Reddy,30,Other,Master's,HR,Training Coordinator,7.1,4,0,MNC,Tier 1,Delhi,3.8,1552000
EMP00215,Aadhya Banerjee,41,Female,Master's,Marketing,Market Research Analyst,14.7,3,0,SME,Tier 1,Chennai,2.3,2024000
EMP00216,Ananya Sharma,43,Female,Master's,Engineering,Electrical Engineer,13.9,5,3,Startup,Tier 3,Bhopal,2.6,1612000
EMP00217,Myra Banerjee,30,Female,Master's,Healthcare,Nurse,4.7,2,0,SME,Tier 2,Indore,4.1,1046000
EMP00218,Tanvi Agarwal,50,Female,Master's,Finance,Accountant,13.4,3,3,SME,Tier 1,Pune,2.0,2377000
EMP00219,Aditya Nair,57,Male,Master's,Operations,Warehouse Manager,30.5,13,0,MNC,Tier 2,Chandigarh,2.2,4267000
EMP00220,Ira Kapoor,47,Female,Bachelor's,IT,Frontend Developer,17.7,3,1,SME,Tier 2,Kochi,4.6,3049000
EMP00221,Rahul Mehta,30,Male,Bachelor's,Operations,Inventory Analyst,4.2,3,1,Enterprise,Tier 2,Jaipur,3.6,1059000
EMP00222,Reyansh Verma,25,Male,PhD,Engineering,Process Engineer,0.9,3,1,MNC,Tier 1,Chennai,3.4,855000
EMP00223,Aditya Joshi,27,Male,Bachelor's,Marketing,Content Writer,2.9,3,0,SME,Tier 1,Pune,2.3,624000
EMP00224,Vikram Singh,51,Male,Master's,IT,Backend Developer,23.2,12,1,Startup,Tier 2,Indore,1.5,3164000
EMP00225,Rahul Pillai,55,Male,Master's,HR,Training Coordinator,20.8,13,2,MNC,Tier 1,Mumbai,2.7,3839000
EMP00226,Nikhil Gupta,38,Male,Master's,Operations,Supply Chain Analyst,10.5,6,1,Startup,Tier 3,Patna,2.8,1126000
EMP00227,Vihaan Mishra,29,Male,Bachelor's,Sales,Sales Manager,1.7,2,0,Startup,Tier 1,Bangalore,2.1,417000
EMP00228,Aditya Thakur,48,Other,Bachelor's,Marketing,Market Research Analyst,24.7,7,2,MNC,Tier 2,Jaipur,3.3,3353000
EMP00229,Sara Nair,55,Female,PhD,Engineering,Civil Engineer,30.6,15,2,MNC,Tier 1,Mumbai,3.4,7500000
EMP00230,Reyansh Joshi,58,Male,Master's,Operations,Procurement Manager,24.7,11,3,Enterprise,Tier 2,Indore,4.7,6141000
EMP00231,Priya Kumar,22,Female,PhD,IT,Frontend Developer,0.0,2,1,Startup,Tier 2,Nagpur,4.1,571000
EMP00232,Reyansh Pillai,37,Male,Bachelor's,IT,DevOps Engineer,12.3,3,0,Enterprise,Tier 3,Raipur,2.9,1912000
EMP00233,Nisha Kapoor,27,Female,Master's,Sales,Business Development Manager,3.2,3,0,MNC,Tier 1,Kolkata,4.9,1128000
EMP00234,Krishna Mehta,47,Male,Master's,Education,Education Consultant,16.5,5,0,Enterprise,Tier 1,Pune,3.5,2787000
EMP00235,Sai Malik,51,Male,Bachelor's,Finance,Compliance Officer,18.4,5,3,SME,Tier 1,Mumbai,1.8,3245000
EMP00236,Pooja Saxena,24,Female,Bachelor's,Education,Research Associate,0.2,2,1,SME,Tier 1,Delhi,2.4,334000
EMP00237,Vivaan Banerjee,50,Other,Master's,Sales,Sales Engineer,12.6,3,0,Startup,Tier 1,Pune,4.9,1815000
EMP00238,Amit Chatterjee,27,Male,Master's,HR,Recruiter,0.1,2,0,Enterprise,Tier 1,Bangalore,1.8,507000
EMP00239,Shreya Singh,24,Female,PhD,IT,DevOps Engineer,1.8,3,1,SME,Tier 1,Hyderabad,2.1,936000
EMP00240,Sai Iyer,39,Male,Bachelor's,Healthcare,Doctor,12.9,5,2,SME,Tier 1,Chennai,3.2,2887000
EMP00241,Amit Kumar,48,Male,Bachelor's,Sales,Sales Engineer,20.5,10,0,Enterprise,Tier 2,Chandigarh,3.2,3235000
EMP00242,Kavya Mishra,54,Female,Bachelor's,HR,Training Coordinator,14.5,5,0,Enterprise,Tier 2,Jaipur,4.3,2068000
EMP00243,Rahul Deshpande,36,Male,PhD,Finance,Risk Analyst,10.6,4,2,MNC,Tier 3,Bhopal,4.2,2427000
EMP00244,Swati Banerjee,44,Female,PhD,Healthcare,Pharmacist,11.3,4,2,MNC,Tier 3,Bhopal,4.0,3139000
EMP00245,Rajesh Mishra,31,Male,Master's,Marketing,PR Specialist,5.6,3,1,Startup,Tier 1,Chennai,2.3,819000
EMP00246,Aarav Mehta,34,Male,Master's,Education,Research Associate,11.3,8,1,Startup,Tier 1,Kolkata,4.7,1629000
EMP00247,Anjali Chatterjee,26,Female,Bachelor's,Engineering,Site Engineer,0.4,3,1,Startup,Tier 1,Hyderabad,4.3,484000
EMP00248,Anjali Mehta,33,Other,Master's,Sales,Channel Partner Manager,9.2,3,2,MNC,Tier 1,Delhi,4.1,2080000
EMP00249,Sai Kapoor,22,Male,PhD,Operations,Inventory Analyst,0.0,2,0,MNC,Tier 3,Raipur,2.3,461000
EMP00250,Sneha Kumar,43,Female,Master's,Marketing,Social Media Manager,20.8,4,0,MNC,Tier 2,Indore,4.6,3841000
EMP00251,Krishna Reddy,37,Male,Master's,Education,Curriculum Designer,12.8,2,0,SME,Tier 2,Lucknow,4.6,1389000
EMP00252,Amit Chatterjee,56,Male,Bachelor's,Legal,Legal Consultant,27.4,12,1,Startup,Tier 1,Pune,1.6,4920000
EMP00253,Krishna Singh,26,Male,Bachelor's,Engineering,Electrical Engineer,2.9,4,0,SME,Tier 3,Dehradun,4.0,631000
EMP00254,Deepak Patel,49,Male,Bachelor's,Finance,Tax Consultant,14.7,5,3,MNC,Tier 2,Indore,3.4,2834000
EMP00255,Pooja Nair,28,Female,Bachelor's,Operations,Operations Analyst,5.2,3,0,SME,Tier 1,Delhi,4.4,838000
EMP00256,Sneha Reddy,28,Female,Bachelor's,Healthcare,Hospital Administrator,5.9,5,0,SME,Tier 1,Hyderabad,4.6,1377000
EMP00257,Deepak Thakur,46,Male,Bachelor's,Engineering,Project Manager,12.6,2,1,SME,Tier 1,Pune,2.4,1909000
EMP00258,Manish Saxena,28,Male,Bachelor's,Education,Dean,3.1,4,0,MNC,Tier 3,Mysuru,3.3,431000
EMP00259,Swati Rao,58,Other,Master's,Legal,Patent Attorney,16.7,2,1,Startup,Tier 2,Lucknow,4.8,3491000
EMP00260,Reyansh Reddy,30,Male,Bachelor's,Finance,Portfolio Manager,3.2,4,0,MNC,Tier 1,Kolkata,4.7,1185000
EMP00261,Amit Thakur,47,Male,Master's,HR,HR Generalist,16.6,2,3,Startup,Tier 1,Chennai,3.6,2109000
EMP00262,Diya Singh,58,Female,Master's,HR,HR Generalist,33.5,8,2,SME,Tier 2,Kochi,3.2,3688000
EMP00263,Amit Kumar,47,Male,Bachelor's,Education,Academic Counselor,11.2,5,1,Enterprise,Tier 1,Pune,4.3,1419000
EMP00264,Mohit Saxena,28,Male,PhD,Marketing,Content Writer,1.8,3,1,SME,Tier 1,Kolkata,1.8,654000
EMP00265,Vikram Kapoor,53,Male,Master's,Education,Professor,22.0,4,0,SME,Tier 2,Lucknow,4.2,2577000
EMP00266,Rajesh Sharma,33,Male,Bachelor's,Marketing,Marketing Manager,5.4,5,0,Enterprise,Tier 2,Chandigarh,2.8,857000
EMP00267,Amit Bhat,29,Male,Master's,Marketing,Social Media Manager,3.7,3,0,Enterprise,Tier 2,Kochi,2.7,1018000
EMP00268,Krishna Kapoor,27,Male,Bachelor's,Engineering,Mechanical Engineer,1.2,2,0,MNC,Tier 2,Chandigarh,3.8,535000
EMP00269,Manish Deshpande,22,Male,Bachelor's,Healthcare,Pharmacist,0.0,2,0,SME,Tier 3,Ranchi,4.0,261000
EMP00270,Neha Das,46,Female,Master's,Legal,Patent Attorney,12.3,6,2,MNC,Tier 2,Kochi,1.9,2833000
EMP00271,Ankit Chatterjee,57,Male,Master's,Operations,Warehouse Manager,20.6,3,3,Startup,Tier 3,Guwahati,2.6,2171000
EMP00272,Deepak Saxena,41,Male,Bachelor's,Sales,Sales Engineer,17.8,11,3,MNC,Tier 2,Indore,1.6,2242000
EMP00273,Ishaan Iyer,48,Male,Bachelor's,IT,Cybersecurity Analyst,21.6,11,1,SME,Tier 2,Indore,3.4,4090000
EMP00274,Isha Chatterjee,54,Female,Bachelor's,Healthcare,Clinical Research Associate,17.3,3,3,Startup,Tier 1,Pune,3.5,3410000
EMP00275,Isha Mehta,27,Female,Bachelor's,Marketing,Digital Marketing Analyst,2.4,3,1,SME,Tier 1,Pune,1.9,501000
EMP00276,Deepak Mishra,26,Male,Bachelor's,Marketing,Growth Hacker,0.5,3,1,SME,Tier 3,Patna,2.0,275000
EMP00277,Vikram Mishra,51,Male,Bachelor's,Healthcare,Nurse,20.5,12,1,SME,Tier 1,Hyderabad,2.5,4550000
EMP00278,Sara Mishra,32,Female,Bachelor's,Finance,Investment Banker,7.3,5,1,SME,Tier 2,Jaipur,1.6,909000
EMP00279,Rahul Sharma,42,Male,Master's,Sales,Sales Engineer,7.2,2,2,MNC,Tier 1,Delhi,2.6,1564000
EMP00280,Nikhil Mishra,41,Male,Bachelor's,IT,Backend Developer,18.4,9,2,SME,Tier 2,Lucknow,2.7,2863000
EMP00281,Kavya Deshpande,34,Female,Bachelor's,Engineering,Mechanical Engineer,5.8,3,0,MNC,Tier 2,Lucknow,1.9,932000
EMP00282,Aadhya Banerjee,38,Female,Master's,Operations,Operations Manager,11.5,2,2,Startup,Tier 3,Bhopal,3.9,1268000
EMP00283,Amit Singh,57,Male,Bachelor's,Healthcare,Medical Lab Technician,29.1,12,0,SME,Tier 2,Indore,3.3,5947000
EMP00284,Kritika Kumar,48,Female,Master's,Finance,Compliance Officer,21.5,3,2,Startup,Tier 1,Bangalore,3.6,3578000
EMP00285,Anjali Reddy,44,Female,Master's,HR,Training Coordinator,8.6,5,0,MNC,Tier 2,Lucknow,1.5,1331000
EMP00286,Diya Mishra,53,Female,Bachelor's,Finance,Compliance Officer,14.8,3,2,MNC,Tier 2,Chandigarh,2.4,1915000
EMP00287,Sai Verma,40,Male,Bachelor's,Education,Lab Instructor,15.1,3,0,Startup,Tier 1,Kolkata,2.1,1281000
EMP00288,Karan Chopra,39,Male,Master's,Finance,Tax Consultant,14.9,4,0,SME,Tier 3,Ranchi,4.4,2187000
EMP00289,Sneha Das,32,Female,Bachelor's,IT,DevOps Engineer,3.7,4,1,MNC,Tier 2,Lucknow,3.6,1085000
EMP00290,Tanvi Sharma,30,Female,Bachelor's,Legal,Legal Advisor,7.3,5,0,Startup,Tier 2,Jaipur,4.0,1215000
EMP00291,Bhavna Kapoor,58,Female,Master's,Marketing,Social Media Manager,25.9,13,4,Startup,Tier 2,Lucknow,3.2,3676000
EMP00292,Sakshi Banerjee,31,Female,Master's,Sales,Channel Partner Manager,1.9,2,1,Enterprise,Tier 3,Bhopal,4.1,604000
EMP00293,Rohan Iyer,25,Male,Bachelor's,Sales,Regional Sales Head,1.2,2,0,SME,Tier 3,Dehradun,1.8,260000
EMP00294,Rohan Singh,53,Male,Master's,IT,Data Scientist,20.0,2,4,MNC,Tier 3,Mysuru,3.6,4189000
EMP00295,Pooja Pillai,57,Female,Bachelor's,Legal,Legal Analyst,22.6,2,1,MNC,Tier 1,Pune,3.7,5920000
EMP00296,Ankit Chatterjee,50,Male,Bachelor's,Marketing,Marketing Manager,17.5,6,2,MNC,Tier 1,Bangalore,3.2,2819000
EMP00297,Simran Kapoor,48,Female,Bachelor's,Operations,Procurement Manager,13.8,8,1,SME,Tier 2,Indore,2.7,1669000
EMP00298,Aadhya Bhat,29,Female,Master's,Legal,Litigation Associate,4.8,3,1,Startup,Tier 2,Kochi,4.8,1271000
EMP00299,Sneha Pillai,33,Female,Master's,Healthcare,Pharmacist,3.4,4,1,MNC,Tier 1,Chennai,4.7,1565000
EMP00300,Neha Banerjee,43,Female,PhD,Legal,Paralegal,9.4,6,2,Enterprise,Tier 2,Nagpur,4.0,3735000
EMP00301,Kritika Kapoor,57,Female,Master's,Marketing,Brand Manager,27.3,6,5,SME,Tier 2,Indore,3.8,3964000
EMP00302,Priya Thakur,42,Other,Master's,Education,Dean,13.2,8,2,MNC,Tier 3,Ranchi,4.6,1683000
EMP00303,Aarav Pillai,28,Male,Bachelor's,Healthcare,Doctor,4.4,3,1,MNC,Tier 1,Delhi,3.9,1404000
EMP00304,Vivaan Saxena,40,Male,Bachelor's,Sales,Sales Manager,10.9,5,0,MNC,Tier 2,Kochi,4.5,1861000
EMP00305,Divya Banerjee,37,Female,Bachelor's,HR,HR Manager,14.3,8,3,Enterprise,Tier 3,Ranchi,4.9,1946000
EMP00306,Gaurav Iyer,34,Male,Master's,Legal,Compliance Manager,11.2,7,2,MNC,Tier 2,Kochi,4.1,3248000
EMP00307,Gaurav Reddy,40,Male,Bachelor's,Finance,Investment Banker,17.6,10,0,SME,Tier 1,Chennai,2.4,3065000
EMP00308,Krishna Sharma,43,Male,Bachelor's,Healthcare,Doctor,10.4,4,2,Startup,Tier 3,Raipur,4.5,1372000
EMP00309,Rajesh Thakur,44,Male,Bachelor's,Education,Dean,11.9,3,2,Startup,Tier 2,Ahmedabad,3.4,1089000
EMP00310,Rahul Nair,35,Male,Master's,Education,Education Consultant,6.3,6,1,Enterprise,Tier 3,Guwahati,1.5,750000
EMP00311,Nisha Nair,37,Female,PhD,Education,Lab Instructor,14.1,3,3,SME,Tier 2,Jaipur,4.7,2226000
EMP00312,Kavya Pillai,54,Female,Bachelor's,IT,Backend Developer,30.2,5,2,MNC,Tier 3,Patna,4.9,5387000
EMP00313,Divya Sharma,26,Female,Bachelor's,Marketing,Market Research Analyst,3.3,2,1,MNC,Tier 3,Guwahati,3.9,634000
EMP00314,Harsh Mehta,24,Male,Bachelor's,IT,DevOps Engineer,1.6,2,0,Enterprise,Tier 1,Hyderabad,3.7,1034000
EMP00315,Aarav Banerjee,29,Male,Bachelor's,Operations,Supply Chain Analyst,5.7,2,0,SME,Tier 2,Chandigarh,4.3,906000
EMP00316,Aditya Joshi,50,Male,Bachelor's,IT,Cloud Architect,14.5,5,1,MNC,Tier 2,Nagpur,3.4,2793000
EMP00317,Ishaan Joshi,45,Other,PhD,IT,ML Engineer,21.2,4,0,Startup,Tier 2,Ahmedabad,3.4,4450000
EMP00318,Pooja Reddy,44,Female,Bachelor's,Sales,Business Development Manager,11.1,3,2,MNC,Tier 1,Bangalore,3.8,2043000
EMP00319,Aadhya Deshpande,57,Female,Bachelor's,Sales,Account Executive,21.2,3,2,Startup,Tier 2,Ahmedabad,4.8,2762000
EMP00320,Ankit Bhat,37,Male,Bachelor's,Operations,Supply Chain Analyst,14.1,7,3,SME,Tier 2,Chandigarh,3.9,1825000
EMP00321,Rajesh Chatterjee,42,Male,PhD,Healthcare,Doctor,11.1,8,0,MNC,Tier 2,Chandigarh,4.4,3760000
EMP00322,Gaurav Mehta,52,Male,Bachelor's,Education,Curriculum Designer,21.3,3,1,MNC,Tier 1,Delhi,4.5,3351000
EMP00323,Pranav Reddy,38,Male,Master's,Finance,Accountant,14.8,10,0,MNC,Tier 2,Nagpur,3.6,2970000
EMP00324,Divya Iyer,56,Female,Master's,Sales,Territory Manager,27.1,4,2,SME,Tier 3,Raipur,4.1,4008000
EMP00325,Karan Pillai,54,Male,Bachelor's,Education,Dean,14.2,5,1,MNC,Tier 1,Bangalore,2.1,1609000
EMP00326,Isha Kumar,52,Female,PhD,IT,Frontend Developer,25.7,5,0,SME,Tier 1,Kolkata,2.2,5592000
EMP00327,Kavya Banerjee,52,Female,PhD,IT,Software Developer,29.7,7,0,MNC,Tier 2,Nagpur,2.5,7500000
EMP00328,Swati Thakur,58,Female,Bachelor's,Engineering,Project Manager,27.8,15,0,MNC,Tier 1,Bangalore,3.3,5802000
EMP00329,Rahul Rao,52,Male,Master's,IT,ML Engineer,27.9,9,1,SME,Tier 2,Chandigarh,2.2,5015000
EMP00330,Rahul Chopra,29,Male,Master's,Engineering,Project Manager,5.2,5,1,SME,Tier 2,Indore,4.4,1208000
EMP00331,Vivaan Kumar,58,Male,Master's,Healthcare,Clinical Research Associate,15.8,4,0,Startup,Tier 3,Raipur,4.9,2594000
EMP00332,Swati Bhat,23,Female,Master's,HR,Recruiter,0.2,3,1,Startup,Tier 3,Raipur,2.0,230000
EMP00333,Bhavna Patel,54,Female,Bachelor's,Education,Teaching Assistant,24.7,3,1,SME,Tier 1,Mumbai,2.2,2527000
EMP00334,Anjali Agarwal,48,Female,Master's,Operations,Supply Chain Analyst,12.8,2,2,MNC,Tier 1,Hyderabad,3.8,2517000
EMP00335,Divya Sharma,49,Female,Bachelor's,Education,Professor,22.3,8,1,Enterprise,Tier 2,Nagpur,2.8,3013000
EMP00336,Simran Deshpande,58,Female,Bachelor's,Healthcare,Hospital Administrator,25.5,5,0,SME,Tier 3,Dehradun,2.4,3312000
EMP00337,Gaurav Sharma,58,Male,Bachelor's,Sales,Sales Manager,23.5,5,2,SME,Tier 1,Hyderabad,3.8,3574000
EMP00338,Pranav Das,58,Male,Bachelor's,HR,Employee Relations Specialist,31.1,8,4,MNC,Tier 2,Chandigarh,3.5,3819000
EMP00339,Ishaan Mishra,44,Male,Master's,Engineering,Electrical Engineer,20.0,12,0,MNC,Tier 1,Kolkata,4.8,5606000
EMP00340,Nikhil Banerjee,43,Male,Master's,Operations,Operations Manager,9.7,7,0,MNC,Tier 3,Dehradun,4.7,1466000
EMP00341,Aditya Iyer,36,Male,Bachelor's,Operations,Operations Manager,11.5,5,2,MNC,Tier 1,Chennai,1.7,1599000
EMP00342,Sara Bhat,53,Female,Bachelor's,Marketing,Growth Hacker,18.5,2,1,MNC,Tier 2,Chandigarh,2.3,2265000
EMP00343,Sai Gupta,39,Male,Master's,Education,Lab Instructor,10.2,3,2,Startup,Tier 2,Jaipur,3.4,1121000
EMP00344,Divya Mishra,44,Female,Bachelor's,HR,Compensation Analyst,16.9,5,3,Enterprise,Tier 2,Chandigarh,2.1,2043000
EMP00345,Pranav Gupta,54,Male,Bachelor's,Finance,Compliance Officer,31.2,10,4,SME,Tier 1,Hyderabad,3.5,5222000
EMP00346,Bhavna Mehta,51,Female,Master's,Operations,Operations Manager,19.9,6,0,SME,Tier 2,Lucknow,3.9,2894000
EMP00347,Rohan Das,44,Male,Bachelor's,IT,Backend Developer,12.2,3,1,MNC,Tier 3,Bhopal,3.4,1636000
EMP00348,Rohan Chatterjee,35,Male,Master's,HR,Training Coordinator,12.5,5,1,MNC,Tier 1,Bangalore,4.6,2262000
EMP00349,Reyansh Nair,44,Male,Bachelor's,Finance,Accountant,21.0,12,3,MNC,Tier 2,Kochi,4.9,4402000
EMP00350,Kavya Chopra,42,Female,Bachelor's,Operations,Warehouse Manager,13.9,6,3,SME,Tier 2,Jaipur,3.3,1674000
EMP00351,Pranav Verma,54,Male,Bachelor's,Healthcare,Dentist,31.6,13,4,SME,Tier 2,Jaipur,3.9,6574000
EMP00352,Vihaan Mehta,45,Male,Master's,HR,Training Coordinator,16.5,5,2,SME,Tier 2,Chandigarh,2.1,2067000
EMP00353,Vikram Saxena,45,Male,Bachelor's,Engineering,Structural Engineer,15.6,4,1,MNC,Tier 2,Nagpur,2.3,2313000
EMP00354,Amit Reddy,31,Male,Master's,Healthcare,Dentist,7.5,3,1,SME,Tier 3,Mysuru,3.7,1271000
EMP00355,Rohan Rao,41,Male,Bachelor's,Operations,Operations Manager,12.1,4,0,SME,Tier 1,Pune,3.7,1677000
EMP00356,Rohan Iyer,45,Male,Bachelor's,Sales,Key Account Manager,14.1,8,0,SME,Tier 2,Kochi,2.2,1444000
EMP00357,Sakshi Thakur,33,Female,PhD,HR,Talent Acquisition Lead,5.3,5,1,Enterprise,Tier 1,Delhi,3.1,1579000
EMP00358,Rohan Bhat,43,Other,Bachelor's,Operations,Facility Manager,13.6,3,0,Startup,Tier 1,Delhi,3.8,1622000
EMP00359,Tanvi Bhat,47,Female,Bachelor's,Legal,Legal Analyst,21.3,10,3,SME,Tier 1,Mumbai,1.9,4482000
EMP00360,Krishna Kapoor,27,Male,Bachelor's,Engineering,Civil Engineer,0.9,3,0,Startup,Tier 1,Pune,5.0,533000
EMP00361,Suresh Kumar,27,Male,Master's,Engineering,Structural Engineer,1.1,3,1,MNC,Tier 1,Pune,2.1,790000
EMP00362,Rahul Mehta,52,Male,Bachelor's,Sales,Key Account Manager,22.3,4,4,Startup,Tier 2,Indore,4.1,3221000
EMP00363,Meera Pillai,56,Female,Bachelor's,Education,Teaching Assistant,25.3,14,0,SME,Tier 1,Delhi,2.0,2795000
EMP00364,Nikhil Deshpande,30,Male,Bachelor's,Legal,In-House Counsel,2.0,3,1,SME,Tier 2,Nagpur,2.5,649000
EMP00365,Aarav Thakur,45,Male,Bachelor's,Sales,Regional Sales Head,14.8,4,3,MNC,Tier 1,Mumbai,3.0,2806000
EMP00366,Manish Chopra,39,Male,Bachelor's,Sales,Key Account Manager,10.8,8,0,Startup,Tier 1,Kolkata,3.1,1391000
EMP00367,Harsh Chopra,53,Male,Bachelor's,IT,DevOps Engineer,14.4,10,0,Startup,Tier 1,Delhi,1.9,2244000
EMP00368,Aarav Nair,27,Male,Bachelor's,Legal,Compliance Manager,2.0,3,1,Enterprise,Tier 2,Nagpur,1.6,754000
EMP00369,Manish Kumar,25,Male,Bachelor's,Engineering,Civil Engineer,1.6,2,0,Enterprise,Tier 1,Hyderabad,4.4,894000
EMP00370,Manish Saxena,37,Male,Bachelor's,Legal,Compliance Manager,12.5,2,0,SME,Tier 2,Kochi,3.8,1979000
EMP00371,Amit Agarwal,41,Male,PhD,Healthcare,Doctor,15.8,10,0,SME,Tier 2,Lucknow,2.8,3957000
EMP00372,Ankit Reddy,29,Male,Bachelor's,Engineering,Project Manager,1.6,3,0,SME,Tier 1,Mumbai,3.5,657000
EMP00373,Kritika Chopra,31,Female,Bachelor's,Finance,Risk Analyst,3.5,2,1,Enterprise,Tier 3,Guwahati,1.7,709000
EMP00374,Arjun Saxena,56,Male,Master's,Healthcare,Dentist,18.7,10,2,MNC,Tier 1,Bangalore,1.6,5735000
EMP00375,Gaurav Kumar,38,Male,Master's,Legal,Litigation Associate,11.1,6,2,SME,Tier 2,Kochi,2.7,2683000
EMP00376,Neha Chopra,57,Female,Bachelor's,Sales,Business Development Manager,24.3,15,2,MNC,Tier 2,Nagpur,3.7,4225000
EMP00377,Sai Sharma,45,Male,Master's,Marketing,Social Media Manager,19.0,12,3,Startup,Tier 2,Nagpur,3.4,2887000
EMP00378,Shreya Das,42,Female,Bachelor's,Sales,Account Executive,8.5,3,0,Enterprise,Tier 1,Hyderabad,2.2,1496000
EMP00379,Deepak Banerjee,53,Male,Bachelor's,Operations,Warehouse Manager,14.4,5,0,Startup,Tier 3,Guwahati,3.2,1336000
EMP00380,Aanya Malik,25,Female,Bachelor's,Engineering,Project Manager,2.4,2,1,MNC,Tier 2,Nagpur,2.6,626000
EMP00381,Anjali Singh,28,Female,Master's,Sales,Regional Sales Head,1.1,2,0,MNC,Tier 2,Indore,1.9,458000
EMP00382,Kavya Agarwal,51,Female,Master's,Engineering,Civil Engineer,14.4,4,3,MNC,Tier 2,Kochi,5.0,3087000
EMP00383,Rahul Mehta,57,Male,PhD,Education,Education Consultant,23.0,12,3,MNC,Tier 1,Bangalore,3.5,4531000
EMP00384,Manish Thakur,38,Male,Bachelor's,Legal,Litigation Associate,15.6,2,0,Enterprise,Tier 2,Kochi,2.0,2771000
EMP00385,Ananya Joshi,36,Female,Bachelor's,Education,Professor,11.9,7,1,Enterprise,Tier 2,Kochi,4.7,1657000
EMP00386,Vivaan Malik,44,Male,Bachelor's,HR,Talent Acquisition Lead,20.6,5,1,SME,Tier 1,Chennai,2.9,2470000
EMP00387,Simran Gupta,42,Female,Master's,Healthcare,Dentist,17.7,11,0,MNC,Tier 1,Kolkata,4.3,6419000
EMP00388,Manish Verma,43,Male,Bachelor's,Engineering,Design Engineer,20.1,3,1,MNC,Tier 3,Bhopal,3.7,2891000
EMP00389,Aadhya Joshi,55,Female,Bachelor's,Sales,Channel Partner Manager,17.3,10,1,Startup,Tier 2,Ahmedabad,4.9,2505000
EMP00390,Swati Pillai,27,Female,Bachelor's,HR,Employee Relations Specialist,1.2,3,0,SME,Tier 2,Kochi,2.9,356000
EMP00391,Nikhil Das,30,Male,Master's,Legal,In-House Counsel,2.4,3,0,MNC,Tier 3,Raipur,2.4,697000
EMP00392,Manish Das,42,Male,Master's,Operations,Supply Chain Analyst,8.5,5,1,SME,Tier 1,Delhi,3.6,1624000
EMP00393,Ishaan Patel,44,Male,Master's,Legal,Legal Consultant,10.0,2,0,Startup,Tier 1,Pune,4.0,2027000
EMP00394,Gaurav Verma,37,Male,PhD,Healthcare,Hospital Administrator,4.6,2,1,SME,Tier 1,Bangalore,4.1,1880000
EMP00395,Pranav Pillai,38,Male,Bachelor's,Operations,Logistics Coordinator,13.0,2,1,MNC,Tier 2,Jaipur,2.4,1747000
EMP00396,Reyansh Saxena,39,Male,Bachelor's,IT,Data Scientist,10.6,4,2,Enterprise,Tier 2,Nagpur,1.9,1925000
EMP00397,Deepak Banerjee,36,Male,PhD,Sales,Account Executive,13.0,9,2,MNC,Tier 1,Chennai,4.9,3600000
EMP00398,Kritika Sharma,24,Female,Bachelor's,Sales,Key Account Manager,0.7,3,0,Startup,Tier 2,Chandigarh,3.7,372000
EMP00399,Nikhil Iyer,25,Male,Master's,Engineering,Mechanical Engineer,2.8,3,0,Startup,Tier 3,Guwahati,2.0,461000
EMP00400,Anjali Agarwal,36,Female,Bachelor's,Operations,Logistics Coordinator,8.8,4,2,SME,Tier 2,Lucknow,3.8,1263000
EMP00401,Isha Reddy,30,Female,Bachelor's,Sales,Business Development Manager,4.6,3,0,SME,Tier 2,Indore,1.9,516000
EMP00402,Arjun Kapoor,23,Male,Master's,Engineering,Design Engineer,0.3,3,0,MNC,Tier 1,Bangalore,1.6,571000
EMP00403,Nisha Iyer,58,Other,Master's,Operations,Procurement Manager,19.8,2,2,Startup,Tier 2,Lucknow,3.3,2397000
EMP00404,Kritika Bhat,45,Female,Bachelor's,Engineering,Quality Engineer,15.9,4,1,SME,Tier 1,Mumbai,4.7,2731000
EMP00405,Karan Kapoor,34,Other,Master's,Finance,Investment Banker,11.3,5,2,SME,Tier 1,Hyderabad,4.6,2553000
EMP00406,Manish Verma,46,Male,Master's,Engineering,Site Engineer,23.1,11,4,MNC,Tier 2,Indore,4.3,5781000
EMP00407,Karan Malik,24,Male,Master's,Marketing,Growth Hacker,1.1,2,1,MNC,Tier 2,Jaipur,2.2,497000
EMP00408,Ishaan Deshpande,40,Male,Bachelor's,Engineering,Structural Engineer,13.7,2,1,SME,Tier 2,Jaipur,4.0,1788000
EMP00409,Manish Mishra,56,Male,Bachelor's,Engineering,Project Manager,23.6,4,3,MNC,Tier 2,Lucknow,4.6,4352000
EMP00410,Rohan Saxena,32,Male,Master's,Finance,Accountant,2.9,3,1,Startup,Tier 2,Indore,4.3,808000
EMP00411,Sai Banerjee,57,Male,Bachelor's,Healthcare,Physiotherapist,26.5,12,1,Startup,Tier 1,Pune,4.0,6307000
EMP00412,Ishaan Kapoor,50,Male,Bachelor's,Healthcare,Nurse,26.4,5,0,MNC,Tier 1,Hyderabad,3.2,6065000
EMP00413,Aarav Chopra,53,Male,Bachelor's,Operations,Fleet Manager,21.4,9,0,MNC,Tier 1,Chennai,2.5,2977000
EMP00414,Ira Verma,33,Female,Bachelor's,Education,Professor,4.6,2,1,SME,Tier 1,Mumbai,3.0,732000
EMP00415,Ankit Joshi,58,Male,Master's,Healthcare,Dentist,30.7,7,0,Startup,Tier 1,Delhi,4.6,7480000
EMP00416,Bhavna Das,57,Female,Bachelor's,Legal,Paralegal,17.9,6,2,MNC,Tier 2,Indore,2.2,3286000
EMP00417,Rajesh Kapoor,55,Male,PhD,Legal,Legal Consultant,31.7,13,2,SME,Tier 3,Ranchi,3.3,7256000
EMP00418,Harsh Kumar,58,Other,Bachelor's,Legal,Litigation Associate,32.2,11,1,MNC,Tier 3,Bhopal,1.9,4536000
EMP00419,Vihaan Kapoor,35,Male,Master's,Engineering,Design Engineer,3.9,3,0,Startup,Tier 1,Delhi,2.4,917000
EMP00420,Ishaan Pillai,57,Male,Bachelor's,IT,Data Scientist,28.9,7,3,MNC,Tier 2,Jaipur,4.4,6180000
EMP00421,Rohan Agarwal,52,Male,PhD,IT,DevOps Engineer,20.7,12,3,Enterprise,Tier 2,Chandigarh,3.1,7500000
EMP00422,Simran Verma,55,Female,Bachelor's,Education,Dean,24.4,5,4,MNC,Tier 2,Nagpur,2.7,3333000
EMP00423,Pranav Sharma,43,Other,PhD,Sales,Business Development Manager,15.2,8,1,MNC,Tier 3,Mysuru,2.6,2489000
EMP00424,Kritika Verma,39,Female,Bachelor's,Legal,Compliance Manager,10.4,8,1,SME,Tier 1,Mumbai,2.8,2353000
EMP00425,Reyansh Gupta,50,Male,Bachelor's,Legal,In-House Counsel,14.5,7,3,MNC,Tier 2,Nagpur,2.6,3209000
EMP00426,Diya Pillai,30,Female,Bachelor's,IT,Cloud Architect,4.3,2,0,SME,Tier 1,Pune,3.6,1189000
EMP00427,Karan Verma,28,Male,Bachelor's,HR,HR Manager,3.9,3,0,SME,Tier 1,Delhi,3.4,634000
EMP00428,Isha Singh,39,Female,Bachelor's,HR,Recruiter,6.7,6,2,MNC,Tier 1,Delhi,3.4,1306000
EMP00429,Harsh Joshi,58,Male,Bachelor's,Finance,Auditor,28.3,7,4,SME,Tier 1,Hyderabad,4.7,6059000
EMP00430,Amit Verma,27,Male,Bachelor's,Healthcare,Public Health Specialist,4.5,5,1,SME,Tier 3,Guwahati,4.2,671000
EMP00431,Aanya Deshpande,51,Female,Master's,Finance,Credit Analyst,13.2,6,2,MNC,Tier 2,Ahmedabad,2.3,2281000
EMP00432,Suresh Iyer,45,Male,Bachelor's,Education,Education Consultant,15.6,2,0,SME,Tier 1,Hyderabad,4.5,1542000
EMP00433,Rahul Chopra,58,Male,Bachelor's,Finance,Portfolio Manager,32.4,14,0,SME,Tier 2,Nagpur,2.6,3930000
EMP00434,Rajesh Das,37,Male,Master's,Sales,Business Development Manager,14.7,8,0,SME,Tier 3,Raipur,3.0,1798000
EMP00435,Kavya Mehta,56,Other,Master's,Healthcare,Nurse,28.8,13,4,MNC,Tier 1,Chennai,3.1,7500000
EMP00436,Nisha Patel,41,Female,PhD,Finance,Treasury Analyst,7.9,6,1,SME,Tier 2,Jaipur,1.8,1527000
EMP00437,Swati Deshpande,22,Female,Master's,Healthcare,Dentist,0.0,3,1,Startup,Tier 2,Chandigarh,2.5,372000
EMP00438,Isha Joshi,49,Female,Master's,Education,Lecturer,20.1,11,4,SME,Tier 1,Delhi,1.7,2430000
EMP00439,Aadhya Sharma,57,Female,Master's,Education,Lecturer,32.2,15,0,SME,Tier 2,Ahmedabad,3.7,3193000
EMP00440,Riya Banerjee,49,Female,Bachelor's,Healthcare,Dentist,13.7,8,2,MNC,Tier 1,Pune,3.8,3807000
EMP00441,Aditya Bhat,23,Male,Bachelor's,Legal,Contract Specialist,1.0,2,0,Startup,Tier 3,Mysuru,3.1,392000
EMP00442,Tanvi Das,33,Female,Bachelor's,Engineering,Process Engineer,9.7,5,1,SME,Tier 1,Mumbai,3.5,1612000
EMP00443,Priya Saxena,54,Female,Bachelor's,Sales,Channel Partner Manager,20.6,2,4,SME,Tier 1,Chennai,3.2,2643000
EMP00444,Myra Kapoor,55,Female,PhD,HR,Payroll Specialist,23.6,10,4,Startup,Tier 2,Indore,3.8,3785000
EMP00445,Isha Bhat,56,Female,Master's,HR,HRIS Analyst,15.1,7,0,SME,Tier 2,Ahmedabad,3.5,1697000
EMP00446,Rahul Joshi,40,Male,Bachelor's,Operations,Warehouse Manager,15.0,6,0,MNC,Tier 2,Kochi,1.7,1836000
EMP00447,Kritika Chopra,23,Other,Bachelor's,Finance,Investment Banker,0.5,3,1,Startup,Tier 1,Pune,2.4,447000
EMP00448,Tanvi Patel,31,Female,Master's,Education,Research Associate,3.5,4,0,SME,Tier 2,Nagpur,1.6,465000
EMP00449,Ishaan Chopra,31,Other,Master's,Engineering,Design Engineer,3.3,3,0,SME,Tier 2,Chandigarh,1.7,645000
EMP00450,Vihaan Verma,32,Male,Bachelor's,Legal,Patent Attorney,6.3,6,0,SME,Tier 2,Ahmedabad,2.4,1027000
EMP00451,Vikram Sharma,40,Male,PhD,Legal,Contract Specialist,14.1,10,0,Startup,Tier 2,Chandigarh,4.8,3711000
EMP00452,Deepak Iyer,43,Male,Bachelor's,Finance,Auditor,16.7,8,3,MNC,Tier 2,Indore,3.9,3469000
EMP00453,Anjali Mehta,33,Female,Bachelor's,IT,Software Developer,9.7,2,1,Startup,Tier 1,Hyderabad,2.7,1435000
EMP00454,Neha Reddy,24,Female,Bachelor's,Finance,Financial Analyst,1.9,2,0,MNC,Tier 1,Pune,3.6,847000
EMP00455,Manish Bhat,58,Male,Master's,Healthcare,Nurse,29.6,6,2,SME,Tier 3,Guwahati,3.1,4672000
EMP00456,Bhavna Das,42,Other,Bachelor's,Finance,Auditor,17.3,8,3,SME,Tier 1,Pune,2.4,2692000
EMP00457,Mohit Reddy,47,Male,Bachelor's,Legal,Legal Advisor,12.6,8,0,MNC,Tier 1,Hyderabad,4.0,3386000
EMP00458,Aditya Gupta,58,Male,Master's,Legal,Corporate Lawyer,33.8,4,5,MNC,Tier 3,Guwahati,2.9,5652000
EMP00459,Rohan Banerjee,58,Male,Bachelor's,Legal,Litigation Associate,24.7,15,0,MNC,Tier 1,Kolkata,4.4,7473000
EMP00460,Rajesh Thakur,44,Male,Bachelor's,HR,Employee Relations Specialist,9.7,7,0,SME,Tier 3,Ranchi,1.8,659000
EMP00461,Manish Joshi,34,Male,Bachelor's,IT,QA Engineer,9.3,4,2,SME,Tier 1,Kolkata,2.8,2078000
EMP00462,Deepak Malik,34,Male,Bachelor's,Marketing,Marketing Manager,9.8,6,0,SME,Tier 1,Chennai,3.8,1464000
EMP00463,Karan Sharma,24,Male,Bachelor's,Education,Professor,0.8,2,1,Enterprise,Tier 3,Raipur,2.0,287000
EMP00464,Aanya Verma,31,Female,Bachelor's,IT,Cloud Architect,8.4,6,0,SME,Tier 2,Jaipur,2.1,1276000
EMP00465,Ishaan Singh,51,Male,Master's,Operations,Supply Chain Analyst,25.8,3,0,SME,Tier 2,Lucknow,1.7,2825000
EMP00466,Rohan Kapoor,47,Male,Bachelor's,Operations,Operations Analyst,12.5,5,0,MNC,Tier 1,Mumbai,2.5,1861000
EMP00467,Sara Saxena,45,Female,Master's,Legal,Compliance Manager,21.9,2,1,Startup,Tier 3,Raipur,2.8,3170000
EMP00468,Mohit Gupta,22,Male,Bachelor's,Finance,Treasury Analyst,0.0,3,1,MNC,Tier 1,Kolkata,2.4,545000
EMP00469,Ayaan Patel,24,Male,Master's,Legal,Legal Consultant,1.9,3,1,SME,Tier 2,Lucknow,1.9,668000
EMP00470,Vihaan Chopra,45,Male,Master's,Sales,Pre-Sales Consultant,11.7,8,2,MNC,Tier 1,Bangalore,1.9,2234000
EMP00471,Mohit Rao,33,Male,Bachelor's,IT,Software Developer,8.3,4,0,SME,Tier 1,Pune,4.6,1788000
EMP00472,Vihaan Kapoor,25,Male,PhD,Healthcare,Pharmacist,2.4,3,0,Startup,Tier 1,Hyderabad,3.6,779000
EMP00473,Reyansh Kapoor,42,Male,Bachelor's,Finance,Tax Consultant,10.7,3,2,SME,Tier 1,Bangalore,1.8,1385000
EMP00474,Aadhya Das,31,Female,Bachelor's,Operations,Fleet Manager,3.7,3,0,SME,Tier 1,Delhi,4.9,923000
EMP00475,Arjun Verma,58,Male,Bachelor's,Healthcare,Nurse,33.0,9,3,Startup,Tier 1,Delhi,3.6,7194000
EMP00476,Sakshi Chopra,32,Female,Master's,Sales,Sales Engineer,2.7,4,1,Enterprise,Tier 1,Hyderabad,4.4,1111000
EMP00477,Gaurav Das,37,Male,Bachelor's,Engineering,Site Engineer,7.6,6,0,Enterprise,Tier 3,Dehradun,4.9,1377000
EMP00478,Mohit Kapoor,54,Male,Bachelor's,Sales,Regional Sales Head,22.6,14,0,SME,Tier 1,Chennai,4.1,4106000
EMP00479,Meera Reddy,30,Female,Bachelor's,Marketing,SEO Specialist,2.1,4,1,Startup,Tier 2,Kochi,4.1,605000
EMP00480,Karan Malik,30,Male,Master's,Engineering,Electrical Engineer,6.5,4,1,MNC,Tier 1,Kolkata,1.7,1588000
EMP00481,Shreya Pillai,24,Female,Bachelor's,HR,HRIS Analyst,1.1,2,0,MNC,Tier 1,Mumbai,3.3,540000
EMP00482,Kavya Verma,29,Female,Bachelor's,Legal,Legal Consultant,1.7,3,0,MNC,Tier 2,Kochi,4.0,746000
EMP00483,Rohan Nair,56,Male,Bachelor's,Legal,Legal Consultant,31.6,13,1,MNC,Tier 2,Chandigarh,2.7,5405000
EMP00484,Ankit Das,39,Male,Bachelor's,Education,Education Consultant,11.3,6,2,MNC,Tier 2,Kochi,3.9,1494000
EMP00485,Ishaan Malik,45,Male,Master's,Finance,Risk Analyst,21.4,9,0,Startup,Tier 3,Ranchi,4.9,2840000
EMP00486,Sai Iyer,29,Male,Master's,Legal,Paralegal,6.2,6,0,SME,Tier 3,Raipur,4.8,1174000
EMP00487,Vikram Malik,23,Male,Bachelor's,Finance,Financial Analyst,0.9,2,1,SME,Tier 1,Kolkata,4.3,586000
EMP00488,Ankit Saxena,55,Male,Master's,Legal,Litigation Associate,19.4,4,2,Startup,Tier 1,Hyderabad,2.8,3829000
EMP00489,Vivaan Kumar,44,Male,Bachelor's,Healthcare,Public Health Specialist,21.0,13,4,SME,Tier 3,Mysuru,4.0,4357000
EMP00490,Myra Patel,37,Female,Bachelor's,Education,Instructional Designer,6.7,4,1,Startup,Tier 2,Jaipur,3.8,735000
EMP00491,Ishaan Chatterjee,50,Other,Bachelor's,Healthcare,Clinical Research Associate,16.8,2,3,Enterprise,Tier 2,Ahmedabad,4.7,4420000
EMP00492,Gaurav Thakur,54,Male,Bachelor's,HR,Payroll Specialist,30.1,14,4,MNC,Tier 2,Indore,4.7,5147000
EMP00493,Harsh Singh,52,Male,PhD,Healthcare,Clinical Research Associate,14.1,2,3,MNC,Tier 1,Delhi,1.8,4492000
EMP00494,Deepak Reddy,55,Male,Bachelor's,HR,Compensation Analyst,14.9,10,3,MNC,Tier 3,Raipur,2.9,1491000
EMP00495,Suresh Chopra,54,Male,PhD,Education,Lab Instructor,15.8,8,2,SME,Tier 1,Delhi,2.7,2955000
EMP00496,Shreya Gupta,35,Other,Master's,Legal,Contract Specialist,11.1,4,0,MNC,Tier 3,Dehradun,4.1,2424000
EMP00497,Rajesh Chopra,27,Male,Bachelor's,HR,Payroll Specialist,4.9,4,0,Enterprise,Tier 2,Ahmedabad,1.8,671000
EMP00498,Krishna Das,33,Male,Master's,Operations,Logistics Coordinator,4.2,5,1,MNC,Tier 1,Pune,2.6,1090000
EMP00499,Sneha Thakur,51,Female,Bachelor's,IT,DevOps Engineer,16.8,9,0,MNC,Tier 3,Dehradun,2.1,2167000
EMP00500,Sakshi Nair,23,Female,Bachelor's,HR,Payroll Specialist,1.0,2,1,MNC,Tier 2,Nagpur,2.4,375000
EMP00501,Kritika Singh,45,Female,Bachelor's,Operations,Operations Manager,20.9,4,4,Startup,Tier 1,Kolkata,2.0,2595000
EMP00502,Krishna Chatterjee,48,Male,Master's,Education,Professor,14.6,10,0,MNC,Tier 2,Lucknow,4.2,2627000
EMP00503,Sara Thakur,42,Female,Master's,HR,HR Business Partner,15.9,7,0,MNC,Tier 1,Bangalore,1.5,2100000
EMP00504,Rahul Deshpande,53,Male,Bachelor's,Healthcare,Nurse,17.3,10,1,MNC,Tier 2,Kochi,3.6,4211000
EMP00505,Anjali Thakur,57,Female,Master's,Finance,Portfolio Manager,23.9,3,0,MNC,Tier 3,Dehradun,2.7,3316000
EMP00506,Myra Malik,55,Female,Master's,Education,Research Associate,27.3,2,5,MNC,Tier 1,Pune,3.9,4741000
EMP00507,Pooja Kumar,35,Female,Bachelor's,Finance,Portfolio Manager,10.4,8,0,Startup,Tier 2,Nagpur,3.0,1251000
EMP00508,Vivaan Agarwal,54,Male,Master's,Legal,Legal Advisor,30.3,2,0,SME,Tier 1,Mumbai,4.2,6514000
EMP00509,Ira Mishra,34,Female,Bachelor's,Education,Professor,4.7,4,1,SME,Tier 3,Mysuru,4.0,507000
EMP00510,Rajesh Gupta,28,Male,Master's,IT,ML Engineer,1.3,2,1,Startup,Tier 2,Jaipur,4.9,667000
EMP00511,Reyansh Pillai,52,Male,Bachelor's,Operations,Logistics Coordinator,20.5,3,1,MNC,Tier 3,Dehradun,2.2,2029000
EMP00512,Vihaan Deshpande,42,Male,Bachelor's,Finance,Compliance Officer,9.6,4,2,SME,Tier 2,Jaipur,2.6,1316000
EMP00513,Ishaan Malik,41,Male,Master's,Legal,Compliance Manager,13.4,6,3,Startup,Tier 1,Pune,4.3,3405000
EMP00514,Kavya Patel,22,Female,PhD,Legal,Legal Advisor,0.0,2,0,Startup,Tier 1,Chennai,4.9,701000
EMP00515,Sara Gupta,45,Female,PhD,Education,Academic Counselor,17.1,8,0,SME,Tier 1,Hyderabad,2.5,2527000
EMP00516,Swati Mishra,39,Female,Master's,Engineering,Project Manager,11.0,6,1,Enterprise,Tier 2,Lucknow,4.2,2690000
EMP00517,Krishna Rao,53,Male,Bachelor's,Healthcare,Doctor,15.2,2,0,SME,Tier 1,Bangalore,2.8,2920000
EMP00518,Myra Joshi,28,Female,Master's,Sales,Territory Manager,4.8,3,1,MNC,Tier 2,Chandigarh,3.4,969000
EMP00519,Divya Thakur,23,Female,PhD,IT,QA Engineer,0.9,2,1,SME,Tier 3,Dehradun,3.1,618000
EMP00520,Pranav Agarwal,41,Male,Master's,Healthcare,Dentist,11.9,4,2,SME,Tier 2,Kochi,3.9,2776000
EMP00521,Isha Thakur,58,Female,Bachelor's,Sales,Business Development Manager,26.1,8,2,SME,Tier 3,Raipur,3.9,2530000
EMP00522,Pooja Mehta,25,Female,Bachelor's,IT,DevOps Engineer,2.5,3,0,MNC,Tier 2,Ahmedabad,1.8,753000
EMP00523,Rahul Das,44,Male,Bachelor's,Marketing,Brand Manager,12.1,6,2,Startup,Tier 2,Nagpur,2.6,1160000
EMP00524,Aarav Thakur,42,Male,Bachelor's,Engineering,Site Engineer,14.2,8,2,Startup,Tier 2,Jaipur,5.0,2115000
EMP00525,Amit Mehta,58,Male,Bachelor's,Legal,Legal Advisor,29.8,5,2,SME,Tier 3,Guwahati,2.7,3483000
EMP00526,Kavya Das,34,Female,Bachelor's,Finance,Compliance Officer,5.7,4,0,SME,Tier 2,Nagpur,2.3,716000
EMP00527,Aanya Saxena,28,Female,Master's,HR,Recruiter,3.4,4,1,SME,Tier 1,Mumbai,3.8,729000
EMP00528,Ishaan Das,56,Male,Bachelor's,Engineering,Design Engineer,19.8,10,3,MNC,Tier 2,Jaipur,3.7,3582000
EMP00529,Sai Mishra,53,Male,Bachelor's,Legal,Patent Attorney,29.9,10,4,Enterprise,Tier 3,Raipur,4.0,6295000
EMP00530,Reyansh Chatterjee,51,Male,Bachelor's,Healthcare,Hospital Administrator,26.4,8,2,Enterprise,Tier 3,Guwahati,2.2,4458000
EMP00531,Ishaan Bhat,32,Male,Bachelor's,Operations,Procurement Manager,5.8,2,0,Startup,Tier 1,Pune,2.6,801000
EMP00532,Vikram Das,24,Male,Bachelor's,HR,Training Coordinator,0.1,3,0,MNC,Tier 1,Kolkata,3.2,388000
EMP00533,Aditya Mehta,41,Male,Master's,Engineering,Project Manager,14.9,3,3,Enterprise,Tier 2,Lucknow,2.3,2801000
EMP00534,Anjali Singh,55,Female,Master's,Operations,Operations Analyst,18.4,3,1,MNC,Tier 2,Chandigarh,2.7,2527000
EMP00535,Riya Kapoor,37,Female,PhD,Marketing,Content Writer,5.6,3,1,SME,Tier 1,Chennai,1.7,1089000
EMP00536,Harsh Singh,42,Male,Bachelor's,Legal,Compliance Manager,19.6,4,2,SME,Tier 1,Delhi,1.6,3501000
EMP00537,Meera Verma,25,Other,Master's,Marketing,Digital Marketing Analyst,1.7,3,1,Enterprise,Tier 2,Kochi,4.5,764000
EMP00538,Riya Sharma,47,Female,PhD,HR,HR Business Partner,10.9,8,0,SME,Tier 3,Patna,4.7,1496000
EMP00539,Bhavna Bhat,48,Female,Master's,HR,Recruiter,23.2,9,3,MNC,Tier 3,Ranchi,4.0,3555000
EMP00540,Diya Patel,38,Female,Bachelor's,Education,Lab Instructor,12.0,7,1,MNC,Tier 2,Indore,3.7,1432000
EMP00541,Sakshi Kumar,22,Female,Bachelor's,HR,Talent Acquisition Lead,0.0,2,0,SME,Tier 2,Nagpur,4.4,348000
EMP00542,Tanvi Agarwal,48,Female,Master's,Education,Teaching Assistant,17.7,4,2,Startup,Tier 2,Chandigarh,4.3,1817000
EMP00543,Vikram Chatterjee,33,Male,Bachelor's,Engineering,Site Engineer,5.2,2,0,Enterprise,Tier 3,Patna,2.4,816000
EMP00544,Aadhya Banerjee,49,Female,Master's,Healthcare,Nurse,26.3,4,4,Startup,Tier 2,Ahmedabad,4.2,6584000
EMP00545,Isha Rao,29,Female,Bachelor's,Marketing,Brand Manager,6.7,4,1,MNC,Tier 1,Hyderabad,4.5,1140000
EMP00546,Pooja Kapoor,34,Female,Bachelor's,Engineering,Electrical Engineer,4.2,4,0,MNC,Tier 3,Ranchi,3.5,688000
EMP00547,Aanya Sharma,52,Female,Bachelor's,Education,Lab Instructor,24.7,13,3,MNC,Tier 2,Chandigarh,1.8,3039000
EMP00548,Aadhya Mehta,37,Female,Bachelor's,Education,Instructional Designer,14.4,2,0,SME,Tier 2,Chandigarh,4.9,1446000
EMP00549,Myra Thakur,24,Female,Master's,HR,Training Coordinator,1.0,3,1,Startup,Tier 1,Chennai,3.0,497000
EMP00550,Rohan Verma,30,Male,Bachelor's,HR,Talent Acquisition Lead,7.6,4,1,MNC,Tier 2,Chandigarh,3.3,1004000
EMP00551,Sai Mehta,53,Male,Master's,Healthcare,Clinical Research Associate,28.3,12,5,MNC,Tier 1,Bangalore,1.7,7500000
EMP00552,Mohit Iyer,32,Male,Master's,Engineering,Civil Engineer,10.0,5,0,SME,Tier 3,Raipur,3.2,1238000
EMP00553,Gaurav Kumar,29,Male,Bachelor's,Marketing,Digital Marketing Analyst,2.5,2,1,MNC,Tier 2,Lucknow,3.5,702000
EMP00554,Neha Deshpande,58,Other,Bachelor's,Finance,Risk Analyst,31.4,12,0,Enterprise,Tier 1,Kolkata,4.9,7500000
EMP00555,Rahul Mishra,28,Male,Master's,Healthcare,Doctor,0.5,3,1,MNC,Tier 1,Kolkata,1.5,587000
EMP00556,Anjali Chopra,50,Other,Bachelor's,Operations,Logistics Coordinator,15.4,2,2,SME,Tier 1,Mumbai,3.4,2030000
EMP00557,Aanya Banerjee,38,Female,Bachelor's,Engineering,Civil Engineer,6.2,3,0,SME,Tier 1,Kolkata,4.1,1131000
EMP00558,Diya Joshi,53,Female,Master's,HR,HRIS Analyst,14.9,3,2,MNC,Tier 2,Ahmedabad,3.2,2126000
EMP00559,Meera Gupta,49,Female,Master's,Operations,Logistics Coordinator,17.7,8,0,Startup,Tier 1,Hyderabad,3.9,2866000
EMP00560,Kritika Kumar,53,Female,Bachelor's,Sales,Account Executive,18.6,8,0,Enterprise,Tier 2,Lucknow,4.9,3390000
EMP00561,Pooja Nair,55,Female,Bachelor's,Operations,Operations Manager,24.7,2,4,Startup,Tier 1,Mumbai,3.1,3226000
EMP00562,Neha Chatterjee,38,Female,Master's,Sales,Sales Manager,6.3,5,0,MNC,Tier 3,Bhopal,1.8,998000
EMP00563,Pooja Mehta,51,Female,Master's,Legal,Legal Consultant,25.6,7,1,SME,Tier 1,Chennai,2.4,6539000
EMP00564,Meera Thakur,23,Female,Bachelor's,Finance,Financial Analyst,0.2,3,1,MNC,Tier 3,Guwahati,3.6,399000
EMP00565,Suresh Chopra,45,Male,Master's,Engineering,Structural Engineer,9.8,3,0,Startup,Tier 3,Guwahati,4.9,1363000
EMP00566,Ira Rao,31,Female,Master's,Engineering,Process Engineer,2.9,3,1,Startup,Tier 1,Mumbai,2.1,712000
EMP00567,Harsh Malik,53,Male,Bachelor's,Legal,Legal Consultant,17.7,6,3,Startup,Tier 1,Kolkata,4.5,3255000
EMP00568,Vikram Rao,57,Male,PhD,IT,Cloud Architect,22.7,10,4,MNC,Tier 3,Mysuru,4.5,5967000
EMP00569,Vivaan Pillai,23,Male,Bachelor's,Education,Dean,0.1,3,1,Startup,Tier 2,Indore,2.7,205000
EMP00570,Ananya Patel,40,Female,Master's,Legal,Legal Analyst,11.3,6,0,MNC,Tier 2,Kochi,4.5,3051000
EMP00571,Nisha Kumar,40,Female,Master's,Engineering,Design Engineer,16.0,7,3,MNC,Tier 3,Raipur,2.2,2314000
EMP00572,Aanya Agarwal,52,Female,Bachelor's,Marketing,Content Writer,23.3,3,3,Enterprise,Tier 2,Lucknow,2.2,3710000
EMP00573,Aarav Chatterjee,38,Male,Bachelor's,Healthcare,Pharmacist,14.3,10,0,MNC,Tier 1,Mumbai,3.7,3966000
EMP00574,Ayaan Rao,38,Male,PhD,Education,Professor,13.5,6,1,Enterprise,Tier 3,Raipur,3.8,2057000
EMP00575,Nisha Malik,29,Female,PhD,Operations,Facility Manager,5.6,2,0,MNC,Tier 1,Mumbai,4.5,1853000
EMP00576,Sara Kapoor,40,Female,Master's,Sales,Territory Manager,14.8,3,1,MNC,Tier 1,Bangalore,1.9,2198000
EMP00577,Vikram Deshpande,22,Male,Bachelor's,Legal,Legal Analyst,0.0,2,0,SME,Tier 2,Ahmedabad,2.8,411000
EMP00578,Myra Deshpande,55,Female,Bachelor's,Marketing,Content Writer,29.3,8,3,Enterprise,Tier 3,Raipur,4.3,4141000
EMP00579,Aarav Malik,31,Male,Master's,Sales,Account Executive,2.1,3,1,Enterprise,Tier 1,Mumbai,2.9,782000
EMP00580,Deepak Kumar,58,Male,Bachelor's,Sales,Key Account Manager,24.4,12,4,Enterprise,Tier 2,Chandigarh,4.7,5913000
EMP00581,Krishna Pillai,31,Male,Master's,Legal,Compliance Manager,8.2,6,2,MNC,Tier 2,Nagpur,4.2,2534000
EMP00582,Reyansh Joshi,27,Male,Bachelor's,Education,Lab Instructor,3.8,4,0,MNC,Tier 2,Lucknow,1.8,521000
EMP00583,Anjali Mehta,32,Female,Bachelor's,Sales,Channel Partner Manager,4.8,4,1,Enterprise,Tier 1,Mumbai,4.4,1329000
EMP00584,Nikhil Chatterjee,29,Male,Bachelor's,Finance,Credit Analyst,3.1,4,0,SME,Tier 3,Mysuru,4.1,681000
EMP00585,Kritika Bhat,56,Female,Master's,Marketing,Social Media Manager,20.0,12,4,MNC,Tier 2,Kochi,4.1,4258000
EMP00586,Nikhil Mishra,34,Male,Master's,Education,Teaching Assistant,3.9,4,1,MNC,Tier 1,Mumbai,3.0,930000
EMP00587,Reyansh Malik,26,Male,Bachelor's,Sales,Regional Sales Head,2.4,4,1,Enterprise,Tier 2,Indore,3.0,638000
EMP00588,Mohit Kapoor,48,Male,Master's,Healthcare,Clinical Research Associate,12.0,9,0,Enterprise,Tier 2,Kochi,1.9,2706000
EMP00589,Mohit Verma,32,Male,PhD,Education,Lecturer,6.8,5,0,Startup,Tier 2,Jaipur,3.3,1011000
EMP00590,Ishaan Chatterjee,41,Male,Bachelor's,IT,DevOps Engineer,9.1,6,1,Startup,Tier 3,Ranchi,2.3,933000
EMP00591,Sneha Sharma,29,Female,Bachelor's,Finance,Financial Analyst,3.8,4,1,MNC,Tier 3,Mysuru,2.8,703000
EMP00592,Tanvi Kumar,30,Female,Bachelor's,Legal,Litigation Associate,6.0,3,1,Startup,Tier 2,Kochi,2.9,968000
EMP00593,Amit Mehta,56,Male,Bachelor's,Legal,Patent Attorney,27.3,15,1,MNC,Tier 2,Nagpur,4.2,7145000
EMP00594,Deepak Singh,57,Male,Bachelor's,Operations,Operations Analyst,26.7,2,4,MNC,Tier 2,Kochi,4.6,4330000
EMP00595,Pranav Patel,23,Male,Bachelor's,Marketing,Brand Manager,0.8,3,0,MNC,Tier 2,Ahmedabad,3.6,524000
EMP00596,Aarav Mehta,49,Male,Bachelor's,IT,ML Engineer,16.4,6,0,Startup,Tier 1,Bangalore,2.5,2420000
EMP00597,Manish Gupta,31,Male,Bachelor's,Engineering,Electrical Engineer,2.9,3,0,Startup,Tier 1,Hyderabad,1.8,565000
EMP00598,Rohan Iyer,46,Male,PhD,Finance,Financial Analyst,12.0,5,1,MNC,Tier 2,Jaipur,2.4,2498000
EMP00599,Pranav Das,26,Male,Bachelor's,Engineering,Chemical Engineer,3.7,2,1,MNC,Tier 2,Jaipur,2.4,751000
EMP00600,Myra Joshi,58,Female,Bachelor's,Finance,Compliance Officer,20.1,4,2,MNC,Tier 1,Bangalore,3.4,4270000
EMP00601,Pranav Malik,24,Male,Bachelor's,Legal,Legal Consultant,0.6,2,0,Startup,Tier 3,Ranchi,3.6,388000
EMP00602,Riya Chatterjee,35,Female,Master's,Sales,Key Account Manager,3.9,4,0,SME,Tier 1,Mumbai,4.4,924000
EMP00603,Neha Das,35,Female,Master's,Education,Education Consultant,9.5,7,1,SME,Tier 2,Chandigarh,2.7,1193000
EMP00604,Suresh Mehta,23,Male,PhD,Healthcare,Doctor,0.6,2,0,MNC,Tier 1,Kolkata,4.0,965000
EMP00605,Divya Gupta,26,Female,Bachelor's,Legal,Legal Advisor,1.4,3,1,SME,Tier 3,Mysuru,3.9,533000
EMP00606,Karan Chatterjee,34,Male,Bachelor's,Marketing,Marketing Manager,10.1,7,2,SME,Tier 1,Chennai,3.7,1823000
EMP00607,Priya Nair,53,Female,PhD,IT,Backend Developer,21.6,13,4,SME,Tier 1,Pune,3.7,6905000
EMP00608,Krishna Mishra,54,Male,Bachelor's,Sales,Sales Engineer,25.9,11,4,MNC,Tier 1,Bangalore,4.1,5275000
EMP00609,Rajesh Nair,55,Male,Master's,HR,Compensation Analyst,30.0,2,5,MNC,Tier 2,Indore,3.5,3784000
EMP00610,Vikram Bhat,25,Male,Master's,Education,Lab Instructor,2.5,3,1,Startup,Tier 2,Ahmedabad,2.8,505000
EMP00611,Simran Nair,25,Female,Bachelor's,Engineering,Process Engineer,1.3,2,1,Startup,Tier 1,Chennai,4.3,617000
EMP00612,Karan Saxena,49,Other,PhD,Marketing,Brand Manager,13.2,6,0,MNC,Tier 1,Hyderabad,3.0,3058000
EMP00613,Deepak Mehta,38,Male,Bachelor's,Legal,Compliance Manager,15.6,2,2,MNC,Tier 1,Mumbai,4.2,4255000
EMP00614,Bhavna Singh,50,Female,Master's,Finance,Financial Analyst,26.6,8,2,Enterprise,Tier 2,Nagpur,1.9,4847000
EMP00615,Nisha Verma,41,Female,Master's,Engineering,Civil Engineer,7.8,2,2,Startup,Tier 3,Dehradun,1.8,981000
EMP00616,Priya Chopra,22,Female,Bachelor's,Legal,Contract Specialist,0.0,2,1,MNC,Tier 2,Jaipur,3.1,522000
EMP00617,Reyansh Singh,28,Male,Bachelor's,Finance,Treasury Analyst,4.9,3,0,MNC,Tier 1,Hyderabad,3.2,1206000
EMP00618,Sara Nair,30,Female,Master's,IT,DevOps Engineer,3.2,3,1,SME,Tier 3,Mysuru,2.0,703000
EMP00619,Suresh Mehta,40,Male,Bachelor's,IT,ML Engineer,13.5,4,0,SME,Tier 3,Raipur,4.5,1889000
EMP00620,Reyansh Reddy,34,Male,Master's,Education,Academic Counselor,9.0,7,2,Enterprise,Tier 2,Chandigarh,4.5,1730000
EMP00621,Shreya Chopra,41,Female,Bachelor's,Healthcare,Nurse,12.7,2,1,SME,Tier 1,Bangalore,3.9,2479000
EMP00622,Reyansh Nair,52,Male,Master's,Education,Lab Instructor,15.7,4,0,SME,Tier 1,Mumbai,3.4,2158000
EMP00623,Karan Reddy,45,Male,Bachelor's,IT,Frontend Developer,12.2,4,0,Enterprise,Tier 2,Chandigarh,4.5,3140000
EMP00624,Reyansh Sharma,33,Male,Master's,Finance,Financial Analyst,9.6,3,1,MNC,Tier 3,Ranchi,4.8,1989000
EMP00625,Ayaan Chatterjee,45,Male,Master's,Sales,Channel Partner Manager,21.3,13,0,Startup,Tier 3,Patna,4.3,3039000
EMP00626,Amit Saxena,45,Male,Bachelor's,Engineering,Chemical Engineer,21.9,11,4,Startup,Tier 2,Nagpur,2.0,2473000
EMP00627,Deepak Iyer,30,Male,Master's,Operations,Fleet Manager,2.5,2,1,MNC,Tier 2,Lucknow,3.3,697000
EMP00628,Sakshi Deshpande,54,Female,Bachelor's,Sales,Territory Manager,17.2,7,3,MNC,Tier 2,Chandigarh,3.5,2784000
EMP00629,Swati Bhat,24,Female,Bachelor's,Marketing,PR Specialist,1.7,3,0,SME,Tier 3,Raipur,2.1,325000
EMP00630,Neha Thakur,27,Female,Bachelor's,Finance,Auditor,2.5,3,0,MNC,Tier 2,Kochi,2.7,755000
EMP00631,Vikram Das,45,Male,Master's,Education,Curriculum Designer,14.0,4,3,SME,Tier 2,Chandigarh,4.7,1632000
EMP00632,Nikhil Pillai,56,Male,Master's,HR,Compensation Analyst,16.0,3,2,Startup,Tier 1,Bangalore,3.9,2500000
EMP00633,Gaurav Deshpande,39,Male,Bachelor's,Operations,Logistics Coordinator,17.0,10,2,Startup,Tier 1,Pune,2.7,2122000
EMP00634,Ananya Mishra,22,Other,Bachelor's,Sales,Business Development Manager,0.0,2,0,MNC,Tier 1,Bangalore,3.3,415000
EMP00635,Bhavna Malik,51,Female,Bachelor's,Finance,Tax Consultant,26.5,8,3,SME,Tier 1,Chennai,1.6,3688000
EMP00636,Arjun Joshi,22,Male,Bachelor's,Education,Education Consultant,0.0,3,1,MNC,Tier 2,Chandigarh,2.6,271000
EMP00637,Vivaan Kumar,31,Male,PhD,Education,Instructional Designer,6.2,6,1,Enterprise,Tier 1,Hyderabad,1.7,1490000
EMP00638,Mohit Singh,43,Male,Master's,Legal,Patent Attorney,8.8,2,2,MNC,Tier 1,Kolkata,3.6,2833000
EMP00639,Reyansh Gupta,46,Male,Bachelor's,Marketing,Digital Marketing Analyst,19.2,3,3,Startup,Tier 2,Lucknow,2.6,1689000
EMP00640,Riya Patel,29,Female,Bachelor's,Engineering,Quality Engineer,5.6,5,0,Startup,Tier 1,Hyderabad,4.4,937000
EMP00641,Sara Chopra,58,Female,PhD,Operations,Procurement Manager,25.6,12,3,SME,Tier 1,Bangalore,3.1,5616000
EMP00642,Tanvi Nair,55,Female,Bachelor's,Operations,Fleet Manager,23.0,11,0,MNC,Tier 1,Hyderabad,2.7,4356000
EMP00643,Pooja Banerjee,33,Female,Bachelor's,Healthcare,Public Health Specialist,9.0,5,1,Enterprise,Tier 1,Chennai,1.8,2078000
EMP00644,Aadhya Nair,32,Female,Bachelor's,Sales,Key Account Manager,7.7,2,2,MNC,Tier 3,Dehradun,2.9,823000
EMP00645,Diya Chatterjee,26,Female,Master's,Sales,Inside Sales Representative,1.6,2,1,SME,Tier 1,Mumbai,1.8,534000
EMP00646,Simran Malik,46,Female,Bachelor's,Engineering,Chemical Engineer,15.6,2,2,Startup,Tier 3,Ranchi,3.8,1444000
EMP00647,Karan Gupta,27,Male,Bachelor's,Marketing,PR Specialist,1.1,3,0,Startup,Tier 1,Mumbai,2.1,307000
EMP00648,Gaurav Banerjee,32,Male,Bachelor's,IT,Backend Developer,4.1,4,0,SME,Tier 1,Kolkata,3.4,1052000
EMP00649,Vivaan Bhat,55,Male,Master's,Finance,Portfolio Manager,27.0,9,0,MNC,Tier 1,Hyderabad,4.2,6950000
EMP00650,Kavya Nair,34,Female,Bachelor's,Engineering,Mechanical Engineer,11.9,4,0,MNC,Tier 1,Mumbai,4.3,2513000
EMP00651,Sara Kapoor,32,Female,Bachelor's,Sales,Account Executive,8.7,4,2,MNC,Tier 2,Kochi,2.9,1519000
EMP00652,Ayaan Reddy,28,Male,Bachelor's,Healthcare,Doctor,3.0,3,0,SME,Tier 2,Jaipur,3.8,761000
EMP00653,Suresh Chatterjee,24,Male,Bachelor's,Marketing,Market Research Analyst,0.6,3,0,MNC,Tier 2,Nagpur,3.5,451000
EMP00654,Vihaan Chopra,42,Male,PhD,Engineering,Electrical Engineer,11.3,7,2,SME,Tier 3,Dehradun,1.7,1421000
EMP00655,Rajesh Malik,46,Male,Bachelor's,Marketing,Growth Hacker,18.2,2,1,Startup,Tier 2,Jaipur,2.6,2007000
EMP00656,Bhavna Nair,27,Female,Bachelor's,Education,Teaching Assistant,1.8,2,1,SME,Tier 1,Kolkata,3.6,484000
EMP00657,Simran Mehta,30,Female,Bachelor's,IT,ML Engineer,6.8,5,2,MNC,Tier 2,Lucknow,4.5,1699000
EMP00658,Ayaan Reddy,56,Male,Bachelor's,Marketing,Brand Manager,26.6,8,4,SME,Tier 1,Mumbai,1.7,3416000
EMP00659,Reyansh Verma,31,Male,PhD,Healthcare,Nurse,2.8,4,0,SME,Tier 1,Kolkata,3.1,1132000
EMP00660,Reyansh Nair,49,Male,Bachelor's,Marketing,Digital Marketing Analyst,15.9,9,1,SME,Tier 2,Jaipur,4.8,2151000
EMP00661,Amit Patel,52,Male,Bachelor's,Sales,Channel Partner Manager,25.5,14,1,MNC,Tier 2,Jaipur,4.2,4507000
EMP00662,Aditya Deshpande,41,Male,Master's,Healthcare,Clinical Research Associate,15.6,6,3,SME,Tier 2,Ahmedabad,3.5,3378000
EMP00663,Rohan Kumar,52,Male,Bachelor's,Marketing,Marketing Manager,13.2,7,1,SME,Tier 1,Hyderabad,4.9,2147000
EMP00664,Mohit Joshi,26,Male,Bachelor's,IT,Data Scientist,1.5,2,0,MNC,Tier 3,Mysuru,4.7,610000
EMP00665,Anjali Saxena,53,Female,Master's,Education,Professor,24.5,8,1,SME,Tier 1,Pune,2.8,3200000
EMP00666,Ananya Saxena,31,Female,Bachelor's,Legal,Paralegal,4.2,3,0,Startup,Tier 1,Kolkata,4.7,1118000
EMP00667,Rajesh Gupta,55,Male,PhD,Engineering,Electrical Engineer,29.7,6,5,SME,Tier 3,Guwahati,4.6,4967000
EMP00668,Simran Das,27,Female,Bachelor's,Operations,Process Improvement Analyst,4.2,4,0,Enterprise,Tier 1,Delhi,1.5,960000
EMP00669,Mohit Sharma,28,Male,Bachelor's,Engineering,Process Engineer,3.1,3,1,Startup,Tier 1,Kolkata,2.0,491000
EMP00670,Nikhil Singh,50,Male,Master's,Marketing,Content Writer,14.4,4,1,SME,Tier 3,Dehradun,3.0,1650000
EMP00671,Diya Bhat,32,Female,Bachelor's,Finance,Portfolio Manager,3.9,2,1,Startup,Tier 1,Hyderabad,3.9,930000
EMP00672,Vivaan Iyer,22,Male,Master's,IT,Data Scientist,0.0,2,1,MNC,Tier 3,Mysuru,2.4,387000
EMP00673,Manish Mehta,49,Male,Bachelor's,Education,Education Consultant,24.2,7,3,SME,Tier 1,Delhi,4.6,3312000
EMP00674,Ananya Malik,47,Female,Master's,Healthcare,Doctor,18.8,10,2,Enterprise,Tier 2,Lucknow,2.8,5331000
EMP00675,Isha Rao,54,Female,Bachelor's,Marketing,Marketing Manager,31.8,15,2,Startup,Tier 1,Mumbai,4.9,4070000
EMP00676,Isha Malik,36,Female,Master's,Engineering,Site Engineer,11.9,4,1,Enterprise,Tier 3,Dehradun,5.0,2115000
EMP00677,Diya Kapoor,46,Female,Bachelor's,Marketing,Content Writer,22.2,11,4,Startup,Tier 2,Jaipur,2.6,2266000
EMP00678,Divya Malik,32,Female,Master's,Finance,Credit Analyst,7.3,3,0,SME,Tier 2,Indore,3.9,1548000
EMP00679,Harsh Sharma,32,Male,PhD,Education,Lab Instructor,8.1,3,2,SME,Tier 2,Indore,1.9,1152000
EMP00680,Pranav Bhat,53,Male,Bachelor's,Education,Academic Counselor,29.8,14,4,Startup,Tier 1,Kolkata,4.1,3973000
EMP00681,Sakshi Bhat,57,Female,PhD,Engineering,Chemical Engineer,19.1,3,2,Startup,Tier 1,Kolkata,3.6,4131000
EMP00682,Vihaan Mishra,45,Male,Bachelor's,Education,Lab Instructor,17.3,2,2,Startup,Tier 2,Nagpur,2.9,1269000
EMP00683,Manish Chatterjee,30,Male,Bachelor's,Operations,Facility Manager,3.3,3,0,MNC,Tier 2,Lucknow,4.4,733000
EMP00684,Ayaan Rao,51,Male,Bachelor's,HR,Training Coordinator,24.8,15,0,MNC,Tier 1,Kolkata,1.9,3758000
EMP00685,Sakshi Mishra,52,Other,Master's,Marketing,PR Specialist,17.2,8,0,Enterprise,Tier 1,Pune,4.0,3613000
EMP00686,Priya Saxena,25,Female,PhD,Healthcare,Dentist,2.2,3,0,Enterprise,Tier 2,Chandigarh,3.0,1124000
EMP00687,Rahul Deshpande,47,Male,Bachelor's,Sales,Key Account Manager,14.6,5,3,Startup,Tier 1,Pune,3.5,2019000
EMP00688,Kritika Joshi,51,Female,Master's,Operations,Logistics Coordinator,19.2,9,2,Enterprise,Tier 1,Pune,4.1,4677000
EMP00689,Ananya Chatterjee,58,Female,Bachelor's,Healthcare,Radiologist,35.0,8,5,MNC,Tier 3,Bhopal,2.7,5914000
EMP00690,Vivaan Singh,54,Male,Master's,Operations,Inventory Analyst,31.4,12,5,SME,Tier 1,Bangalore,2.9,5502000
EMP00691,Suresh Patel,46,Male,Master's,Finance,Credit Analyst,22.0,12,3,SME,Tier 2,Chandigarh,1.5,3432000
EMP00692,Vihaan Rao,54,Male,Bachelor's,Operations,Facility Manager,31.8,9,2,MNC,Tier 1,Chennai,2.1,4882000
EMP00693,Deepak Saxena,49,Male,Bachelor's,Healthcare,Nurse,16.5,10,1,SME,Tier 2,Ahmedabad,3.4,2833000
EMP00694,Nikhil Rao,26,Male,Bachelor's,Operations,Operations Analyst,2.9,4,0,MNC,Tier 1,Kolkata,4.6,941000
EMP00695,Suresh Saxena,33,Male,Bachelor's,Legal,Legal Analyst,4.4,3,0,MNC,Tier 1,Delhi,4.5,1585000
EMP00696,Vihaan Pillai,41,Male,Bachelor's,Sales,Business Development Manager,12.4,2,0,SME,Tier 3,Raipur,4.7,1253000
EMP00697,Pranav Malik,30,Male,Master's,Education,Dean,7.4,4,2,MNC,Tier 1,Mumbai,3.8,1509000
EMP00698,Vivaan Reddy,31,Male,Bachelor's,Marketing,Content Writer,6.4,3,1,SME,Tier 2,Ahmedabad,1.8,653000
EMP00699,Amit Bhat,32,Male,Bachelor's,Finance,Auditor,7.7,3,2,SME,Tier 2,Chandigarh,5.0,1463000
EMP00700,Ira Saxena,45,Female,Master's,Sales,Channel Partner Manager,10.9,8,0,SME,Tier 2,Ahmedabad,1.6,1369000
EMP00701,Aanya Iyer,29,Female,Bachelor's,Sales,Regional Sales Head,1.9,2,1,Enterprise,Tier 2,Lucknow,4.5,649000
EMP00702,Aarav Singh,46,Male,PhD,Marketing,Market Research Analyst,23.3,14,0,Startup,Tier 2,Chandigarh,3.6,4265000
EMP00703,Diya Pillai,44,Female,Master's,HR,HR Generalist,11.8,2,0,Startup,Tier 3,Dehradun,2.1,834000
EMP00704,Isha Thakur,57,Female,Master's,Engineering,Quality Engineer,26.6,6,0,MNC,Tier 2,Indore,1.9,3687000
EMP00705,Gaurav Iyer,25,Male,PhD,Education,Academic Counselor,2.0,3,1,Startup,Tier 3,Mysuru,3.1,364000
EMP00706,Vikram Pillai,36,Male,Bachelor's,Finance,Auditor,8.7,4,0,MNC,Tier 1,Bangalore,4.8,2147000
EMP00707,Vivaan Gupta,40,Male,Master's,Legal,Corporate Lawyer,17.5,8,1,SME,Tier 2,Indore,4.6,3789000
EMP00708,Riya Sharma,34,Female,PhD,IT,QA Engineer,9.3,7,1,SME,Tier 2,Nagpur,5.0,3043000
EMP00709,Isha Chopra,24,Female,Master's,Healthcare,Clinical Research Associate,1.8,2,0,SME,Tier 1,Delhi,4.8,711000
EMP00710,Amit Patel,45,Male,PhD,Education,Academic Counselor,20.6,3,2,SME,Tier 1,Bangalore,1.5,3237000
EMP00711,Riya Reddy,41,Female,PhD,Sales,Sales Manager,18.2,11,3,Startup,Tier 1,Hyderabad,2.6,3764000
EMP00712,Aarav Chatterjee,33,Male,Bachelor's,IT,Data Scientist,6.7,3,0,MNC,Tier 3,Dehradun,1.9,962000
EMP00713,Arjun Deshpande,38,Male,Bachelor's,Engineering,Project Manager,9.0,5,0,MNC,Tier 1,Hyderabad,3.8,1765000
EMP00714,Arjun Chatterjee,49,Male,Bachelor's,Marketing,SEO Specialist,14.4,2,1,SME,Tier 2,Jaipur,2.1,1450000
EMP00715,Mohit Agarwal,39,Male,Bachelor's,Legal,In-House Counsel,11.7,7,2,Startup,Tier 2,Nagpur,4.6,2144000
EMP00716,Gaurav Banerjee,30,Male,Bachelor's,Finance,Financial Analyst,2.8,3,0,MNC,Tier 1,Kolkata,4.4,1104000
EMP00717,Suresh Kapoor,22,Male,Bachelor's,HR,HR Business Partner,0.0,3,0,MNC,Tier 2,Lucknow,2.4,336000
EMP00718,Neha Saxena,37,Female,Master's,Engineering,Chemical Engineer,9.5,2,2,MNC,Tier 2,Lucknow,5.0,2184000
EMP00719,Sakshi Kumar,36,Female,Bachelor's,Engineering,Mechanical Engineer,7.5,3,0,SME,Tier 2,Jaipur,4.5,1116000
EMP00720,Nikhil Joshi,36,Male,Bachelor's,Engineering,Quality Engineer,5.6,5,0,SME,Tier 1,Delhi,4.8,1202000
EMP00721,Priya Mehta,25,Female,Bachelor's,IT,Software Developer,2.0,3,0,SME,Tier 1,Chennai,1.9,687000
EMP00722,Mohit Chatterjee,43,Male,Bachelor's,Finance,Financial Analyst,17.0,4,2,SME,Tier 3,Guwahati,4.2,1778000
EMP00723,Rahul Nair,39,Male,Bachelor's,Engineering,Civil Engineer,15.8,4,0,Startup,Tier 3,Guwahati,4.4,1365000
EMP00724,Karan Singh,26,Male,PhD,Operations,Process Improvement Analyst,1.2,3,0,MNC,Tier 1,Bangalore,2.2,838000
EMP00725,Neha Deshpande,57,Female,PhD,Education,Teaching Assistant,27.4,3,3,Startup,Tier 1,Chennai,4.3,4453000
EMP00726,Krishna Saxena,30,Male,Bachelor's,Operations,Operations Manager,6.8,3,2,MNC,Tier 2,Kochi,4.5,1194000
EMP00727,Rohan Malik,54,Other,Bachelor's,Engineering,Design Engineer,24.9,5,1,Startup,Tier 2,Kochi,3.9,3064000
EMP00728,Anjali Malik,54,Female,Master's,Sales,Key Account Manager,18.8,5,2,MNC,Tier 2,Lucknow,2.3,3225000
EMP00729,Ishaan Verma,31,Male,PhD,HR,Training Coordinator,3.5,2,0,Enterprise,Tier 1,Mumbai,1.5,972000
EMP00730,Suresh Chatterjee,42,Male,Bachelor's,Sales,Key Account Manager,16.7,8,2,SME,Tier 1,Pune,1.5,2048000
EMP00731,Gaurav Iyer,33,Male,Bachelor's,IT,ML Engineer,8.4,6,0,MNC,Tier 2,Indore,2.4,1590000
EMP00732,Tanvi Thakur,35,Female,Master's,Marketing,Social Media Manager,6.1,6,1,Startup,Tier 1,Kolkata,3.0,983000
EMP00733,Mohit Gupta,53,Male,Bachelor's,Healthcare,Pharmacist,16.8,9,1,MNC,Tier 1,Bangalore,4.6,5202000
EMP00734,Isha Chopra,34,Female,Bachelor's,Finance,Portfolio Manager,6.0,5,0,MNC,Tier 1,Pune,4.3,1324000
EMP00735,Riya Banerjee,23,Female,Bachelor's,IT,Software Developer,0.1,2,1,Startup,Tier 2,Jaipur,4.3,477000
EMP00736,Vihaan Thakur,43,Male,Master's,Finance,Risk Analyst,9.4,6,1,MNC,Tier 1,Hyderabad,2.0,2211000
EMP00737,Harsh Iyer,56,Male,Bachelor's,IT,Data Scientist,25.3,3,4,Enterprise,Tier 1,Mumbai,4.7,7500000
EMP00738,Vikram Banerjee,31,Male,Bachelor's,HR,Compensation Analyst,8.5,7,1,MNC,Tier 2,Jaipur,3.2,1272000
EMP00739,Karan Singh,40,Other,Bachelor's,Operations,Process Improvement Analyst,8.3,2,0,MNC,Tier 1,Chennai,2.7,1503000
EMP00740,Vikram Kumar,41,Male,Master's,HR,Talent Acquisition Lead,17.4,6,3,MNC,Tier 3,Mysuru,4.7,2694000
EMP00741,Ananya Kumar,31,Female,Bachelor's,Engineering,Quality Engineer,7.2,5,0,Startup,Tier 1,Kolkata,2.5,878000
EMP00742,Arjun Patel,46,Male,Bachelor's,Legal,Contract Specialist,16.7,8,2,Startup,Tier 3,Patna,2.8,1880000
EMP00743,Pranav Thakur,53,Male,Bachelor's,Marketing,Market Research Analyst,15.0,8,1,MNC,Tier 1,Mumbai,2.2,2210000
EMP00744,Kavya Thakur,52,Female,PhD,Finance,Financial Analyst,28.4,7,1,SME,Tier 1,Pune,3.4,6728000
EMP00745,Meera Nair,35,Female,Master's,IT,DevOps Engineer,4.6,3,1,MNC,Tier 2,Ahmedabad,2.8,1357000
EMP00746,Isha Mishra,26,Female,Bachelor's,Operations,Logistics Coordinator,0.1,3,0,Startup,Tier 1,Chennai,4.4,371000
EMP00747,Manish Patel,52,Male,Master's,Sales,Key Account Manager,20.5,13,2,SME,Tier 2,Jaipur,2.5,3261000
EMP00748,Deepak Verma,33,Male,Bachelor's,IT,QA Engineer,9.7,7,1,MNC,Tier 3,Raipur,3.3,1496000
EMP00749,Meera Patel,39,Female,PhD,Sales,Regional Sales Head,16.7,4,1,SME,Tier 1,Hyderabad,2.1,2968000
EMP00750,Divya Chopra,26,Female,Master's,Legal,Litigation Associate,1.3,3,1,Startup,Tier 3,Guwahati,3.0,444000
EMP00751,Vihaan Gupta,45,Male,Master's,Education,Professor,12.0,4,2,Startup,Tier 1,Mumbai,4.1,1512000
EMP00752,Pranav Reddy,24,Male,Bachelor's,Finance,Treasury Analyst,1.1,3,0,Startup,Tier 1,Delhi,1.5,385000
EMP00753,Ishaan Banerjee,54,Male,Bachelor's,Engineering,Project Manager,31.5,13,5,Startup,Tier 1,Kolkata,3.3,4288000
EMP00754,Manish Kumar,23,Male,Master's,Engineering,Quality Engineer,0.6,2,1,Startup,Tier 2,Jaipur,4.6,575000
EMP00755,Harsh Nair,35,Male,Master's,Healthcare,Pharmacist,12.9,7,1,MNC,Tier 1,Delhi,3.7,3798000
EMP00756,Aadhya Saxena,46,Female,Bachelor's,Operations,Facility Manager,11.0,3,2,MNC,Tier 2,Nagpur,1.6,1601000
EMP00757,Pooja Thakur,27,Female,Bachelor's,Legal,Legal Analyst,1.3,3,0,Startup,Tier 2,Chandigarh,1.8,467000
EMP00758,Manish Malik,38,Male,PhD,HR,Payroll Specialist,12.2,4,0,Enterprise,Tier 2,Chandigarh,4.5,2637000
EMP00759,Suresh Agarwal,30,Male,Bachelor's,Sales,Channel Partner Manager,7.7,4,0,MNC,Tier 2,Chandigarh,4.6,1233000
EMP00760,Aditya Chopra,25,Other,Master's,Marketing,Growth Hacker,0.0,2,1,SME,Tier 2,Nagpur,1.8,356000
EMP00761,Karan Agarwal,27,Male,Bachelor's,Legal,In-House Counsel,4.6,5,0,Startup,Tier 2,Ahmedabad,4.2,915000
EMP00762,Rohan Gupta,42,Male,Bachelor's,Operations,Fleet Manager,10.6,7,1,Startup,Tier 2,Kochi,2.0,1026000
EMP00763,Deepak Reddy,42,Male,Master's,Operations,Inventory Analyst,7.8,4,1,Enterprise,Tier 1,Bangalore,4.5,2480000
EMP00764,Swati Das,39,Other,Bachelor's,Healthcare,Nurse,8.0,4,1,Startup,Tier 3,Dehradun,4.5,1094000
EMP00765,Ankit Iyer,33,Male,Master's,Finance,Portfolio Manager,5.4,4,0,Startup,Tier 3,Dehradun,3.2,829000
EMP00766,Sara Saxena,49,Female,Bachelor's,Operations,Inventory Analyst,24.3,10,4,Startup,Tier 2,Kochi,3.7,2841000
EMP00767,Gaurav Kapoor,42,Male,Bachelor's,Legal,Paralegal,14.0,7,0,MNC,Tier 2,Chandigarh,3.3,2908000
EMP00768,Karan Kumar,50,Male,Master's,Operations,Supply Chain Analyst,11.6,7,0,SME,Tier 2,Lucknow,3.6,1910000
EMP00769,Reyansh Reddy,58,Male,PhD,Education,Education Consultant,15.3,6,0,MNC,Tier 2,Ahmedabad,2.9,2304000
EMP00770,Pranav Das,55,Male,PhD,Education,Lecturer,31.6,9,3,SME,Tier 2,Lucknow,3.4,4940000
EMP00771,Ankit Saxena,49,Male,Master's,Operations,Supply Chain Analyst,26.9,14,0,Startup,Tier 1,Hyderabad,1.9,3887000
EMP00772,Tanvi Thakur,28,Female,Master's,Sales,Channel Partner Manager,4.8,4,1,SME,Tier 2,Kochi,2.8,795000
EMP00773,Mohit Singh,44,Male,PhD,Legal,Contract Specialist,20.7,12,3,Startup,Tier 1,Bangalore,3.3,6790000
EMP00774,Ankit Iyer,41,Male,Master's,Engineering,Chemical Engineer,6.6,5,0,Startup,Tier 1,Delhi,4.4,1496000
EMP00775,Gaurav Chopra,42,Male,Bachelor's,Operations,Inventory Analyst,10.9,5,0,MNC,Tier 1,Mumbai,4.3,2085000
EMP00776,Myra Bhat,46,Female,PhD,Healthcare,Radiologist,22.6,10,1,SME,Tier 1,Pune,1.9,5839000
EMP00777,Rajesh Banerjee,38,Male,Master's,Healthcare,Physiotherapist,7.2,2,0,SME,Tier 2,Kochi,2.0,1190000
EMP00778,Divya Gupta,58,Female,Bachelor's,Healthcare,Dentist,28.7,14,2,Startup,Tier 2,Lucknow,2.5,4587000
EMP00779,Ayaan Kapoor,46,Male,Master's,IT,Backend Developer,10.2,3,2,Startup,Tier 3,Mysuru,1.9,1240000
EMP00780,Suresh Singh,28,Male,Bachelor's,HR,Training Coordinator,1.5,3,1,Enterprise,Tier 1,Mumbai,3.2,688000
EMP00781,Aditya Rao,26,Male,Bachelor's,Engineering,Design Engineer,3.6,4,1,MNC,Tier 1,Mumbai,4.7,1186000
EMP00782,Sakshi Chopra,24,Female,Bachelor's,Education,Education Consultant,1.0,2,0,MNC,Tier 1,Mumbai,2.2,386000
EMP00783,Aarav Pillai,54,Male,Master's,Marketing,Social Media Manager,15.2,5,0,SME,Tier 1,Kolkata,3.9,2643000
EMP00784,Krishna Rao,34,Male,PhD,Education,Dean,8.9,5,2,MNC,Tier 1,Hyderabad,4.7,2335000
EMP00785,Reyansh Agarwal,39,Male,PhD,Finance,Treasury Analyst,14.6,6,1,MNC,Tier 3,Dehradun,3.0,2919000
EMP00786,Suresh Kapoor,39,Male,Master's,Operations,Supply Chain Analyst,12.5,8,0,MNC,Tier 1,Kolkata,4.4,3063000
EMP00787,Vivaan Pillai,38,Male,Master's,HR,HRIS Analyst,14.1,10,2,SME,Tier 1,Pune,2.6,2287000
EMP00788,Kavya Nair,26,Female,Bachelor's,Education,Education Consultant,0.6,3,0,Startup,Tier 2,Indore,2.7,273000
EMP00789,Rohan Nair,57,Male,Bachelor's,HR,HRIS Analyst,19.6,5,0,MNC,Tier 2,Nagpur,4.5,2609000
EMP00790,Deepak Das,49,Male,Bachelor's,Education,Academic Counselor,14.6,9,3,Startup,Tier 1,Mumbai,1.9,1250000
EMP00791,Rohan Mishra,46,Male,Bachelor's,IT,Backend Developer,10.2,8,2,Enterprise,Tier 3,Ranchi,2.0,1706000
EMP00792,Aditya Thakur,55,Other,Bachelor's,IT,Data Scientist,23.2,14,3,MNC,Tier 1,Pune,2.7,6084000
EMP00793,Manish Mehta,53,Male,Master's,Engineering,Structural Engineer,25.4,9,3,MNC,Tier 3,Bhopal,4.5,4788000
EMP00794,Diya Sharma,36,Female,Bachelor's,IT,DevOps Engineer,5.9,4,1,SME,Tier 1,Kolkata,4.7,1344000
EMP00795,Pranav Sharma,25,Male,Bachelor's,IT,Data Scientist,0.1,3,0,SME,Tier 2,Nagpur,4.3,444000
EMP00796,Sai Kumar,51,Male,Bachelor's,Education,Research Associate,24.9,15,3,MNC,Tier 2,Kochi,3.3,3776000
EMP00797,Isha Rao,39,Female,Bachelor's,Legal,Compliance Manager,7.5,4,2,Startup,Tier 2,Nagpur,2.3,1154000
EMP00798,Ira Saxena,26,Female,Bachelor's,Legal,Corporate Lawyer,0.8,2,1,MNC,Tier 1,Mumbai,2.7,774000
EMP00799,Bhavna Pillai,54,Female,Master's,HR,Payroll Specialist,25.5,15,4,Startup,Tier 1,Delhi,2.8,3932000
EMP00800,Suresh Pillai,34,Male,Master's,Marketing,SEO Specialist,5.5,3,1,Enterprise,Tier 2,Jaipur,2.0,1067000
EMP00801,Simran Singh,37,Female,Bachelor's,Legal,Paralegal,8.0,5,2,MNC,Tier 1,Mumbai,4.7,2678000
EMP00802,Vikram Reddy,31,Male,Bachelor's,Engineering,Process Engineer,4.7,5,1,SME,Tier 1,Hyderabad,4.1,1017000
EMP00803,Ishaan Reddy,47,Male,Bachelor's,HR,HR Generalist,19.3,10,3,Startup,Tier 1,Bangalore,4.9,2751000
EMP00804,Vivaan Verma,58,Male,Bachelor's,Finance,Compliance Officer,18.0,5,3,SME,Tier 1,Kolkata,4.4,3336000
EMP00805,Sneha Reddy,32,Female,Master's,Education,Curriculum Designer,7.6,4,2,Startup,Tier 1,Kolkata,3.7,1060000
EMP00806,Kritika Nair,32,Female,Bachelor's,Finance,Investment Banker,4.3,5,0,Enterprise,Tier 2,Ahmedabad,2.7,964000
EMP00807,Krishna Gupta,32,Male,Master's,IT,Cybersecurity Analyst,4.8,5,0,SME,Tier 1,Mumbai,1.7,1202000
EMP00808,Ankit Joshi,36,Male,Bachelor's,Healthcare,Pharmacist,12.0,3,1,MNC,Tier 1,Hyderabad,4.1,3002000
EMP00809,Nikhil Agarwal,53,Other,Bachelor's,Legal,Corporate Lawyer,28.0,6,5,SME,Tier 2,Indore,4.5,6402000
EMP00810,Tanvi Rao,29,Female,Bachelor's,Sales,Sales Manager,2.3,3,0,MNC,Tier 1,Hyderabad,1.6,555000
EMP00811,Kritika Das,45,Female,Bachelor's,Finance,Risk Analyst,21.9,8,0,Enterprise,Tier 3,Guwahati,3.4,3246000
EMP00812,Anjali Patel,38,Female,PhD,Education,Education Consultant,9.3,5,1,SME,Tier 1,Chennai,4.0,1685000
EMP00813,Diya Das,51,Female,Master's,Education,Curriculum Designer,13.4,2,3,Enterprise,Tier 1,Kolkata,2.0,2422000
EMP00814,Nisha Thakur,32,Other,Bachelor's,HR,Recruiter,8.6,2,1,Startup,Tier 1,Chennai,1.9,879000
EMP00815,Aarav Das,44,Male,Master's,IT,Software Developer,11.5,4,1,MNC,Tier 2,Nagpur,3.5,2918000
EMP00816,Sakshi Iyer,31,Other,PhD,Marketing,Market Research Analyst,5.9,2,1,SME,Tier 2,Chandigarh,2.4,924000
EMP00817,Riya Das,47,Female,PhD,Finance,Auditor,23.8,11,2,Startup,Tier 1,Delhi,4.3,6461000
EMP00818,Manish Reddy,38,Male,Bachelor's,Sales,Sales Engineer,9.0,2,1,MNC,Tier 2,Kochi,2.1,1273000
EMP00819,Meera Singh,30,Female,Bachelor's,Education,Dean,7.6,4,1,SME,Tier 2,Ahmedabad,3.1,790000
EMP00820,Ananya Deshpande,48,Female,Bachelor's,Healthcare,Public Health Specialist,24.6,14,1,MNC,Tier 1,Chennai,3.4,7500000
EMP00821,Pooja Verma,47,Female,Bachelor's,IT,Cloud Architect,22.2,10,3,MNC,Tier 1,Delhi,4.4,6081000
EMP00822,Shreya Chopra,28,Female,Master's,Operations,Fleet Manager,4.1,2,0,MNC,Tier 2,Indore,4.0,1076000
EMP00823,Anjali Kumar,57,Female,Master's,Legal,Paralegal,19.1,12,1,SME,Tier 1,Mumbai,4.3,6751000
EMP00824,Ira Singh,26,Female,Bachelor's,Operations,Supply Chain Analyst,2.1,2,0,Startup,Tier 1,Chennai,3.1,488000
EMP00825,Vihaan Joshi,47,Male,Bachelor's,Healthcare,Medical Lab Technician,22.7,10,2,MNC,Tier 2,Nagpur,3.8,5552000
EMP00826,Arjun Bhat,23,Male,Bachelor's,Marketing,Content Writer,0.5,2,1,SME,Tier 1,Mumbai,4.9,571000
EMP00827,Ankit Iyer,47,Male,Bachelor's,Finance,Credit Analyst,16.5,8,1,Startup,Tier 2,Kochi,2.9,2298000
EMP00828,Aadhya Bhat,50,Female,Bachelor's,Education,Research Associate,19.5,9,2,Startup,Tier 1,Chennai,4.5,2294000
EMP00829,Rahul Saxena,55,Male,Bachelor's,Finance,Investment Banker,26.6,7,4,SME,Tier 2,Nagpur,2.0,3421000
EMP00830,Isha Joshi,47,Female,Bachelor's,Legal,Contract Specialist,24.5,11,1,MNC,Tier 3,Mysuru,3.8,4676000
EMP00831,Harsh Mehta,44,Male,Master's,Engineering,Civil Engineer,8.6,7,0,SME,Tier 2,Ahmedabad,4.8,1472000
EMP00832,Manish Nair,37,Male,Bachelor's,Healthcare,Radiologist,12.7,8,0,Startup,Tier 1,Mumbai,4.5,2440000
EMP00833,Manish Chatterjee,23,Male,PhD,Education,Lecturer,0.7,3,0,Enterprise,Tier 2,Lucknow,2.2,501000
EMP00834,Ankit Joshi,36,Male,Bachelor's,Healthcare,Radiologist,12.3,5,0,MNC,Tier 2,Indore,1.8,2007000
EMP00835,Arjun Sharma,45,Male,Master's,Operations,Operations Analyst,21.0,7,1,MNC,Tier 3,Guwahati,3.7,2972000
EMP00836,Reyansh Mishra,52,Male,Bachelor's,Education,Instructional Designer,28.3,15,1,MNC,Tier 1,Kolkata,2.8,4081000
EMP00837,Aditya Kumar,55,Male,Bachelor's,Finance,Credit Analyst,18.8,11,2,Startup,Tier 3,Ranchi,4.7,2620000
EMP00838,Harsh Chatterjee,26,Male,Master's,Healthcare,Hospital Administrator,0.3,2,1,SME,Tier 1,Kolkata,4.6,542000
EMP00839,Neha Bhat,23,Female,Bachelor's,Engineering,Structural Engineer,0.2,2,0,SME,Tier 3,Ranchi,4.7,383000
EMP00840,Aadhya Nair,53,Female,Bachelor's,Operations,Facility Manager,25.8,14,0,SME,Tier 1,Hyderabad,3.6,3915000
EMP00841,Aanya Thakur,52,Female,PhD,HR,HR Manager,13.9,9,1,MNC,Tier 1,Delhi,4.2,3439000
EMP00842,Priya Sharma,25,Female,Bachelor's,Marketing,Growth Hacker,1.8,3,0,MNC,Tier 1,Pune,2.8,675000
EMP00843,Harsh Das,57,Male,Bachelor's,Legal,Legal Advisor,33.0,7,2,Startup,Tier 1,Mumbai,2.3,4656000
EMP00844,Aarav Nair,48,Male,Master's,Sales,Channel Partner Manager,10.7,8,0,Enterprise,Tier 1,Mumbai,1.8,2274000
EMP00845,Sai Joshi,24,Male,Bachelor's,Operations,Procurement Manager,2.0,2,1,SME,Tier 1,Mumbai,1.8,506000
EMP00846,Ira Rao,44,Female,Master's,Marketing,PR Specialist,18.0,7,2,Enterprise,Tier 1,Delhi,2.6,3981000
EMP00847,Vihaan Verma,44,Male,PhD,Operations,Fleet Manager,11.9,3,0,MNC,Tier 2,Chandigarh,4.1,2530000
EMP00848,Rahul Kapoor,31,Male,Bachelor's,Marketing,PR Specialist,6.7,5,0,Startup,Tier 3,Ranchi,2.5,688000
EMP00849,Aditya Verma,39,Male,Master's,Engineering,Quality Engineer,5.7,5,1,SME,Tier 1,Hyderabad,2.1,1115000
EMP00850,Vivaan Agarwal,41,Male,Bachelor's,Education,Professor,18.0,7,2,MNC,Tier 2,Nagpur,1.6,1759000
EMP00851,Tanvi Das,49,Female,Master's,IT,Data Scientist,19.6,12,2,Enterprise,Tier 3,Dehradun,3.0,4045000
EMP00852,Bhavna Pillai,38,Female,Bachelor's,Engineering,Quality Engineer,13.5,5,1,Enterprise,Tier 1,Kolkata,4.8,3002000
EMP00853,Ayaan Deshpande,56,Male,Bachelor's,Operations,Inventory Analyst,15.7,6,2,SME,Tier 1,Kolkata,4.3,2318000
EMP00854,Diya Joshi,58,Female,Master's,HR,Training Coordinator,24.3,2,3,Startup,Tier 1,Delhi,3.2,3575000
EMP00855,Ira Das,25,Female,Master's,Finance,Auditor,2.7,4,1,Enterprise,Tier 1,Delhi,4.2,1490000
EMP00856,Mohit Kumar,36,Male,Master's,Healthcare,Public Health Specialist,10.6,3,0,MNC,Tier 1,Chennai,4.5,3181000
EMP00857,Aadhya Thakur,36,Female,Bachelor's,HR,HR Business Partner,5.1,4,0,MNC,Tier 1,Mumbai,3.3,896000
EMP00858,Aditya Nair,35,Male,Bachelor's,Education,Lab Instructor,5.1,5,1,Startup,Tier 1,Pune,2.8,668000
EMP00859,Anjali Chatterjee,52,Other,PhD,HR,HRIS Analyst,12.6,7,0,SME,Tier 1,Chennai,1.6,1842000
EMP00860,Shreya Pillai,54,Female,Master's,Education,Academic Counselor,20.2,11,0,MNC,Tier 1,Pune,5.0,4303000
EMP00861,Aditya Nair,58,Male,Bachelor's,Operations,Operations Analyst,30.7,10,5,Startup,Tier 3,Mysuru,1.7,2300000
EMP00862,Nikhil Pillai,50,Male,Bachelor's,Marketing,Campaign Manager,16.7,5,2,SME,Tier 2,Chandigarh,2.3,1557000
EMP00863,Vihaan Saxena,37,Male,Bachelor's,Engineering,Project Manager,6.3,6,0,Enterprise,Tier 2,Kochi,2.3,1291000
EMP00864,Priya Mishra,30,Female,PhD,Marketing,Market Research Analyst,5.7,3,1,MNC,Tier 1,Mumbai,1.8,1625000
EMP00865,Arjun Mishra,53,Male,Master's,Marketing,Content Writer,28.7,2,1,Startup,Tier 1,Chennai,4.0,3845000
EMP00866,Vihaan Kumar,24,Male,Master's,IT,DevOps Engineer,2.0,2,1,Enterprise,Tier 1,Hyderabad,3.9,1261000
EMP00867,Ishaan Singh,43,Male,Master's,Education,Instructional Designer,15.7,3,0,Startup,Tier 3,Dehradun,4.7,1400000
EMP00868,Simran Das,40,Female,Master's,Healthcare,Pharmacist,14.7,10,0,Startup,Tier 1,Chennai,2.8,3333000
EMP00869,Riya Mehta,50,Female,Bachelor's,Operations,Warehouse Manager,27.1,3,1,SME,Tier 1,Chennai,3.3,3693000
EMP00870,Nikhil Das,40,Male,Bachelor's,Education,Research Associate,17.5,2,1,SME,Tier 1,Chennai,2.6,2075000
EMP00871,Sai Singh,40,Male,Bachelor's,Legal,Compliance Manager,16.7,6,2,Enterprise,Tier 2,Lucknow,3.8,4059000
EMP00872,Reyansh Thakur,54,Male,Master's,IT,Cybersecurity Analyst,30.1,10,4,MNC,Tier 1,Pune,4.4,7500000
EMP00873,Ishaan Mishra,49,Male,Master's,Sales,Business Development Manager,24.2,6,0,MNC,Tier 3,Bhopal,3.1,3072000
EMP00874,Krishna Gupta,30,Male,PhD,Finance,Tax Consultant,6.6,3,0,SME,Tier 2,Chandigarh,3.1,1339000
EMP00875,Isha Deshpande,26,Female,Master's,Education,Professor,1.7,3,0,MNC,Tier 2,Indore,1.6,462000
EMP00876,Ananya Nair,30,Female,Master's,Marketing,Brand Manager,2.9,2,1,MNC,Tier 2,Chandigarh,2.0,805000
EMP00877,Aanya Pillai,35,Female,Bachelor's,Finance,Credit Analyst,9.2,3,2,Startup,Tier 1,Delhi,3.6,1426000
EMP00878,Priya Bhat,44,Female,Bachelor's,Healthcare,Hospital Administrator,19.9,6,3,SME,Tier 2,Kochi,2.7,3651000
EMP00879,Vihaan Nair,29,Male,PhD,HR,Employee Relations Specialist,6.8,4,0,MNC,Tier 1,Hyderabad,4.8,1883000
EMP00880,Kavya Saxena,47,Female,Master's,Legal,Litigation Associate,18.8,12,1,Startup,Tier 1,Bangalore,4.6,5633000
EMP00881,Aadhya Thakur,42,Female,Bachelor's,Education,Lab Instructor,12.7,9,1,SME,Tier 3,Ranchi,3.2,1230000
EMP00882,Deepak Verma,41,Male,Bachelor's,Marketing,Campaign Manager,17.6,10,1,MNC,Tier 1,Chennai,3.6,3059000
EMP00883,Pranav Sharma,23,Male,Master's,Finance,Tax Consultant,0.9,2,0,MNC,Tier 1,Bangalore,4.9,881000
EMP00884,Riya Saxena,36,Female,Bachelor's,Healthcare,Physiotherapist,8.0,3,2,MNC,Tier 3,Bhopal,4.5,1638000
EMP00885,Anjali Singh,54,Female,Bachelor's,Legal,Corporate Lawyer,16.8,6,0,SME,Tier 2,Lucknow,1.6,2534000
EMP00886,Riya Bhat,47,Female,Bachelor's,HR,Recruiter,11.6,6,2,MNC,Tier 2,Jaipur,1.6,1491000
EMP00887,Tanvi Kumar,28,Female,Master's,Engineering,Chemical Engineer,5.0,4,1,SME,Tier 2,Chandigarh,2.5,977000
EMP00888,Krishna Bhat,58,Male,Bachelor's,HR,Employee Relations Specialist,17.9,8,2,SME,Tier 3,Raipur,3.3,1517000
EMP00889,Mohit Kapoor,47,Male,PhD,Sales,Account Executive,16.5,11,0,SME,Tier 1,Delhi,3.2,3845000
EMP00890,Ishaan Mehta,31,Male,Master's,Finance,Accountant,5.7,3,1,MNC,Tier 1,Hyderabad,3.7,1840000
EMP00891,Gaurav Mishra,36,Male,Bachelor's,Legal,Patent Attorney,8.7,7,1,MNC,Tier 1,Kolkata,3.5,2557000
EMP00892,Aarav Iyer,35,Male,Master's,Legal,In-House Counsel,8.2,7,0,SME,Tier 2,Kochi,3.4,1899000
EMP00893,Simran Gupta,28,Female,Bachelor's,Finance,Portfolio Manager,1.6,2,0,MNC,Tier 1,Bangalore,3.0,796000
EMP00894,Aditya Das,53,Other,Bachelor's,Sales,Territory Manager,15.9,10,3,SME,Tier 1,Hyderabad,5.0,3315000
EMP00895,Isha Iyer,55,Female,Bachelor's,Education,Instructional Designer,26.5,4,2,MNC,Tier 1,Chennai,4.8,4623000
EMP00896,Suresh Iyer,52,Male,Bachelor's,Education,Research Associate,15.8,9,0,SME,Tier 1,Hyderabad,1.7,1658000
EMP00897,Suresh Saxena,34,Other,Bachelor's,Finance,Compliance Officer,7.7,2,0,MNC,Tier 2,Jaipur,2.7,1238000
EMP00898,Priya Chatterjee,22,Female,PhD,HR,HR Business Partner,0.0,3,1,SME,Tier 2,Chandigarh,3.5,461000
EMP00899,Ira Gupta,31,Female,Bachelor's,Marketing,Digital Marketing Analyst,3.7,4,0,Startup,Tier 2,Indore,4.2,651000
EMP00900,Manish Mishra,39,Male,PhD,Operations,Fleet Manager,7.9,2,0,Enterprise,Tier 1,Pune,3.7,2069000
EMP00901,Mohit Sharma,42,Male,Bachelor's,IT,DevOps Engineer,14.1,9,3,MNC,Tier 1,Chennai,4.2,3991000
EMP00902,Amit Banerjee,46,Male,Master's,Education,Curriculum Designer,21.6,7,4,Startup,Tier 2,Lucknow,4.8,2715000
EMP00903,Neha Saxena,31,Female,Master's,Sales,Territory Manager,5.2,4,0,MNC,Tier 1,Delhi,2.1,1153000
EMP00904,Nisha Deshpande,44,Female,Master's,Marketing,Campaign Manager,15.8,5,3,SME,Tier 3,Bhopal,2.2,1805000
EMP00905,Reyansh Sharma,41,Male,Bachelor's,Education,Curriculum Designer,13.3,2,2,SME,Tier 2,Indore,3.2,1266000
EMP00906,Harsh Saxena,38,Male,Bachelor's,IT,Cybersecurity Analyst,14.2,9,3,SME,Tier 2,Nagpur,3.8,2605000
EMP00907,Vihaan Verma,45,Male,Bachelor's,Healthcare,Pharmacist,21.3,4,0,SME,Tier 3,Bhopal,3.1,2584000
EMP00908,Shreya Singh,56,Female,Bachelor's,Marketing,Campaign Manager,29.0,7,5,MNC,Tier 1,Kolkata,2.1,4794000
EMP00909,Isha Chatterjee,55,Other,Bachelor's,Engineering,Design Engineer,30.0,12,0,Startup,Tier 3,Raipur,2.0,2468000
EMP00910,Sai Malik,24,Male,Bachelor's,Marketing,Growth Hacker,0.8,2,1,SME,Tier 1,Delhi,3.1,545000
EMP00911,Aanya Mishra,51,Female,Bachelor's,Finance,Investment Banker,24.5,4,2,MNC,Tier 3,Mysuru,2.1,2949000
EMP00912,Deepak Chatterjee,51,Male,Bachelor's,Marketing,Digital Marketing Analyst,26.3,12,1,MNC,Tier 2,Chandigarh,1.7,3413000
EMP00913,Sara Iyer,30,Female,Master's,Engineering,Chemical Engineer,6.8,4,0,Startup,Tier 1,Kolkata,3.0,1256000
EMP00914,Rahul Mishra,45,Male,Bachelor's,Sales,Territory Manager,20.7,12,1,Startup,Tier 3,Dehradun,2.0,1998000
EMP00915,Kritika Das,44,Female,Master's,HR,Compensation Analyst,12.8,6,0,MNC,Tier 1,Bangalore,3.1,2232000
EMP00916,Vihaan Pillai,33,Male,Bachelor's,Legal,Legal Consultant,5.9,5,0,SME,Tier 1,Delhi,4.5,1575000
EMP00917,Vikram Rao,43,Male,Bachelor's,Finance,Investment Banker,19.9,6,1,SME,Tier 1,Mumbai,3.0,3423000
EMP00918,Swati Mishra,49,Female,Master's,Legal,Compliance Manager,14.7,7,2,SME,Tier 1,Mumbai,4.9,4470000
EMP00919,Bhavna Pillai,28,Female,Bachelor's,HR,HRIS Analyst,3.0,2,0,MNC,Tier 3,Raipur,4.9,535000
EMP00920,Ira Mishra,30,Female,Bachelor's,Education,Professor,7.8,4,0,MNC,Tier 2,Lucknow,3.1,956000
EMP00921,Ira Patel,41,Female,Bachelor's,Healthcare,Medical Lab Technician,17.4,8,0,MNC,Tier 1,Chennai,4.5,5423000
EMP00922,Mohit Patel,44,Male,Bachelor's,Sales,Regional Sales Head,18.1,9,3,MNC,Tier 2,Nagpur,4.7,3097000
EMP00923,Rohan Deshpande,30,Male,Bachelor's,Education,Curriculum Designer,6.9,5,2,SME,Tier 1,Hyderabad,3.8,989000
EMP00924,Vivaan Nair,33,Other,Master's,Education,Education Consultant,5.4,2,1,Enterprise,Tier 2,Lucknow,3.2,920000
EMP00925,Ishaan Das,27,Male,Bachelor's,Healthcare,Radiologist,1.2,3,1,MNC,Tier 2,Chandigarh,4.9,721000
EMP00926,Sai Banerjee,55,Male,Master's,Legal,Legal Advisor,20.3,13,0,MNC,Tier 1,Pune,1.5,4877000
EMP00927,Rajesh Pillai,46,Male,Master's,IT,Cloud Architect,18.8,12,3,SME,Tier 1,Hyderabad,2.4,4286000
EMP00928,Tanvi Malik,54,Female,Bachelor's,Legal,Legal Analyst,29.2,7,0,MNC,Tier 3,Raipur,4.2,5125000
EMP00929,Aanya Kumar,22,Female,Bachelor's,Operations,Warehouse Manager,0.0,3,1,Startup,Tier 1,Mumbai,4.5,444000
EMP00930,Vivaan Chopra,45,Male,Bachelor's,Education,Curriculum Designer,19.9,2,2,Startup,Tier 1,Mumbai,3.1,1960000
EMP00931,Vivaan Chopra,29,Male,Bachelor's,IT,ML Engineer,5.6,3,0,Startup,Tier 1,Kolkata,2.0,925000
EMP00932,Krishna Chatterjee,51,Male,Master's,Marketing,Growth Hacker,21.5,2,0,SME,Tier 1,Chennai,4.9,4378000
EMP00933,Diya Banerjee,54,Female,PhD,Finance,Tax Consultant,30.6,13,2,SME,Tier 1,Kolkata,2.4,6140000
EMP00934,Aanya Das,29,Female,Master's,Operations,Warehouse Manager,7.0,6,2,MNC,Tier 2,Indore,4.3,1251000
EMP00935,Mohit Reddy,49,Male,Bachelor's,Healthcare,Hospital Administrator,19.3,2,3,Enterprise,Tier 2,Chandigarh,1.5,3950000
EMP00936,Vikram Agarwal,30,Male,Bachelor's,Legal,Legal Consultant,6.7,4,0,SME,Tier 1,Delhi,2.3,1299000
EMP00937,Simran Saxena,51,Female,Master's,Operations,Process Improvement Analyst,21.0,9,4,Startup,Tier 1,Delhi,4.4,3565000
EMP00938,Gaurav Rao,35,Male,Bachelor's,Healthcare,Radiologist,6.7,2,2,Enterprise,Tier 3,Guwahati,3.2,1316000
EMP00939,Sai Reddy,55,Other,Bachelor's,HR,Talent Acquisition Lead,22.9,9,0,Startup,Tier 2,Kochi,2.7,2092000
EMP00940,Manish Sharma,40,Male,Master's,Legal,Compliance Manager,10.5,6,0,SME,Tier 3,Bhopal,1.8,1439000
EMP00941,Vihaan Mishra,40,Male,Bachelor's,Healthcare,Radiologist,13.1,7,0,SME,Tier 2,Chandigarh,4.2,2187000
EMP00942,Isha Agarwal,42,Female,Bachelor's,Sales,Regional Sales Head,10.7,5,1,MNC,Tier 1,Hyderabad,2.0,1824000
EMP00943,Riya Joshi,22,Female,Bachelor's,Education,Teaching Assistant,0.0,2,1,MNC,Tier 1,Hyderabad,2.9,400000
EMP00944,Tanvi Nair,30,Female,Master's,Sales,Account Executive,5.2,5,0,SME,Tier 1,Chennai,3.7,1116000
EMP00945,Kavya Sharma,46,Female,Master's,Marketing,Content Writer,15.9,5,1,SME,Tier 2,Lucknow,2.6,2334000
EMP00946,Aarav Reddy,58,Male,Bachelor's,Marketing,Campaign Manager,24.9,5,1,Enterprise,Tier 2,Jaipur,4.3,3814000
EMP00947,Sara Nair,51,Female,Master's,Finance,Financial Analyst,24.6,12,3,Enterprise,Tier 3,Mysuru,2.8,4232000
EMP00948,Neha Saxena,56,Female,Bachelor's,Operations,Operations Analyst,28.6,9,3,MNC,Tier 1,Pune,2.9,4494000
EMP00949,Bhavna Verma,45,Female,Bachelor's,Sales,Territory Manager,15.3,3,0,Startup,Tier 1,Pune,3.5,1927000
EMP00950,Simran Patel,45,Female,Bachelor's,Education,Research Associate,21.8,9,1,SME,Tier 1,Kolkata,1.8,2320000
EMP00951,Sneha Deshpande,37,Female,Master's,Education,Curriculum Designer,11.7,4,1,MNC,Tier 2,Kochi,1.6,1348000
EMP00952,Nikhil Joshi,23,Male,Bachelor's,Education,Instructional Designer,0.4,3,1,Enterprise,Tier 1,Kolkata,2.6,466000
EMP00953,Isha Joshi,31,Female,Master's,Healthcare,Pharmacist,6.1,5,1,MNC,Tier 1,Bangalore,3.5,1795000
EMP00954,Aarav Iyer,45,Male,Master's,Sales,Regional Sales Head,15.4,4,2,MNC,Tier 2,Kochi,2.6,2892000
EMP00955,Mohit Bhat,32,Male,Master's,Legal,Paralegal,5.9,5,0,MNC,Tier 1,Bangalore,2.6,1871000
EMP00956,Krishna Chopra,29,Male,Master's,Education,Teaching Assistant,3.5,4,0,MNC,Tier 3,Mysuru,4.3,688000
EMP00957,Simran Reddy,45,Female,Master's,Engineering,Civil Engineer,22.3,10,0,SME,Tier 3,Mysuru,4.1,3166000
EMP00958,Aadhya Malik,58,Female,Bachelor's,Marketing,Digital Marketing Analyst,31.9,4,5,Enterprise,Tier 3,Patna,3.9,4040000
EMP00959,Vivaan Chopra,39,Male,Master's,Finance,Risk Analyst,13.9,3,1,MNC,Tier 1,Bangalore,2.4,3132000
EMP00960,Sneha Malik,28,Female,Bachelor's,IT,Full Stack Developer,5.0,2,0,SME,Tier 1,Hyderabad,2.2,1054000
EMP00961,Reyansh Chopra,53,Male,Bachelor's,IT,Cybersecurity Analyst,21.0,3,3,MNC,Tier 1,Pune,3.7,5409000
EMP00962,Ananya Iyer,48,Female,Master's,Legal,Paralegal,15.3,9,2,Enterprise,Tier 1,Pune,3.4,6015000
EMP00963,Ankit Thakur,54,Male,Bachelor's,Legal,Legal Advisor,31.6,4,3,Startup,Tier 3,Raipur,3.1,3634000
EMP00964,Aditya Deshpande,49,Male,Master's,Finance,Credit Analyst,16.2,10,1,Startup,Tier 1,Bangalore,2.2,2918000
EMP00965,Rohan Deshpande,55,Male,Bachelor's,HR,HRIS Analyst,18.4,12,1,SME,Tier 1,Hyderabad,4.3,2680000
EMP00966,Tanvi Agarwal,32,Female,Bachelor's,Sales,Territory Manager,7.6,5,2,SME,Tier 3,Dehradun,4.8,1051000
EMP00967,Kavya Kumar,41,Female,Bachelor's,Education,Education Consultant,12.7,8,2,SME,Tier 1,Pune,4.8,1690000
EMP00968,Vikram Chatterjee,30,Male,PhD,HR,HR Manager,6.7,3,0,MNC,Tier 1,Pune,2.8,1764000
EMP00969,Amit Mehta,57,Male,Master's,Marketing,Brand Manager,27.2,9,2,Startup,Tier 1,Delhi,4.0,4450000
EMP00970,Swati Rao,24,Female,Master's,Engineering,Quality Engineer,0.5,3,0,Startup,Tier 2,Chandigarh,3.4,409000
EMP00971,Ishaan Singh,52,Male,Bachelor's,Finance,Tax Consultant,29.6,13,3,MNC,Tier 3,Raipur,2.5,3985000
EMP00972,Aditya Malik,37,Male,Bachelor's,Sales,Key Account Manager,10.8,8,1,MNC,Tier 1,Pune,1.7,1638000
EMP00973,Kritika Kapoor,42,Female,PhD,Education,Teaching Assistant,16.7,5,1,SME,Tier 1,Delhi,2.7,2779000
EMP00974,Kritika Iyer,38,Female,Master's,IT,DevOps Engineer,6.3,5,1,SME,Tier 2,Jaipur,4.4,1463000
EMP00975,Nikhil Chatterjee,23,Male,Master's,IT,ML Engineer,0.9,3,1,SME,Tier 1,Mumbai,4.1,814000
EMP00976,Divya Deshpande,29,Female,Bachelor's,Sales,Account Executive,4.7,5,0,MNC,Tier 2,Ahmedabad,4.4,802000
EMP00977,Gaurav Kumar,43,Male,Bachelor's,Operations,Process Improvement Analyst,14.2,8,0,SME,Tier 1,Chennai,4.4,2101000
EMP00978,Ayaan Mehta,49,Male,Bachelor's,Marketing,Campaign Manager,22.0,7,4,SME,Tier 2,Nagpur,4.4,2492000
EMP00979,Kritika Mishra,31,Female,Bachelor's,Healthcare,Medical Lab Technician,4.5,2,0,MNC,Tier 3,Bhopal,4.2,770000
EMP00980,Aditya Mehta,42,Male,PhD,Marketing,Brand Manager,10.9,5,1,SME,Tier 3,Mysuru,2.7,1495000
EMP00981,Karan Singh,46,Male,Bachelor's,Marketing,Market Research Analyst,10.7,5,1,Startup,Tier 2,Kochi,4.4,1327000
EMP00982,Sai Pillai,55,Male,Bachelor's,Marketing,SEO Specialist,31.9,13,4,SME,Tier 3,Dehradun,2.2,2832000
EMP00983,Priya Chatterjee,52,Other,Bachelor's,Finance,Credit Analyst,13.3,8,1,SME,Tier 3,Ranchi,2.8,1355000
EMP00984,Aditya Das,41,Male,Bachelor's,Finance,Portfolio Manager,17.6,2,2,MNC,Tier 3,Bhopal,2.0,2033000
EMP00985,Rajesh Sharma,30,Male,Bachelor's,Healthcare,Dentist,6.6,2,0,Enterprise,Tier 2,Chandigarh,3.7,1521000
EMP00986,Meera Patel,33,Female,PhD,Healthcare,Pharmacist,5.6,2,0,Startup,Tier 1,Hyderabad,3.7,1437000
EMP00987,Neha Chopra,42,Female,Bachelor's,IT,Full Stack Developer,8.3,5,0,MNC,Tier 1,Hyderabad,1.7,1912000
EMP00988,Suresh Kapoor,55,Male,Bachelor's,Finance,Financial Analyst,21.0,5,0,SME,Tier 1,Hyderabad,3.1,3585000
EMP00989,Pranav Malik,30,Male,Master's,IT,Backend Developer,4.3,4,0,SME,Tier 2,Kochi,3.8,1103000
EMP00990,Mohit Kapoor,58,Male,Bachelor's,Marketing,Growth Hacker,18.6,4,1,MNC,Tier 2,Indore,2.9,2443000
EMP00991,Diya Nair,36,Female,Bachelor's,HR,Talent Acquisition Lead,11.4,5,2,MNC,Tier 2,Chandigarh,4.2,1652000
EMP00992,Vikram Chatterjee,31,Male,Master's,IT,QA Engineer,6.2,3,0,Startup,Tier 2,Nagpur,4.3,1072000
EMP00993,Rohan Sharma,58,Male,Bachelor's,Education,Academic Counselor,28.6,15,4,SME,Tier 3,Dehradun,3.7,2531000
EMP00994,Vihaan Kapoor,39,Male,Master's,Sales,Inside Sales Representative,9.4,3,1,SME,Tier 3,Mysuru,3.4,1064000
EMP00995,Isha Mehta,55,Female,Bachelor's,Education,Lab Instructor,26.4,10,1,Startup,Tier 3,Mysuru,1.9,1517000
EMP00996,Pooja Kumar,44,Female,Bachelor's,Engineering,Process Engineer,21.8,3,4,Startup,Tier 3,Raipur,2.2,1857000
EMP00997,Priya Deshpande,23,Female,Bachelor's,Education,Dean,0.6,2,0,MNC,Tier 1,Bangalore,3.9,538000
EMP00998,Rohan Chatterjee,32,Other,Bachelor's,Healthcare,Public Health Specialist,4.6,3,1,Enterprise,Tier 1,Hyderabad,2.5,1368000
EMP00999,Meera Rao,51,Female,Bachelor's,HR,HR Manager,13.7,6,1,Enterprise,Tier 2,Jaipur,1.7,1536000
EMP01000,Arjun Rao,32,Male,Master's,Marketing,Market Research Analyst,8.3,7,1,SME,Tier 1,Pune,2.7,1515000
EMP01001,Krishna Kumar,47,Male,Bachelor's,Operations,Logistics Coordinator,13.5,4,2,MNC,Tier 1,Mumbai,3.3,2541000
EMP01002,Manish Bhat,52,Male,Bachelor's,Legal,Patent Attorney,27.0,10,5,MNC,Tier 1,Pune,4.7,7500000
EMP01003,Krishna Verma,46,Male,Master's,HR,Recruiter,18.4,8,1,Enterprise,Tier 2,Nagpur,3.2,3075000
EMP01004,Nikhil Singh,27,Male,PhD,Operations,Facility Manager,4.3,3,1,MNC,Tier 3,Dehradun,1.7,759000
EMP01005,Manish Iyer,39,Male,PhD,Sales,Inside Sales Representative,10.3,8,1,Enterprise,Tier 1,Mumbai,4.0,3457000
EMP01006,Rajesh Rao,36,Male,Master's,HR,Recruiter,14.0,9,3,MNC,Tier 3,Guwahati,2.8,1831000
EMP01007,Swati Bhat,28,Female,Master's,Finance,Risk Analyst,2.2,4,1,MNC,Tier 2,Jaipur,2.7,889000
EMP01008,Nisha Mishra,55,Female,Bachelor's,Engineering,Design Engineer,26.9,2,1,MNC,Tier 1,Delhi,1.8,4219000
EMP01009,Ananya Kapoor,51,Female,Master's,HR,Talent Acquisition Lead,25.8,7,2,Enterprise,Tier 1,Hyderabad,4.2,6180000
EMP01010,Harsh Bhat,38,Male,Master's,Healthcare,Medical Lab Technician,11.1,8,2,MNC,Tier 2,Nagpur,2.7,2669000
EMP01011,Sneha Gupta,43,Female,Bachelor's,Sales,Sales Engineer,12.5,6,0,Enterprise,Tier 1,Hyderabad,2.6,2475000
EMP01012,Sai Deshpande,46,Male,Bachelor's,Legal,Legal Analyst,14.7,9,2,MNC,Tier 3,Ranchi,1.6,2265000
EMP01013,Ishaan Pillai,57,Male,Bachelor's,Sales,Pre-Sales Consultant,19.0,11,0,Startup,Tier 1,Chennai,4.7,3495000
EMP01014,Neha Kumar,43,Female,Bachelor's,Engineering,Electrical Engineer,20.0,3,2,MNC,Tier 3,Ranchi,5.0,2711000
EMP01015,Vivaan Nair,57,Male,Bachelor's,HR,HR Manager,25.1,15,1,SME,Tier 1,Kolkata,4.3,4422000
EMP01016,Ishaan Nair,23,Male,Master's,Legal,Litigation Associate,0.4,2,1,Startup,Tier 2,Ahmedabad,3.7,553000
EMP01017,Riya Kapoor,38,Female,Master's,Education,Curriculum Designer,9.7,4,0,SME,Tier 1,Kolkata,2.0,1122000
EMP01018,Kritika Nair,56,Female,Master's,Finance,Compliance Officer,28.2,10,2,Startup,Tier 3,Patna,4.0,3574000
EMP01019,Sakshi Thakur,36,Female,Bachelor's,Operations,Operations Manager,9.1,5,1,MNC,Tier 1,Bangalore,1.6,1326000
EMP01020,Deepak Verma,44,Male,Bachelor's,Healthcare,Nurse,17.9,3,2,MNC,Tier 3,Guwahati,1.6,2659000
EMP01021,Meera Saxena,30,Female,PhD,Marketing,PR Specialist,3.2,4,1,SME,Tier 2,Kochi,4.8,1015000
EMP01022,Pranav Agarwal,42,Male,Master's,Operations,Operations Manager,16.3,7,0,MNC,Tier 1,Mumbai,3.4,3116000
EMP01023,Simran Reddy,37,Female,PhD,Healthcare,Pharmacist,4.8,5,0,SME,Tier 1,Hyderabad,3.5,1621000
EMP01024,Riya Das,46,Female,Master's,Healthcare,Physiotherapist,11.7,4,1,Startup,Tier 1,Delhi,3.2,2957000
EMP01025,Amit Reddy,36,Male,Bachelor's,Finance,Tax Consultant,9.1,2,2,SME,Tier 3,Bhopal,4.9,1378000
EMP01026,Rahul Singh,32,Male,Bachelor's,Sales,Sales Manager,3.0,3,1,Startup,Tier 3,Raipur,2.8,396000
EMP01027,Sai Reddy,53,Male,Bachelor's,Marketing,Social Media Manager,15.2,4,2,MNC,Tier 3,Guwahati,4.5,1898000
EMP01028,Anjali Kumar,50,Female,Bachelor's,IT,ML Engineer,26.2,14,0,MNC,Tier 1,Delhi,1.9,5735000
EMP01029,Swati Pillai,32,Female,PhD,Legal,Compliance Manager,6.8,6,1,Enterprise,Tier 3,Raipur,4.4,2342000
EMP01030,Diya Agarwal,57,Female,Bachelor's,Marketing,Social Media Manager,18.3,9,1,MNC,Tier 1,Mumbai,4.7,3312000
EMP01031,Isha Saxena,28,Female,Master's,Finance,Tax Consultant,5.5,5,0,SME,Tier 1,Pune,2.2,1159000
EMP01032,Meera Banerjee,49,Female,Bachelor's,Legal,Corporate Lawyer,19.1,7,3,MNC,Tier 1,Pune,4.2,4881000
EMP01033,Kritika Verma,55,Female,Master's,Marketing,SEO Specialist,19.5,11,1,MNC,Tier 2,Kochi,1.6,3041000
EMP01034,Manish Reddy,44,Other,PhD,IT,QA Engineer,18.3,10,1,MNC,Tier 2,Jaipur,4.7,6404000
EMP01035,Sai Nair,42,Male,Bachelor's,Marketing,PR Specialist,10.5,7,2,Startup,Tier 3,Patna,4.7,1022000
EMP01036,Ishaan Sharma,37,Male,Master's,Education,Research Associate,14.9,5,2,Enterprise,Tier 1,Bangalore,2.0,2734000
EMP01037,Ankit Iyer,49,Male,Master's,HR,Compensation Analyst,26.0,12,2,SME,Tier 1,Pune,2.9,3708000
EMP01038,Reyansh Deshpande,53,Male,Bachelor's,IT,QA Engineer,14.2,9,1,MNC,Tier 1,Kolkata,1.9,2633000
EMP01039,Mohit Gupta,33,Male,Bachelor's,Healthcare,Hospital Administrator,10.7,7,2,SME,Tier 2,Chandigarh,4.5,2190000
EMP01040,Manish Singh,47,Male,Master's,Marketing,SEO Specialist,18.1,9,1,Startup,Tier 3,Dehradun,3.2,2005000
EMP01041,Vivaan Banerjee,33,Male,Bachelor's,Finance,Risk Analyst,6.8,4,1,MNC,Tier 1,Pune,1.6,1477000
EMP01042,Bhavna Reddy,35,Female,Master's,IT,Cybersecurity Analyst,3.6,2,1,Enterprise,Tier 1,Bangalore,2.7,1411000
EMP01043,Deepak Verma,47,Male,Bachelor's,HR,HR Generalist,11.4,3,2,Startup,Tier 2,Ahmedabad,1.6,988000
EMP01044,Ayaan Chopra,55,Male,Bachelor's,Healthcare,Pharmacist,24.6,7,0,Startup,Tier 1,Chennai,3.4,4940000
EMP01045,Sara Kapoor,42,Female,Bachelor's,Healthcare,Nurse,16.2,2,3,Startup,Tier 1,Hyderabad,4.2,3279000
EMP01046,Ayaan Deshpande,24,Male,Master's,Finance,Financial Analyst,1.3,3,1,SME,Tier 2,Ahmedabad,4.7,747000
EMP01047,Mohit Chopra,38,Male,Bachelor's,Legal,Litigation Associate,15.2,4,3,MNC,Tier 1,Bangalore,2.5,3847000
EMP01048,Riya Iyer,32,Female,Bachelor's,IT,QA Engineer,8.6,3,0,SME,Tier 2,Kochi,4.5,1337000
EMP01049,Krishna Bhat,44,Other,Bachelor's,Engineering,Design Engineer,20.5,9,3,SME,Tier 1,Delhi,2.7,3690000
EMP01050,Myra Kapoor,55,Female,Bachelor's,Marketing,Brand Manager,25.0,15,4,SME,Tier 2,Nagpur,4.2,4267000
EMP01051,Deepak Joshi,35,Male,Bachelor's,Legal,Legal Advisor,9.1,5,1,Enterprise,Tier 3,Mysuru,3.7,1698000
EMP01052,Reyansh Mehta,57,Male,Master's,Engineering,Process Engineer,23.4,9,0,MNC,Tier 1,Kolkata,2.1,4968000
EMP01053,Swati Mishra,31,Other,Master's,Operations,Procurement Manager,2.6,3,1,SME,Tier 2,Nagpur,4.8,761000
EMP01054,Manish Chopra,55,Male,Master's,IT,Data Scientist,28.8,3,0,Startup,Tier 3,Bhopal,2.7,3333000
EMP01055,Rahul Reddy,31,Male,PhD,HR,Recruiter,4.2,4,1,SME,Tier 2,Chandigarh,2.6,795000
EMP01056,Sara Kumar,32,Female,Bachelor's,Sales,Channel Partner Manager,5.9,5,1,MNC,Tier 3,Bhopal,3.8,806000
EMP01057,Karan Singh,24,Male,Bachelor's,Engineering,Quality Engineer,0.8,2,0,MNC,Tier 3,Ranchi,4.8,490000
EMP01058,Sara Malik,23,Female,PhD,Operations,Process Improvement Analyst,0.9,2,1,Startup,Tier 1,Delhi,3.9,722000
EMP01059,Diya Agarwal,34,Female,PhD,Education,Curriculum Designer,9.4,2,1,MNC,Tier 2,Jaipur,3.7,1732000
EMP01060,Sara Chatterjee,38,Female,Bachelor's,HR,HR Generalist,15.0,2,3,SME,Tier 1,Kolkata,2.3,1649000
EMP01061,Karan Das,43,Male,Bachelor's,Legal,Legal Advisor,12.7,2,0,Enterprise,Tier 3,Bhopal,4.1,2456000
EMP01062,Amit Reddy,52,Male,Bachelor's,IT,Backend Developer,24.8,7,2,MNC,Tier 3,Mysuru,3.0,3062000
EMP01063,Myra Chatterjee,38,Female,Master's,Legal,Patent Attorney,7.9,5,2,Startup,Tier 2,Chandigarh,4.5,1958000
EMP01064,Ananya Kumar,28,Female,Bachelor's,Healthcare,Physiotherapist,1.3,2,0,Enterprise,Tier 1,Mumbai,4.1,678000
EMP01065,Suresh Gupta,31,Male,Master's,Legal,Legal Analyst,7.4,2,2,Startup,Tier 2,Lucknow,4.7,1618000
EMP01066,Sara Gupta,27,Female,Bachelor's,Marketing,Brand Manager,0.7,2,1,SME,Tier 2,Ahmedabad,4.4,388000
EMP01067,Sneha Chopra,33,Female,Bachelor's,Operations,Operations Manager,6.8,6,0,Startup,Tier 3,Ranchi,2.0,502000
EMP01068,Reyansh Saxena,29,Male,Master's,Finance,Risk Analyst,1.7,3,0,Startup,Tier 2,Kochi,2.5,582000
EMP01069,Deepak Joshi,35,Male,Bachelor's,Education,Academic Counselor,9.0,7,2,SME,Tier 2,Jaipur,1.7,794000
EMP01070,Gaurav Verma,49,Male,Bachelor's,Legal,Corporate Lawyer,26.6,12,0,SME,Tier 2,Chandigarh,3.9,5299000
EMP01071,Aanya Mishra,38,Female,Master's,Education,Teaching Assistant,8.9,5,1,SME,Tier 2,Chandigarh,3.4,1099000
EMP01072,Priya Mishra,32,Female,Bachelor's,Education,Lab Instructor,6.3,5,1,Enterprise,Tier 3,Dehradun,3.1,766000
EMP01073,Nisha Kumar,31,Female,Master's,Engineering,Design Engineer,8.6,3,1,SME,Tier 3,Patna,2.9,1092000
EMP01074,Ankit Patel,31,Male,Master's,Healthcare,Medical Lab Technician,2.2,3,1,Startup,Tier 1,Mumbai,3.2,676000
EMP01075,Pranav Iyer,36,Male,Bachelor's,Operations,Fleet Manager,8.9,3,1,Enterprise,Tier 1,Mumbai,1.7,1545000
EMP01076,Mohit Chopra,40,Male,Bachelor's,Sales,Territory Manager,15.8,8,3,Startup,Tier 1,Bangalore,2.7,2061000
EMP01077,Suresh Das,29,Male,Master's,Sales,Key Account Manager,2.7,3,0,SME,Tier 3,Bhopal,1.6,369000
EMP01078,Ayaan Reddy,42,Male,Master's,Education,Teaching Assistant,17.2,10,2,MNC,Tier 1,Bangalore,4.7,3398000
EMP01079,Sneha Mishra,36,Other,Master's,Operations,Procurement Manager,12.1,5,1,MNC,Tier 3,Ranchi,3.3,1832000
EMP01080,Manish Kumar,42,Male,Bachelor's,Legal,Litigation Associate,15.2,6,0,SME,Tier 2,Nagpur,4.2,2981000
EMP01081,Kavya Deshpande,25,Female,Bachelor's,Marketing,Marketing Manager,1.0,3,0,MNC,Tier 3,Dehradun,4.9,436000
EMP01082,Divya Reddy,34,Female,PhD,Operations,Facility Manager,4.1,2,0,MNC,Tier 2,Lucknow,4.3,1166000
EMP01083,Aarav Joshi,38,Male,Bachelor's,HR,HR Manager,6.3,5,0,SME,Tier 2,Lucknow,3.1,726000
EMP01084,Sai Chopra,50,Male,Master's,Finance,Auditor,18.8,5,3,SME,Tier 2,Chandigarh,4.8,4368000
EMP01085,Rohan Thakur,52,Male,Bachelor's,Education,Lab Instructor,22.4,12,3,MNC,Tier 1,Delhi,3.6,3804000
EMP01086,Sakshi Joshi,42,Female,Master's,Operations,Operations Manager,18.5,2,1,SME,Tier 3,Patna,2.0,1767000
EMP01087,Harsh Nair,27,Male,Master's,Education,Education Consultant,0.4,3,0,SME,Tier 2,Kochi,3.0,377000
EMP01088,Kritika Kumar,57,Female,Master's,Marketing,PR Specialist,17.8,6,1,SME,Tier 2,Kochi,1.6,2117000
EMP01089,Kritika Nair,52,Female,Bachelor's,Marketing,Brand Manager,29.1,15,1,MNC,Tier 1,Pune,3.7,5175000
EMP01090,Nikhil Deshpande,40,Male,Bachelor's,Engineering,Process Engineer,7.7,3,2,Startup,Tier 1,Hyderabad,1.5,981000
EMP01091,Swati Chatterjee,54,Female,Master's,Healthcare,Radiologist,17.0,10,0,Enterprise,Tier 2,Chandigarh,2.4,4455000
EMP01092,Amit Patel,34,Male,Master's,HR,Talent Acquisition Lead,4.8,4,1,Startup,Tier 1,Mumbai,3.1,828000
EMP01093,Divya Pillai,47,Other,Bachelor's,Finance,Financial Analyst,16.1,3,1,SME,Tier 2,Indore,2.5,2117000
EMP01094,Ira Mishra,41,Female,Bachelor's,IT,Frontend Developer,14.0,6,1,MNC,Tier 1,Bangalore,4.4,3596000
EMP01095,Ira Rao,46,Female,Master's,Legal,Contract Specialist,18.0,4,3,SME,Tier 2,Nagpur,5.0,4755000
EMP01096,Priya Gupta,28,Female,Master's,IT,Cybersecurity Analyst,0.3,2,1,Enterprise,Tier 1,Hyderabad,4.1,960000
EMP01097,Reyansh Verma,45,Other,Bachelor's,Marketing,Market Research Analyst,19.5,7,0,SME,Tier 2,Chandigarh,4.2,2427000
EMP01098,Pooja Kumar,38,Female,Bachelor's,Marketing,SEO Specialist,15.2,2,3,Startup,Tier 1,Kolkata,2.3,1439000
EMP01099,Swati Saxena,57,Female,Bachelor's,IT,Cybersecurity Analyst,24.9,13,1,SME,Tier 1,Hyderabad,1.6,4828000
EMP01100,Karan Das,33,Male,PhD,Operations,Operations Manager,8.1,4,2,SME,Tier 2,Nagpur,2.4,1411000
EMP01101,Ira Nair,50,Female,Master's,IT,Cybersecurity Analyst,25.2,8,4,Enterprise,Tier 2,Lucknow,4.0,7500000
EMP01102,Pooja Chatterjee,27,Female,Master's,Legal,Litigation Associate,2.7,3,1,MNC,Tier 2,Chandigarh,4.1,911000
EMP01103,Sai Mishra,47,Male,Bachelor's,Education,Curriculum Designer,12.6,9,2,MNC,Tier 1,Hyderabad,1.8,1919000
EMP01104,Arjun Mehta,44,Male,Master's,Legal,In-House Counsel,20.1,4,0,SME,Tier 3,Guwahati,2.0,2802000
EMP01105,Deepak Kapoor,32,Male,Master's,Operations,Logistics Coordinator,9.8,3,2,SME,Tier 3,Bhopal,5.0,1426000
EMP01106,Nikhil Singh,58,Male,Bachelor's,Sales,Business Development Manager,30.8,12,5,MNC,Tier 2,Chandigarh,4.1,4955000
EMP01107,Divya Banerjee,55,Female,Master's,Engineering,Chemical Engineer,24.8,13,3,MNC,Tier 3,Patna,3.7,4742000
EMP01108,Harsh Deshpande,34,Male,Master's,Sales,Account Executive,7.5,2,2,Enterprise,Tier 1,Hyderabad,2.6,1596000
EMP01109,Deepak Singh,34,Male,Bachelor's,IT,Backend Developer,5.0,3,0,Startup,Tier 2,Jaipur,3.0,792000
EMP01110,Amit Sharma,41,Male,Bachelor's,Education,Academic Counselor,11.0,6,2,Enterprise,Tier 2,Kochi,1.6,1437000
EMP01111,Vivaan Rao,42,Male,Bachelor's,HR,Payroll Specialist,18.3,8,0,SME,Tier 2,Chandigarh,4.8,2125000
EMP01112,Ananya Banerjee,24,Female,PhD,Finance,Credit Analyst,0.5,2,0,SME,Tier 3,Guwahati,4.7,563000
EMP01113,Gaurav Mehta,37,Male,Master's,Legal,Corporate Lawyer,7.9,6,2,Enterprise,Tier 1,Hyderabad,1.8,2658000
EMP01114,Swati Agarwal,23,Female,PhD,Legal,Legal Advisor,0.5,3,1,MNC,Tier 1,Chennai,3.8,1164000
EMP01115,Rajesh Singh,55,Male,Bachelor's,Legal,Patent Attorney,30.3,2,2,MNC,Tier 1,Kolkata,2.0,6138000
EMP01116,Ira Rao,53,Female,Bachelor's,Engineering,Electrical Engineer,27.0,2,2,Startup,Tier 1,Kolkata,3.5,3720000
EMP01117,Harsh Malik,29,Male,Bachelor's,Healthcare,Pharmacist,5.6,2,1,SME,Tier 2,Ahmedabad,1.6,1015000
EMP01118,Harsh Chatterjee,56,Male,Bachelor's,Legal,Corporate Lawyer,20.3,10,3,Startup,Tier 1,Kolkata,2.8,4044000
EMP01119,Ayaan Kumar,29,Male,Bachelor's,Finance,Treasury Analyst,2.5,2,1,MNC,Tier 2,Kochi,2.4,694000
EMP01120,Ankit Patel,48,Male,Bachelor's,IT,Frontend Developer,14.0,6,1,MNC,Tier 1,Delhi,1.7,3001000
EMP01121,Diya Pillai,39,Female,Master's,IT,Backend Developer,15.6,4,2,Enterprise,Tier 3,Mysuru,2.2,3065000
EMP01122,Sneha Rao,35,Female,Bachelor's,Engineering,Process Engineer,9.9,6,0,Startup,Tier 1,Chennai,2.0,1371000
EMP01123,Sneha Pillai,26,Female,Master's,Marketing,Market Research Analyst,3.4,3,0,MNC,Tier 1,Pune,3.0,1035000
EMP01124,Bhavna Banerjee,23,Female,Bachelor's,Education,Lab Instructor,0.4,2,0,SME,Tier 3,Raipur,4.6,240000
EMP01125,Bhavna Bhat,32,Female,Bachelor's,Sales,Key Account Manager,6.5,2,1,MNC,Tier 1,Chennai,1.8,1219000
EMP01126,Myra Deshpande,24,Female,Bachelor's,Engineering,Structural Engineer,0.9,3,1,MNC,Tier 2,Chandigarh,4.5,578000
EMP01127,Mohit Banerjee,57,Male,PhD,Operations,Facility Manager,28.1,11,1,SME,Tier 1,Hyderabad,4.9,6742000
EMP01128,Suresh Bhat,26,Male,Bachelor's,HR,HR Business Partner,3.5,4,0,SME,Tier 3,Patna,3.5,419000
EMP01129,Ishaan Reddy,43,Male,Bachelor's,Engineering,Structural Engineer,11.8,5,2,MNC,Tier 2,Nagpur,2.0,1689000
EMP01130,Pooja Reddy,45,Female,Master's,Sales,Inside Sales Representative,11.5,5,2,MNC,Tier 1,Kolkata,4.6,2930000
EMP01131,Ira Chopra,43,Female,Bachelor's,Legal,Legal Analyst,11.6,5,2,SME,Tier 2,Kochi,2.7,2009000
EMP01132,Aditya Iyer,29,Male,PhD,Sales,Regional Sales Head,0.5,2,1,Enterprise,Tier 2,Kochi,3.5,705000
EMP01133,Rajesh Das,34,Male,Bachelor's,Engineering,Quality Engineer,8.8,5,1,SME,Tier 1,Bangalore,1.9,1447000
EMP01134,Aadhya Verma,26,Female,Bachelor's,Sales,Pre-Sales Consultant,1.1,2,1,SME,Tier 3,Raipur,1.7,282000
EMP01135,Suresh Kapoor,39,Male,Bachelor's,Marketing,Brand Manager,8.8,6,2,MNC,Tier 3,Ranchi,4.4,1180000
EMP01136,Pranav Mishra,42,Male,Master's,Healthcare,Radiologist,9.6,6,0,Enterprise,Tier 1,Kolkata,3.6,3427000
EMP01137,Ira Singh,28,Other,Bachelor's,Engineering,Chemical Engineer,2.2,4,0,Enterprise,Tier 3,Ranchi,1.9,576000
EMP01138,Ishaan Das,46,Male,Bachelor's,Marketing,SEO Specialist,21.9,8,3,SME,Tier 2,Ahmedabad,4.5,2763000
EMP01139,Ananya Thakur,39,Female,Bachelor's,Legal,Contract Specialist,14.8,10,2,SME,Tier 2,Kochi,2.9,2810000
EMP01140,Reyansh Chatterjee,31,Male,Master's,Operations,Inventory Analyst,2.8,3,0,SME,Tier 1,Delhi,2.4,747000
EMP01141,Ayaan Banerjee,52,Male,PhD,Operations,Procurement Manager,23.6,3,3,MNC,Tier 1,Chennai,2.7,5452000
EMP01142,Mohit Das,50,Male,PhD,Finance,Portfolio Manager,15.3,5,2,SME,Tier 3,Dehradun,2.1,2483000
EMP01143,Rajesh Bhat,55,Male,Master's,Marketing,Marketing Manager,32.6,7,0,MNC,Tier 1,Bangalore,1.8,4793000
EMP01144,Aadhya Iyer,27,Female,Bachelor's,HR,Payroll Specialist,1.2,2,1,SME,Tier 3,Patna,2.9,306000
EMP01145,Aditya Nair,27,Male,Master's,Operations,Logistics Coordinator,1.4,3,1,Enterprise,Tier 1,Pune,4.9,955000
EMP01146,Aanya Gupta,28,Female,Bachelor's,Healthcare,Clinical Research Associate,1.6,3,1,MNC,Tier 1,Bangalore,2.4,693000
EMP01147,Sai Deshpande,39,Male,Bachelor's,IT,ML Engineer,11.8,2,1,Startup,Tier 1,Bangalore,4.5,1973000
EMP01148,Suresh Chatterjee,58,Male,Master's,Legal,Compliance Manager,24.6,13,0,MNC,Tier 1,Chennai,4.1,7500000
EMP01149,Amit Kumar,22,Male,Bachelor's,Sales,Territory Manager,0.0,3,1,Enterprise,Tier 2,Indore,4.8,522000
EMP01150,Suresh Mishra,47,Male,Master's,Sales,Regional Sales Head,12.1,9,0,MNC,Tier 1,Chennai,5.0,2881000
EMP01151,Diya Chopra,48,Female,Bachelor's,HR,Talent Acquisition Lead,11.4,5,0,MNC,Tier 1,Pune,3.7,1627000
EMP01152,Rajesh Deshpande,30,Male,Master's,HR,Employee Relations Specialist,2.7,2,0,Enterprise,Tier 1,Hyderabad,3.1,738000
EMP01153,Reyansh Malik,30,Male,Bachelor's,IT,Frontend Developer,7.7,2,1,SME,Tier 1,Hyderabad,4.6,1641000
EMP01154,Aanya Chopra,40,Female,Bachelor's,Sales,Pre-Sales Consultant,12.2,9,0,SME,Tier 1,Chennai,2.1,1472000
EMP01155,Ishaan Kapoor,57,Other,Bachelor's,IT,ML Engineer,19.8,10,2,Startup,Tier 1,Pune,3.6,4269000
EMP01156,Rohan Joshi,45,Male,Bachelor's,Sales,Channel Partner Manager,11.2,5,1,SME,Tier 2,Indore,4.2,1627000
EMP01157,Swati Pillai,26,Female,PhD,Healthcare,Radiologist,1.3,3,1,Startup,Tier 2,Lucknow,1.8,512000
EMP01158,Amit Nair,24,Male,Bachelor's,IT,DevOps Engineer,0.4,2,1,MNC,Tier 3,Dehradun,3.4,560000
EMP01159,Reyansh Sharma,26,Male,Bachelor's,IT,Backend Developer,2.9,2,0,SME,Tier 3,Guwahati,3.2,618000
EMP01160,Karan Mehta,45,Male,Master's,HR,HRIS Analyst,16.6,7,2,MNC,Tier 2,Nagpur,4.0,2696000
EMP01161,Krishna Chopra,37,Male,Bachelor's,IT,QA Engineer,10.1,4,2,SME,Tier 3,Dehradun,1.7,914000
EMP01162,Neha Singh,31,Female,Master's,Marketing,Brand Manager,5.0,3,0,MNC,Tier 2,Ahmedabad,4.1,1302000
EMP01163,Rohan Joshi,27,Male,Bachelor's,Operations,Fleet Manager,4.8,2,1,Enterprise,Tier 1,Hyderabad,4.4,1081000
EMP01164,Mohit Sharma,43,Male,PhD,Finance,Auditor,10.7,5,1,MNC,Tier 1,Pune,2.3,2532000
EMP01165,Sai Mehta,32,Male,Master's,Operations,Inventory Analyst,8.8,2,0,Startup,Tier 2,Lucknow,3.4,1184000
EMP01166,Aditya Saxena,31,Male,PhD,IT,Cloud Architect,2.8,2,1,Enterprise,Tier 1,Kolkata,4.7,2268000
EMP01167,Isha Mishra,27,Female,Bachelor's,HR,Talent Acquisition Lead,0.9,2,0,MNC,Tier 3,Patna,4.3,426000
EMP01168,Sneha Singh,39,Female,Master's,Operations,Operations Analyst,6.3,6,1,Startup,Tier 2,Nagpur,2.4,894000
EMP01169,Kritika Pillai,28,Female,Bachelor's,Marketing,Digital Marketing Analyst,1.2,3,0,MNC,Tier 3,Ranchi,4.8,483000
EMP01170,Deepak Saxena,47,Male,Bachelor's,Marketing,Digital Marketing Analyst,20.2,5,1,SME,Tier 2,Jaipur,1.8,2125000
EMP01171,Diya Kumar,28,Female,PhD,Healthcare,Pharmacist,4.3,4,1,MNC,Tier 2,Indore,3.2,1591000
EMP01172,Deepak Agarwal,57,Male,Master's,HR,Compensation Analyst,32.9,12,0,SME,Tier 1,Delhi,1.7,3881000
EMP01173,Krishna Banerjee,33,Male,Master's,Legal,Contract Specialist,9.2,4,1,Startup,Tier 1,Kolkata,3.0,2059000
EMP01174,Manish Mishra,33,Male,Bachelor's,Healthcare,Hospital Administrator,6.6,5,1,Startup,Tier 3,Patna,3.3,852000
EMP01175,Krishna Reddy,33,Male,Bachelor's,IT,Full Stack Developer,8.8,6,1,SME,Tier 1,Pune,4.4,1867000
EMP01176,Reyansh Kumar,43,Male,Master's,Sales,Key Account Manager,14.7,10,1,SME,Tier 3,Mysuru,1.6,1518000
EMP01177,Riya Thakur,40,Other,Bachelor's,Legal,Corporate Lawyer,10.1,2,1,MNC,Tier 3,Bhopal,3.2,1422000
EMP01178,Nisha Chopra,58,Female,Bachelor's,Education,Instructional Designer,20.5,6,2,Enterprise,Tier 3,Mysuru,2.3,1929000
EMP01179,Neha Banerjee,38,Female,Bachelor's,Marketing,Marketing Manager,8.2,5,0,SME,Tier 1,Mumbai,4.3,1208000
EMP01180,Pranav Das,23,Male,Bachelor's,HR,HRIS Analyst,0.7,3,0,MNC,Tier 2,Nagpur,1.9,340000
EMP01181,Amit Thakur,43,Male,Bachelor's,Marketing,Marketing Manager,17.1,3,2,MNC,Tier 3,Bhopal,1.8,1647000
EMP01182,Simran Iyer,32,Female,Master's,HR,Employee Relations Specialist,3.3,3,0,MNC,Tier 1,Pune,4.8,1161000
EMP01183,Pranav Saxena,57,Male,Master's,Finance,Investment Banker,32.4,15,0,Enterprise,Tier 1,Pune,4.3,7500000
EMP01184,Sara Singh,50,Female,Bachelor's,Sales,Pre-Sales Consultant,19.4,3,3,MNC,Tier 1,Mumbai,2.7,2954000
EMP01185,Sai Banerjee,34,Male,Bachelor's,HR,HR Manager,11.3,6,0,Enterprise,Tier 1,Delhi,2.1,1526000
EMP01186,Divya Reddy,52,Female,PhD,Education,Professor,18.1,8,3,Startup,Tier 2,Nagpur,2.9,2527000
EMP01187,Suresh Bhat,52,Male,Master's,Finance,Risk Analyst,27.0,14,3,MNC,Tier 2,Chandigarh,3.7,5961000
EMP01188,Vivaan Verma,50,Male,Bachelor's,Operations,Process Improvement Analyst,12.3,7,2,SME,Tier 2,Jaipur,4.9,1697000
EMP01189,Aanya Kumar,28,Female,Master's,Sales,Account Executive,3.6,3,1,MNC,Tier 2,Nagpur,2.7,876000
EMP01190,Aadhya Bhat,42,Female,Bachelor's,Sales,Regional Sales Head,11.5,8,0,Startup,Tier 1,Bangalore,3.9,1508000
EMP01191,Myra Iyer,43,Female,Master's,Finance,Compliance Officer,12.4,9,1,MNC,Tier 1,Mumbai,4.9,3691000
EMP01192,Harsh Gupta,30,Male,PhD,Operations,Facility Manager,7.0,4,0,Startup,Tier 1,Delhi,2.6,1147000
EMP01193,Rajesh Reddy,27,Male,Bachelor's,HR,HR Business Partner,4.3,2,1,Enterprise,Tier 2,Jaipur,4.6,847000
EMP01194,Aadhya Joshi,48,Female,Bachelor's,Education,Curriculum Designer,22.1,4,0,Startup,Tier 3,Bhopal,1.9,1299000
EMP01195,Mohit Chatterjee,47,Male,Bachelor's,HR,Training Coordinator,19.1,10,1,Startup,Tier 1,Kolkata,4.7,2207000
EMP01196,Diya Bhat,23,Female,Bachelor's,Healthcare,Pharmacist,0.7,2,1,Startup,Tier 2,Chandigarh,3.5,387000
EMP01197,Ira Rao,57,Female,Bachelor's,Engineering,Chemical Engineer,27.5,8,1,MNC,Tier 1,Bangalore,2.9,4904000
EMP01198,Swati Joshi,39,Female,Bachelor's,Finance,Portfolio Manager,9.2,6,1,Startup,Tier 1,Chennai,2.2,1376000
EMP01199,Arjun Mishra,33,Male,Master's,Operations,Supply Chain Analyst,10.7,3,0,MNC,Tier 1,Bangalore,4.1,2283000
EMP01200,Isha Banerjee,30,Female,PhD,HR,Recruiter,5.0,3,0,MNC,Tier 1,Mumbai,2.7,1421000
EMP01201,Arjun Kapoor,29,Male,Master's,Education,Lab Instructor,3.0,4,1,SME,Tier 1,Kolkata,2.0,612000
EMP01202,Reyansh Agarwal,37,Male,Bachelor's,HR,Employee Relations Specialist,6.0,2,1,SME,Tier 1,Pune,1.7,717000
EMP01203,Ishaan Reddy,48,Male,Bachelor's,HR,Training Coordinator,15.3,4,3,MNC,Tier 2,Nagpur,3.4,2015000
EMP01204,Kavya Joshi,36,Female,Bachelor's,HR,Payroll Specialist,13.7,6,1,SME,Tier 1,Bangalore,1.6,1515000
EMP01205,Mohit Banerjee,36,Male,PhD,Sales,Pre-Sales Consultant,10.4,3,0,SME,Tier 1,Delhi,3.9,2269000
EMP01206,Ankit Pillai,41,Male,Master's,IT,Data Scientist,13.6,3,1,Enterprise,Tier 1,Bangalore,4.2,4304000
EMP01207,Divya Chopra,58,Female,Master's,Sales,Business Development Manager,28.2,10,0,Startup,Tier 1,Pune,3.9,4456000
EMP01208,Swati Mehta,22,Female,Bachelor's,Healthcare,Nurse,0.0,3,1,MNC,Tier 1,Bangalore,3.7,472000
EMP01209,Tanvi Mishra,58,Female,Bachelor's,Engineering,Quality Engineer,28.5,5,2,Startup,Tier 1,Hyderabad,4.2,3629000
EMP01210,Mohit Nair,49,Male,PhD,IT,Data Scientist,12.2,4,0,SME,Tier 1,Hyderabad,2.9,3566000
EMP01211,Arjun Singh,57,Other,Bachelor's,Healthcare,Medical Lab Technician,29.9,5,2,Startup,Tier 1,Chennai,2.9,4777000
EMP01212,Anjali Mishra,50,Other,Master's,Finance,Tax Consultant,26.7,11,0,Startup,Tier 1,Chennai,3.4,4707000
EMP01213,Bhavna Nair,24,Female,Bachelor's,HR,HR Generalist,0.3,2,1,MNC,Tier 1,Hyderabad,4.6,508000
EMP01214,Nikhil Mishra,36,Male,PhD,HR,HR Manager,8.3,4,1,MNC,Tier 2,Lucknow,1.6,1470000
EMP01215,Deepak Mishra,23,Male,Master's,Marketing,Content Writer,0.8,2,0,MNC,Tier 1,Bangalore,2.2,586000
EMP01216,Vivaan Agarwal,50,Male,Bachelor's,Healthcare,Doctor,13.9,5,2,MNC,Tier 3,Ranchi,4.4,2884000
EMP01217,Harsh Gupta,32,Male,Bachelor's,IT,DevOps Engineer,5.6,3,1,Startup,Tier 2,Lucknow,1.8,768000
EMP01218,Vikram Nair,32,Male,Bachelor's,Sales,Pre-Sales Consultant,9.2,6,2,Enterprise,Tier 3,Ranchi,4.6,1471000
EMP01219,Suresh Thakur,58,Male,Bachelor's,Legal,Contract Specialist,19.4,9,2,SME,Tier 2,Indore,4.3,3711000
EMP01220,Ira Banerjee,40,Female,Bachelor's,Sales,Territory Manager,17.2,11,0,MNC,Tier 1,Mumbai,2.3,3434000
EMP01221,Diya Thakur,52,Female,Bachelor's,Operations,Logistics Coordinator,13.9,4,1,MNC,Tier 1,Mumbai,3.3,2068000
EMP01222,Aanya Nair,56,Female,Master's,Education,Dean,24.8,6,2,SME,Tier 1,Bangalore,1.7,3149000
EMP01223,Reyansh Kumar,36,Male,Master's,Finance,Compliance Officer,5.5,5,0,SME,Tier 2,Jaipur,4.1,1239000
EMP01224,Sai Agarwal,39,Male,PhD,Education,Professor,5.9,2,0,MNC,Tier 2,Nagpur,4.3,1266000
EMP01225,Rohan Patel,27,Male,Bachelor's,Marketing,PR Specialist,4.8,2,1,MNC,Tier 2,Chandigarh,1.7,710000
EMP01226,Tanvi Sharma,31,Female,PhD,Education,Lab Instructor,6.5,6,1,MNC,Tier 1,Mumbai,3.4,1554000
EMP01227,Ankit Mishra,56,Male,Bachelor's,Legal,In-House Counsel,32.3,3,1,Startup,Tier 2,Kochi,3.7,4472000
EMP01228,Amit Rao,24,Male,Bachelor's,Legal,Corporate Lawyer,0.1,2,0,MNC,Tier 3,Dehradun,2.7,397000
EMP01229,Rahul Kapoor,55,Male,Bachelor's,Healthcare,Radiologist,21.5,3,1,SME,Tier 2,Kochi,2.3,3701000
EMP01230,Ankit Verma,45,Male,Bachelor's,Healthcare,Public Health Specialist,14.6,2,0,MNC,Tier 1,Bangalore,2.3,3644000
EMP01231,Tanvi Thakur,51,Female,Master's,IT,Cybersecurity Analyst,25.1,15,4,Startup,Tier 1,Delhi,4.3,6610000
EMP01232,Riya Iyer,55,Female,Bachelor's,Sales,Pre-Sales Consultant,28.2,6,5,MNC,Tier 3,Guwahati,2.1,2869000
EMP01233,Sneha Nair,55,Female,Bachelor's,Marketing,Growth Hacker,26.5,8,2,SME,Tier 2,Lucknow,3.9,3334000
EMP01234,Pooja Kapoor,32,Female,Bachelor's,HR,Employee Relations Specialist,5.1,2,0,Enterprise,Tier 2,Lucknow,2.8,972000
EMP01235,Anjali Das,35,Female,Bachelor's,HR,Recruiter,8.4,2,1,SME,Tier 3,Dehradun,2.0,599000
EMP01236,Kavya Deshpande,40,Female,Master's,IT,DevOps Engineer,10.8,3,2,MNC,Tier 1,Kolkata,2.2,3099000
EMP01237,Gaurav Sharma,27,Male,Bachelor's,HR,Employee Relations Specialist,4.1,4,0,MNC,Tier 2,Chandigarh,2.3,734000
EMP01238,Anjali Patel,39,Female,Bachelor's,Healthcare,Dentist,12.9,2,2,MNC,Tier 1,Kolkata,3.7,3144000
EMP01239,Rajesh Nair,35,Other,PhD,Marketing,Social Media Manager,5.3,4,1,Enterprise,Tier 1,Kolkata,2.3,1652000
EMP01240,Vihaan Gupta,28,Male,Master's,Legal,In-House Counsel,2.8,2,0,MNC,Tier 1,Chennai,1.8,1255000
EMP01241,Sneha Reddy,30,Female,Bachelor's,Education,Academic Counselor,2.2,3,0,MNC,Tier 3,Mysuru,3.6,395000
EMP01242,Manish Mehta,46,Male,Bachelor's,Sales,Regional Sales Head,20.9,13,4,Enterprise,Tier 1,Bangalore,2.2,4318000
EMP01243,Aarav Mishra,28,Male,Bachelor's,Engineering,Civil Engineer,3.7,4,0,SME,Tier 1,Hyderabad,3.7,833000
EMP01244,Gaurav Joshi,29,Male,PhD,Engineering,Mechanical Engineer,6.2,3,1,SME,Tier 2,Lucknow,4.6,1402000
EMP01245,Suresh Gupta,29,Male,Master's,Operations,Warehouse Manager,1.2,3,0,SME,Tier 2,Chandigarh,4.4,524000
EMP01246,Bhavna Das,34,Female,Bachelor's,Healthcare,Medical Lab Technician,8.9,6,0,Startup,Tier 2,Chandigarh,2.7,1162000
EMP01247,Krishna Verma,40,Male,Bachelor's,Sales,Regional Sales Head,17.3,2,2,MNC,Tier 2,Chandigarh,2.3,2305000
EMP01248,Meera Das,24,Female,Bachelor's,Finance,Accountant,1.5,3,0,Enterprise,Tier 3,Mysuru,5.0,592000
EMP01249,Reyansh Chatterjee,46,Male,Bachelor's,Operations,Supply Chain Analyst,21.5,2,3,Startup,Tier 2,Chandigarh,4.8,2598000
EMP01250,Sai Deshpande,35,Male,Bachelor's,Education,Education Consultant,4.9,5,0,SME,Tier 1,Kolkata,4.5,698000
EMP01251,Pranav Bhat,31,Male,Master's,Sales,Key Account Manager,3.7,2,0,SME,Tier 3,Bhopal,4.3,640000
EMP01252,Bhavna Reddy,43,Other,Bachelor's,Legal,In-House Counsel,17.7,10,1,SME,Tier 1,Kolkata,2.8,3980000
EMP01253,Aadhya Singh,45,Female,Bachelor's,IT,Cybersecurity Analyst,20.6,10,2,Enterprise,Tier 2,Jaipur,4.3,4309000
EMP01254,Sai Sharma,50,Male,PhD,Operations,Logistics Coordinator,17.8,11,3,MNC,Tier 2,Ahmedabad,4.5,4624000
EMP01255,Divya Bhat,51,Female,Bachelor's,Sales,Key Account Manager,14.9,7,3,MNC,Tier 2,Lucknow,2.7,2473000
EMP01256,Aarav Deshpande,54,Male,Master's,Operations,Facility Manager,28.1,15,1,Enterprise,Tier 3,Bhopal,2.1,3509000
EMP01257,Priya Joshi,31,Female,Master's,Engineering,Design Engineer,5.7,2,1,MNC,Tier 1,Chennai,3.2,1724000
EMP01258,Vihaan Malik,48,Male,PhD,IT,Cloud Architect,12.8,5,1,MNC,Tier 3,Patna,3.3,2949000
EMP01259,Ankit Agarwal,45,Male,Master's,Sales,Business Development Manager,18.0,10,0,MNC,Tier 3,Mysuru,1.5,2104000
EMP01260,Vikram Agarwal,29,Male,PhD,Operations,Facility Manager,3.3,2,0,SME,Tier 2,Kochi,3.9,861000
EMP01261,Krishna Gupta,57,Male,Bachelor's,Engineering,Project Manager,23.4,3,1,Startup,Tier 2,Ahmedabad,1.8,2369000
EMP01262,Myra Deshpande,34,Female,Master's,Education,Instructional Designer,6.0,2,1,MNC,Tier 2,Ahmedabad,3.4,980000
EMP01263,Manish Joshi,54,Male,Bachelor's,IT,Software Developer,29.0,4,3,MNC,Tier 1,Kolkata,4.5,7476000
EMP01264,Amit Banerjee,26,Male,PhD,Finance,Portfolio Manager,2.0,2,0,MNC,Tier 3,Ranchi,4.4,794000
EMP01265,Ananya Verma,26,Female,Bachelor's,IT,Cybersecurity Analyst,2.6,2,1,MNC,Tier 1,Kolkata,2.6,981000
EMP01266,Manish Patel,55,Male,Bachelor's,Operations,Fleet Manager,26.4,12,1,Startup,Tier 1,Kolkata,2.5,2872000
EMP01267,Mohit Malik,50,Male,Master's,Engineering,Electrical Engineer,12.0,9,0,MNC,Tier 2,Ahmedabad,3.8,2437000
EMP01268,Kavya Sharma,57,Female,Master's,Legal,Litigation Associate,33.4,2,1,MNC,Tier 3,Bhopal,4.2,5607000
EMP01269,Amit Pillai,56,Male,Bachelor's,Marketing,Brand Manager,18.9,5,0,Enterprise,Tier 3,Ranchi,2.8,1981000
EMP01270,Ira Chatterjee,47,Female,Bachelor's,Sales,Account Executive,17.2,5,1,MNC,Tier 1,Bangalore,1.5,2806000
EMP01271,Manish Das,37,Male,Master's,Education,Research Associate,9.4,6,2,Enterprise,Tier 1,Bangalore,2.3,1849000
EMP01272,Ankit Thakur,40,Male,Bachelor's,Operations,Operations Manager,15.0,4,2,Startup,Tier 3,Ranchi,3.3,1303000
EMP01273,Reyansh Das,39,Other,Bachelor's,IT,Frontend Developer,11.2,7,1,MNC,Tier 1,Chennai,1.9,2140000
EMP01274,Karan Kapoor,53,Male,Master's,Healthcare,Pharmacist,13.9,4,0,Enterprise,Tier 3,Raipur,3.4,2852000
EMP01275,Deepak Reddy,38,Male,Bachelor's,Engineering,Electrical Engineer,11.7,4,2,MNC,Tier 2,Indore,3.6,2132000
EMP01276,Vikram Nair,56,Male,Bachelor's,Finance,Compliance Officer,18.4,12,2,SME,Tier 1,Chennai,4.1,3719000
EMP01277,Vivaan Rao,56,Other,Master's,Engineering,Design Engineer,27.6,3,3,SME,Tier 1,Pune,4.8,6748000
EMP01278,Amit Pillai,31,Male,Master's,IT,Full Stack Developer,7.2,5,2,Startup,Tier 2,Lucknow,2.1,1292000
EMP01279,Shreya Agarwal,32,Female,Bachelor's,Engineering,Project Manager,3.1,3,1,Enterprise,Tier 2,Ahmedabad,3.5,898000
EMP01280,Anjali Bhat,33,Female,Bachelor's,Operations,Logistics Coordinator,6.0,5,1,MNC,Tier 3,Raipur,3.6,807000
EMP01281,Neha Nair,49,Female,Master's,Sales,Key Account Manager,23.4,2,1,Startup,Tier 3,Mysuru,2.7,2323000
EMP01282,Suresh Saxena,36,Male,Master's,Sales,Regional Sales Head,13.8,6,2,MNC,Tier 1,Chennai,2.7,2859000
EMP01283,Anjali Thakur,26,Female,Master's,HR,Talent Acquisition Lead,1.8,3,0,MNC,Tier 1,Delhi,4.7,888000
EMP01284,Pranav Banerjee,50,Male,Bachelor's,Marketing,Growth Hacker,24.3,12,1,Startup,Tier 2,Chandigarh,2.8,2840000
EMP01285,Suresh Gupta,51,Male,Bachelor's,Sales,Territory Manager,18.8,4,3,MNC,Tier 2,Lucknow,4.4,3015000
EMP01286,Nikhil Mishra,34,Male,Bachelor's,IT,ML Engineer,6.5,6,0,SME,Tier 1,Kolkata,4.3,1377000
EMP01287,Harsh Iyer,23,Male,Master's,Education,Lab Instructor,0.4,3,1,MNC,Tier 1,Mumbai,2.1,406000
EMP01288,Sara Deshpande,43,Female,Master's,HR,HR Business Partner,10.0,6,1,SME,Tier 1,Bangalore,2.7,1554000
EMP01289,Pooja Patel,37,Female,Master's,Healthcare,Clinical Research Associate,12.3,6,1,MNC,Tier 1,Bangalore,3.4,3428000
EMP01290,Swati Singh,43,Female,Bachelor's,HR,Recruiter,17.1,7,1,MNC,Tier 1,Hyderabad,2.1,1918000
EMP01291,Riya Patel,58,Female,Bachelor's,Operations,Procurement Manager,33.4,5,2,MNC,Tier 2,Chandigarh,1.9,3642000
EMP01292,Anjali Singh,57,Female,Master's,Education,Education Consultant,15.0,9,2,Enterprise,Tier 3,Raipur,2.6,2187000
EMP01293,Bhavna Rao,40,Female,Master's,Marketing,Marketing Manager,8.3,7,2,Startup,Tier 2,Kochi,4.4,1293000
EMP01294,Vihaan Rao,52,Male,Bachelor's,Marketing,Growth Hacker,27.2,7,4,SME,Tier 2,Jaipur,4.4,3922000
EMP01295,Ishaan Gupta,42,Male,Bachelor's,Finance,Tax Consultant,17.9,5,0,SME,Tier 1,Chennai,4.6,3253000
EMP01296,Sneha Kapoor,55,Female,Bachelor's,Engineering,Quality Engineer,30.3,2,0,Enterprise,Tier 1,Pune,2.0,4501000
EMP01297,Diya Joshi,27,Female,Bachelor's,Education,Research Associate,2.6,4,0,MNC,Tier 2,Kochi,1.7,487000
EMP01298,Myra Deshpande,52,Female,Bachelor's,Education,Research Associate,17.0,10,2,SME,Tier 3,Ranchi,3.5,1406000
EMP01299,Bhavna Das,48,Female,Bachelor's,Education,Instructional Designer,18.6,9,3,SME,Tier 3,Patna,3.2,1586000
EMP01300,Rohan Kapoor,39,Male,Bachelor's,Education,Instructional Designer,10.9,4,1,MNC,Tier 3,Ranchi,2.1,934000
EMP01301,Suresh Singh,27,Male,Master's,Engineering,Project Manager,0.1,2,0,Startup,Tier 3,Ranchi,3.7,323000
EMP01302,Priya Gupta,37,Female,Bachelor's,Finance,Tax Consultant,13.8,3,1,Startup,Tier 1,Mumbai,3.3,2158000
EMP01303,Meera Thakur,33,Female,Master's,HR,HR Business Partner,4.9,5,1,MNC,Tier 3,Dehradun,2.0,679000
EMP01304,Tanvi Nair,49,Other,Bachelor's,Legal,Patent Attorney,21.5,4,0,Startup,Tier 3,Guwahati,4.0,2587000
EMP01305,Pooja Reddy,26,Female,Bachelor's,Healthcare,Clinical Research Associate,3.2,2,0,Startup,Tier 1,Bangalore,3.6,784000
EMP01306,Sakshi Sharma,41,Female,Master's,IT,QA Engineer,15.7,3,1,SME,Tier 2,Lucknow,4.0,2843000
EMP01307,Aarav Thakur,32,Male,Master's,Engineering,Process Engineer,7.6,5,0,MNC,Tier 3,Dehradun,3.1,1228000
EMP01308,Rahul Thakur,39,Male,Bachelor's,Engineering,Electrical Engineer,15.6,2,2,Startup,Tier 1,Pune,4.2,2291000
EMP01309,Nisha Banerjee,57,Female,Bachelor's,Finance,Portfolio Manager,16.5,4,3,Enterprise,Tier 2,Lucknow,1.7,2885000
EMP01310,Ira Malik,35,Female,PhD,Operations,Logistics Coordinator,12.6,2,1,Startup,Tier 1,Chennai,4.7,2554000
EMP01311,Vikram Patel,28,Male,Master's,Education,Instructional Designer,0.5,3,0,MNC,Tier 1,Bangalore,2.6,496000
EMP01312,Ayaan Mishra,56,Male,Bachelor's,Sales,Key Account Manager,20.1,3,3,MNC,Tier 2,Indore,4.6,3698000
EMP01313,Amit Joshi,37,Male,PhD,Operations,Process Improvement Analyst,7.2,4,2,MNC,Tier 2,Kochi,4.0,1972000
EMP01314,Karan Chopra,50,Male,Bachelor's,Operations,Logistics Coordinator,19.0,4,0,SME,Tier 2,Kochi,3.1,2131000
EMP01315,Mohit Kapoor,29,Male,Bachelor's,Education,Research Associate,4.7,3,0,Startup,Tier 3,Mysuru,4.9,467000
EMP01316,Rahul Banerjee,25,Male,Bachelor's,Healthcare,Doctor,2.7,3,1,MNC,Tier 3,Dehradun,3.3,563000
EMP01317,Rajesh Malik,44,Male,Master's,Education,Dean,13.0,5,2,MNC,Tier 3,Mysuru,4.4,1504000
EMP01318,Bhavna Verma,34,Female,Bachelor's,HR,Compensation Analyst,11.4,7,0,MNC,Tier 3,Raipur,2.6,1066000
EMP01319,Rahul Patel,35,Male,Master's,Operations,Supply Chain Analyst,3.7,2,0,MNC,Tier 2,Kochi,4.1,883000
EMP01320,Aanya Joshi,34,Female,Bachelor's,Sales,Sales Engineer,4.5,3,0,MNC,Tier 3,Bhopal,2.2,575000
EMP01321,Aanya Chopra,29,Female,Bachelor's,IT,DevOps Engineer,5.5,2,0,Startup,Tier 3,Guwahati,4.9,825000
EMP01322,Manish Agarwal,30,Male,Bachelor's,Operations,Supply Chain Analyst,2.7,3,1,Startup,Tier 3,Bhopal,1.9,353000
EMP01323,Nisha Kumar,43,Female,Master's,Sales,Territory Manager,20.1,5,4,MNC,Tier 1,Delhi,3.5,4757000
EMP01324,Rohan Reddy,56,Male,Bachelor's,Healthcare,Dentist,27.4,12,2,MNC,Tier 1,Pune,4.2,7500000
EMP01325,Aditya Joshi,23,Male,Master's,Engineering,Process Engineer,0.1,3,0,MNC,Tier 1,Bangalore,2.0,599000
EMP01326,Arjun Sharma,34,Male,Master's,Education,Education Consultant,9.5,2,2,MNC,Tier 1,Bangalore,4.0,1478000
EMP01327,Kavya Kumar,53,Female,Master's,Finance,Risk Analyst,30.4,3,1,SME,Tier 1,Delhi,3.4,4999000
EMP01328,Amit Joshi,30,Male,Bachelor's,IT,Backend Developer,7.6,3,0,Startup,Tier 2,Jaipur,3.0,1080000
EMP01329,Sai Rao,36,Male,Master's,HR,HR Manager,5.7,2,1,MNC,Tier 3,Dehradun,3.0,719000
EMP01330,Meera Nair,30,Female,Bachelor's,HR,HR Generalist,5.9,2,1,SME,Tier 3,Patna,4.4,664000
EMP01331,Sakshi Sharma,36,Female,Master's,HR,HR Manager,6.5,2,0,MNC,Tier 3,Dehradun,4.8,1102000
EMP01332,Bhavna Bhat,50,Female,Bachelor's,HR,HRIS Analyst,13.0,9,2,MNC,Tier 3,Ranchi,2.5,1438000
EMP01333,Priya Iyer,52,Female,Master's,Healthcare,Hospital Administrator,20.3,2,0,Startup,Tier 1,Mumbai,4.3,4694000
EMP01334,Vivaan Reddy,23,Male,Master's,Engineering,Process Engineer,0.2,3,1,SME,Tier 3,Dehradun,2.1,392000
EMP01335,Pranav Sharma,55,Male,Bachelor's,Education,Teaching Assistant,16.5,11,0,Enterprise,Tier 1,Delhi,4.0,2809000
EMP01336,Reyansh Pillai,24,Male,Bachelor's,Finance,Risk Analyst,0.1,2,1,Startup,Tier 1,Pune,2.5,382000
EMP01337,Pranav Rao,41,Other,Bachelor's,Engineering,Electrical Engineer,8.8,3,0,Startup,Tier 1,Delhi,3.4,1196000
EMP01338,Rahul Malik,49,Male,Master's,Operations,Warehouse Manager,18.7,5,0,MNC,Tier 1,Kolkata,4.3,3854000
EMP01339,Tanvi Banerjee,32,Female,Master's,Legal,Patent Attorney,8.7,5,1,MNC,Tier 1,Chennai,1.7,2272000
EMP01340,Arjun Saxena,52,Male,Bachelor's,IT,Backend Developer,19.9,8,0,SME,Tier 1,Chennai,1.6,3261000
EMP01341,Vihaan Verma,50,Male,Master's,Legal,Legal Advisor,26.5,2,0,MNC,Tier 1,Bangalore,3.4,7500000
EMP01342,Aanya Saxena,58,Female,Master's,HR,HRIS Analyst,15.1,5,0,SME,Tier 1,Delhi,3.6,2232000
EMP01343,Rajesh Joshi,53,Male,PhD,Engineering,Site Engineer,22.3,9,1,MNC,Tier 1,Chennai,3.0,6417000
EMP01344,Vikram Banerjee,57,Male,Master's,Finance,Portfolio Manager,33.1,3,1,SME,Tier 1,Mumbai,3.2,6014000
EMP01345,Priya Nair,33,Female,Master's,Engineering,Electrical Engineer,4.3,4,0,Enterprise,Tier 1,Mumbai,1.7,1310000
EMP01346,Neha Patel,49,Female,Master's,Healthcare,Doctor,14.0,2,3,MNC,Tier 2,Lucknow,1.9,2722000
EMP01347,Sai Agarwal,23,Male,Master's,HR,Recruiter,0.8,2,0,SME,Tier 2,Kochi,3.5,346000
EMP01348,Bhavna Mishra,50,Female,PhD,Finance,Accountant,27.6,2,5,MNC,Tier 2,Kochi,4.9,7500000
EMP01349,Anjali Sharma,26,Female,PhD,Engineering,Structural Engineer,1.2,2,0,MNC,Tier 2,Chandigarh,3.3,746000
EMP01350,Priya Mishra,50,Female,PhD,Education,Teaching Assistant,26.9,10,1,Startup,Tier 1,Chennai,1.7,3472000
EMP01351,Mohit Agarwal,27,Male,Master's,Healthcare,Medical Lab Technician,1.9,2,1,MNC,Tier 1,Kolkata,3.8,904000
EMP01352,Anjali Rao,39,Female,Master's,Operations,Inventory Analyst,11.9,6,0,SME,Tier 2,Kochi,4.8,1600000
EMP01353,Sneha Agarwal,25,Female,Bachelor's,Operations,Process Improvement Analyst,0.7,2,1,Enterprise,Tier 1,Chennai,3.0,619000
EMP01354,Vivaan Rao,57,Male,Master's,Healthcare,Dentist,20.3,13,4,MNC,Tier 1,Hyderabad,2.7,7500000
EMP01355,Nisha Mishra,47,Female,Bachelor's,IT,Cybersecurity Analyst,23.9,13,2,MNC,Tier 1,Chennai,2.4,5529000
EMP01356,Suresh Das,23,Male,Bachelor's,Sales,Key Account Manager,0.2,3,0,Startup,Tier 1,Hyderabad,2.0,240000
EMP01357,Harsh Mishra,37,Other,Master's,Engineering,Structural Engineer,10.2,3,0,MNC,Tier 2,Nagpur,4.2,1958000
EMP01358,Amit Thakur,54,Male,Bachelor's,IT,QA Engineer,16.5,6,3,SME,Tier 3,Mysuru,3.3,2281000
EMP01359,Aanya Das,23,Female,Master's,Finance,Accountant,0.3,2,0,MNC,Tier 2,Indore,2.4,474000
EMP01360,Tanvi Bhat,32,Female,PhD,Marketing,Market Research Analyst,2.9,2,1,MNC,Tier 3,Ranchi,2.2,705000
EMP01361,Krishna Mehta,57,Male,Bachelor's,Engineering,Project Manager,30.7,13,0,Enterprise,Tier 1,Delhi,4.1,6453000
EMP01362,Krishna Singh,28,Male,Bachelor's,IT,Frontend Developer,4.5,4,0,MNC,Tier 1,Pune,1.7,1186000
EMP01363,Sneha Kapoor,26,Female,Master's,Healthcare,Hospital Administrator,2.4,4,0,MNC,Tier 3,Guwahati,1.5,592000
EMP01364,Pranav Kumar,28,Male,Bachelor's,Legal,Patent Attorney,3.1,2,0,MNC,Tier 2,Ahmedabad,3.7,895000
EMP01365,Divya Das,56,Female,Master's,Marketing,Campaign Manager,21.9,11,4,SME,Tier 3,Dehradun,3.5,3138000
EMP01366,Aanya Mehta,43,Female,Master's,Education,Professor,9.0,6,0,MNC,Tier 2,Jaipur,4.5,1444000
EMP01367,Kavya Nair,46,Female,Master's,IT,Full Stack Developer,10.7,5,0,SME,Tier 2,Lucknow,4.4,2229000
EMP01368,Manish Thakur,47,Male,Bachelor's,Education,Academic Counselor,16.5,4,0,MNC,Tier 1,Delhi,3.6,2075000
EMP01369,Aarav Verma,23,Male,Master's,Operations,Warehouse Manager,0.8,3,1,Startup,Tier 1,Hyderabad,5.0,575000
EMP01370,Neha Kapoor,57,Female,Master's,Engineering,Quality Engineer,22.9,7,3,SME,Tier 1,Pune,4.8,4871000
EMP01371,Rahul Rao,50,Male,Bachelor's,IT,Cybersecurity Analyst,19.2,6,2,Enterprise,Tier 1,Chennai,4.3,5352000
EMP01372,Arjun Nair,45,Male,Bachelor's,Engineering,Design Engineer,20.1,12,1,MNC,Tier 1,Delhi,1.7,3964000
EMP01373,Rohan Chopra,44,Male,Bachelor's,IT,Software Developer,18.0,12,3,Startup,Tier 1,Bangalore,2.0,2732000
EMP01374,Manish Malik,49,Male,PhD,Legal,Litigation Associate,15.6,4,2,MNC,Tier 1,Mumbai,1.8,4292000
EMP01375,Vihaan Gupta,45,Male,PhD,Sales,Key Account Manager,16.2,10,3,Enterprise,Tier 1,Chennai,1.6,4796000
EMP01376,Nikhil Banerjee,52,Male,Master's,Sales,Business Development Manager,15.5,3,1,MNC,Tier 3,Ranchi,3.1,2068000
EMP01377,Ananya Iyer,50,Female,Bachelor's,Engineering,Structural Engineer,25.6,12,3,Startup,Tier 2,Lucknow,1.7,2722000
EMP01378,Ayaan Kapoor,52,Male,Bachelor's,Engineering,Project Manager,24.8,13,3,Enterprise,Tier 2,Ahmedabad,3.4,5396000
EMP01379,Sneha Patel,45,Other,PhD,Sales,Business Development Manager,13.0,3,2,MNC,Tier 2,Kochi,2.6,2491000
EMP01380,Manish Iyer,25,Male,Bachelor's,Engineering,Structural Engineer,0.9,3,1,MNC,Tier 1,Bangalore,4.5,875000
EMP01381,Aanya Singh,30,Female,PhD,Healthcare,Dentist,3.0,4,1,MNC,Tier 2,Nagpur,4.9,1479000
EMP01382,Manish Banerjee,35,Male,Bachelor's,HR,Training Coordinator,8.7,2,0,Enterprise,Tier 2,Ahmedabad,3.9,1211000
EMP01383,Sneha Chatterjee,22,Female,Master's,IT,Data Scientist,0.0,3,0,MNC,Tier 1,Kolkata,3.7,909000
EMP01384,Suresh Nair,42,Male,Master's,Sales,Business Development Manager,10.5,3,1,MNC,Tier 3,Bhopal,1.6,1189000
EMP01385,Kritika Bhat,28,Female,Bachelor's,Engineering,Quality Engineer,3.4,3,0,MNC,Tier 1,Bangalore,2.5,950000
EMP01386,Ankit Chatterjee,38,Male,Bachelor's,IT,ML Engineer,8.1,6,1,MNC,Tier 2,Kochi,2.3,1587000
EMP01387,Divya Singh,22,Female,Master's,Education,Academic Counselor,0.0,2,0,MNC,Tier 3,Raipur,3.8,355000
EMP01388,Simran Banerjee,58,Female,Master's,Operations,Operations Analyst,25.8,4,4,Startup,Tier 3,Ranchi,3.2,3015000
EMP01389,Sneha Singh,39,Female,Master's,Healthcare,Hospital Administrator,9.8,2,0,Enterprise,Tier 3,Raipur,4.1,2141000
EMP01390,Krishna Patel,39,Male,Bachelor's,Marketing,Growth Hacker,13.3,9,0,MNC,Tier 1,Pune,1.9,1869000
EMP01391,Anjali Agarwal,57,Other,Bachelor's,Engineering,Electrical Engineer,33.9,11,1,Enterprise,Tier 2,Kochi,4.7,6111000
EMP01392,Divya Reddy,32,Female,Bachelor's,IT,Data Scientist,3.1,2,0,Enterprise,Tier 1,Kolkata,3.3,1110000
EMP01393,Amit Singh,24,Male,PhD,Sales,Channel Partner Manager,1.3,3,1,Startup,Tier 2,Nagpur,2.5,587000
EMP01394,Aditya Joshi,25,Male,PhD,Marketing,Growth Hacker,0.9,3,0,MNC,Tier 1,Chennai,4.1,906000
EMP01395,Neha Das,57,Female,Master's,Marketing,Social Media Manager,20.8,11,2,MNC,Tier 2,Jaipur,1.5,3105000
EMP01396,Ananya Malik,47,Female,PhD,IT,Full Stack Developer,22.2,6,2,Enterprise,Tier 2,Ahmedabad,4.4,7500000
EMP01397,Harsh Verma,49,Male,Bachelor's,Engineering,Design Engineer,15.7,3,0,Enterprise,Tier 1,Delhi,2.5,2480000
EMP01398,Aditya Saxena,36,Male,PhD,IT,Cloud Architect,9.4,2,1,MNC,Tier 3,Raipur,2.4,1778000
EMP01399,Aadhya Pillai,22,Female,Bachelor's,Sales,Sales Engineer,0.0,2,1,MNC,Tier 1,Kolkata,3.5,494000
EMP01400,Sara Banerjee,51,Female,Master's,Sales,Sales Engineer,20.9,10,4,MNC,Tier 2,Jaipur,3.2,4076000
EMP01401,Divya Bhat,53,Other,Master's,Finance,Tax Consultant,13.1,8,0,SME,Tier 3,Raipur,3.1,1596000
EMP01402,Harsh Chopra,37,Male,Bachelor's,Finance,Investment Banker,9.6,7,1,SME,Tier 3,Raipur,3.5,1217000
EMP01403,Sara Banerjee,22,Female,Bachelor's,Finance,Compliance Officer,0.0,3,0,Enterprise,Tier 2,Chandigarh,2.7,511000
EMP01404,Vihaan Malik,53,Male,Bachelor's,Finance,Investment Banker,22.0,8,4,Startup,Tier 1,Chennai,3.9,4136000
EMP01405,Divya Kumar,39,Female,Bachelor's,Operations,Inventory Analyst,16.4,8,2,Startup,Tier 1,Hyderabad,2.7,2184000
EMP01406,Nisha Verma,38,Female,Master's,Education,Curriculum Designer,15.1,3,2,MNC,Tier 1,Pune,4.4,2592000
EMP01407,Manish Pillai,30,Male,Bachelor's,Operations,Logistics Coordinator,2.8,3,1,MNC,Tier 2,Jaipur,4.8,673000
EMP01408,Deepak Banerjee,36,Male,PhD,Education,Lab Instructor,6.8,2,1,Startup,Tier 3,Ranchi,4.5,931000
EMP01409,Sai Pillai,32,Male,PhD,Operations,Process Improvement Analyst,9.1,4,0,Startup,Tier 2,Indore,4.8,1536000
EMP01410,Sara Patel,38,Female,Master's,Marketing,SEO Specialist,6.5,5,0,SME,Tier 3,Mysuru,4.2,867000
EMP01411,Aditya Verma,44,Male,PhD,IT,Data Scientist,9.6,4,0,MNC,Tier 3,Mysuru,1.9,2059000
EMP01412,Aanya Mehta,33,Female,Bachelor's,IT,Full Stack Developer,5.2,5,0,MNC,Tier 1,Mumbai,1.6,1289000
EMP01413,Vikram Mishra,42,Male,Master's,IT,Cloud Architect,10.3,7,2,Startup,Tier 2,Nagpur,2.6,1845000
EMP01414,Kritika Joshi,36,Female,Master's,Healthcare,Public Health Specialist,9.2,5,2,MNC,Tier 1,Pune,2.9,3221000
EMP01415,Krishna Iyer,52,Male,Master's,Engineering,Civil Engineer,29.3,14,5,MNC,Tier 1,Hyderabad,2.2,6321000
EMP01416,Pranav Gupta,35,Male,PhD,Finance,Financial Analyst,5.9,2,0,SME,Tier 2,Kochi,2.9,1373000
EMP01417,Aanya Malik,40,Female,Bachelor's,Education,Teaching Assistant,9.8,3,1,Enterprise,Tier 1,Chennai,1.7,1291000
EMP01418,Divya Das,24,Female,Master's,Legal,Compliance Manager,1.2,2,1,Enterprise,Tier 3,Raipur,2.2,672000
EMP01419,Sai Mehta,36,Male,Bachelor's,HR,Employee Relations Specialist,13.2,2,1,SME,Tier 1,Hyderabad,4.7,1999000
EMP01420,Riya Chatterjee,50,Female,Master's,Education,Lecturer,17.2,8,1,SME,Tier 1,Pune,1.5,2121000
EMP01421,Rohan Deshpande,42,Male,Bachelor's,Legal,Patent Attorney,16.8,11,0,Enterprise,Tier 1,Mumbai,5.0,5811000
EMP01422,Nikhil Banerjee,28,Male,Master's,IT,DevOps Engineer,2.0,3,1,MNC,Tier 1,Kolkata,2.1,1110000
EMP01423,Riya Saxena,45,Female,PhD,Education,Curriculum Designer,18.6,3,1,Enterprise,Tier 3,Guwahati,2.0,2240000
EMP01424,Rohan Mishra,44,Male,Master's,IT,Software Developer,10.2,5,2,Enterprise,Tier 1,Mumbai,2.7,2861000
EMP01425,Sara Chatterjee,38,Female,Bachelor's,Operations,Process Improvement Analyst,6.3,4,0,Enterprise,Tier 2,Nagpur,3.1,973000
EMP01426,Arjun Malik,57,Male,Bachelor's,Education,Instructional Designer,28.6,12,0,Enterprise,Tier 2,Nagpur,1.7,2579000
EMP01427,Amit Joshi,35,Male,PhD,IT,Frontend Developer,10.1,6,0,Startup,Tier 1,Mumbai,4.6,3315000
EMP01428,Nikhil Chopra,40,Male,Bachelor's,Sales,Key Account Manager,13.9,3,1,Enterprise,Tier 1,Chennai,3.7,2471000
EMP01429,Pranav Chatterjee,44,Male,Master's,Marketing,Social Media Manager,17.6,7,1,Startup,Tier 1,Mumbai,1.7,2219000
EMP01430,Kavya Mishra,22,Other,Master's,Engineering,Site Engineer,0.0,2,0,MNC,Tier 2,Ahmedabad,2.4,482000
EMP01431,Priya Rao,54,Female,Bachelor's,Healthcare,Medical Lab Technician,25.9,11,2,SME,Tier 2,Chandigarh,4.5,5964000
EMP01432,Amit Rao,51,Male,Bachelor's,Healthcare,Physiotherapist,17.9,5,1,MNC,Tier 3,Bhopal,3.2,3221000
EMP01433,Deepak Iyer,30,Other,Master's,Healthcare,Hospital Administrator,1.7,3,0,MNC,Tier 2,Indore,4.8,913000
EMP01434,Myra Nair,36,Female,Bachelor's,Finance,Accountant,5.1,2,0,MNC,Tier 3,Mysuru,3.9,817000
EMP01435,Aarav Bhat,56,Male,Master's,Engineering,Process Engineer,19.1,2,1,Enterprise,Tier 1,Hyderabad,2.9,4215000
EMP01436,Arjun Chopra,22,Male,Bachelor's,Education,Teaching Assistant,0.0,3,1,Enterprise,Tier 3,Bhopal,2.1,264000
EMP01437,Bhavna Das,41,Female,Bachelor's,IT,Frontend Developer,18.5,5,3,MNC,Tier 3,Mysuru,1.5,2425000
EMP01438,Nisha Chatterjee,44,Female,Bachelor's,Finance,Auditor,15.0,9,0,MNC,Tier 1,Hyderabad,1.9,3037000
EMP01439,Sara Nair,57,Female,Bachelor's,Marketing,Market Research Analyst,29.2,4,0,MNC,Tier 2,Indore,2.1,3318000
EMP01440,Nikhil Singh,55,Male,Master's,Legal,Corporate Lawyer,26.9,11,0,SME,Tier 2,Kochi,3.0,5983000
EMP01441,Rohan Thakur,57,Male,Bachelor's,Operations,Process Improvement Analyst,26.6,9,3,Startup,Tier 2,Ahmedabad,3.4,3145000
EMP01442,Vivaan Deshpande,43,Male,PhD,Legal,In-House Counsel,17.8,11,1,Startup,Tier 3,Raipur,4.8,4294000
EMP01443,Rajesh Rao,33,Male,Master's,HR,Talent Acquisition Lead,10.7,4,0,MNC,Tier 3,Patna,2.1,1150000
EMP01444,Sara Sharma,25,Female,Bachelor's,Marketing,Campaign Manager,0.9,2,0,Startup,Tier 3,Bhopal,2.4,230000
EMP01445,Mohit Iyer,35,Male,Master's,Sales,Account Executive,4.1,4,0,MNC,Tier 2,Indore,3.7,1004000
EMP01446,Vivaan Bhat,35,Male,PhD,HR,Training Coordinator,5.6,3,0,MNC,Tier 2,Nagpur,4.8,1302000
EMP01447,Diya Nair,45,Female,Master's,IT,DevOps Engineer,15.8,8,2,Enterprise,Tier 1,Hyderabad,2.2,4316000
EMP01448,Aadhya Chatterjee,36,Female,PhD,Legal,Litigation Associate,8.6,5,2,Startup,Tier 2,Lucknow,4.2,2364000
EMP01449,Sakshi Patel,27,Female,Bachelor's,Finance,Credit Analyst,1.8,2,0,MNC,Tier 3,Patna,1.9,497000
EMP01450,Neha Nair,56,Female,Master's,Finance,Treasury Analyst,21.7,4,1,MNC,Tier 3,Patna,4.8,3962000
EMP01451,Aarav Pillai,25,Male,Bachelor's,Sales,Inside Sales Representative,2.9,3,1,SME,Tier 2,Jaipur,2.8,540000
EMP01452,Myra Gupta,58,Female,Bachelor's,Engineering,Project Manager,23.2,6,4,SME,Tier 2,Chandigarh,2.6,3488000
EMP01453,Vikram Banerjee,34,Male,Master's,Operations,Procurement Manager,9.5,6,1,SME,Tier 1,Chennai,2.8,1632000
EMP01454,Arjun Patel,46,Male,Bachelor's,Finance,Accountant,14.1,4,2,SME,Tier 1,Bangalore,4.7,3242000
EMP01455,Sakshi Thakur,42,Female,Bachelor's,Healthcare,Nurse,16.2,10,0,MNC,Tier 2,Kochi,4.8,4230000
EMP01456,Simran Chopra,48,Female,Bachelor's,Marketing,Digital Marketing Analyst,24.6,13,0,MNC,Tier 2,Ahmedabad,2.4,2951000
EMP01457,Rohan Nair,30,Male,Master's,HR,Payroll Specialist,7.8,3,1,MNC,Tier 1,Bangalore,2.3,1468000
EMP01458,Reyansh Verma,37,Male,Bachelor's,Education,Dean,10.2,2,1,Enterprise,Tier 1,Pune,3.1,1555000
EMP01459,Kritika Mishra,39,Female,Bachelor's,Legal,Contract Specialist,12.7,6,2,MNC,Tier 3,Guwahati,2.7,2305000
EMP01460,Ayaan Das,45,Male,Master's,HR,Employee Relations Specialist,14.1,10,3,Enterprise,Tier 1,Bangalore,4.7,3681000
EMP01461,Sai Mehta,40,Male,Bachelor's,Sales,Sales Manager,13.3,6,2,Startup,Tier 1,Pune,2.9,1735000
EMP01462,Rahul Mishra,46,Male,Bachelor's,Legal,Paralegal,11.6,3,0,SME,Tier 3,Patna,2.3,1250000
EMP01463,Swati Singh,39,Female,Bachelor's,Finance,Auditor,7.1,4,2,MNC,Tier 1,Pune,4.6,1802000
EMP01464,Diya Joshi,42,Female,Master's,Marketing,Marketing Manager,12.9,8,0,MNC,Tier 2,Jaipur,4.9,2347000
EMP01465,Ananya Sharma,56,Female,Master's,Finance,Credit Analyst,32.8,15,2,Enterprise,Tier 1,Mumbai,1.8,7131000
EMP01466,Nisha Gupta,57,Female,Bachelor's,Healthcare,Medical Lab Technician,22.6,12,2,MNC,Tier 1,Chennai,4.3,7500000
EMP01467,Ankit Bhat,53,Male,Bachelor's,Legal,Compliance Manager,24.7,4,0,MNC,Tier 1,Delhi,4.6,7500000
EMP01468,Priya Malik,51,Female,Bachelor's,Operations,Inventory Analyst,19.1,7,3,Startup,Tier 2,Jaipur,2.5,2014000
EMP01469,Vivaan Deshpande,44,Male,Master's,Legal,In-House Counsel,8.9,4,1,MNC,Tier 2,Jaipur,1.6,1756000
EMP01470,Sneha Agarwal,33,Female,Master's,Finance,Auditor,4.1,5,0,Startup,Tier 1,Delhi,2.3,939000
EMP01471,Diya Deshpande,35,Female,Master's,Sales,Account Executive,8.2,3,0,Startup,Tier 1,Chennai,2.7,1347000
EMP01472,Anjali Deshpande,47,Female,Bachelor's,IT,Cybersecurity Analyst,19.9,11,3,MNC,Tier 1,Kolkata,2.8,4698000
EMP01473,Isha Agarwal,35,Female,PhD,Healthcare,Pharmacist,4.9,5,0,MNC,Tier 1,Chennai,3.6,1991000
EMP01474,Ishaan Chatterjee,52,Male,Master's,Marketing,Social Media Manager,16.1,5,3,SME,Tier 2,Jaipur,3.1,2280000
EMP01475,Vivaan Thakur,51,Male,Bachelor's,Healthcare,Radiologist,22.5,14,0,MNC,Tier 3,Mysuru,4.5,4536000
EMP01476,Vihaan Sharma,53,Male,Bachelor's,Engineering,Civil Engineer,19.7,10,1,Enterprise,Tier 2,Kochi,3.7,3862000
EMP01477,Aditya Rao,49,Male,PhD,HR,HR Generalist,24.7,14,3,SME,Tier 1,Pune,2.4,4774000
EMP01478,Reyansh Saxena,31,Male,Bachelor's,Healthcare,Clinical Research Associate,2.6,2,1,SME,Tier 1,Chennai,5.0,903000
EMP01479,Swati Kumar,33,Female,Bachelor's,Education,Lab Instructor,3.9,2,1,SME,Tier 2,Ahmedabad,2.3,441000
EMP01480,Simran Rao,37,Female,Bachelor's,Finance,Compliance Officer,6.0,5,1,SME,Tier 3,Bhopal,3.2,759000
EMP01481,Pranav Joshi,29,Male,Master's,Education,Research Associate,0.6,2,0,MNC,Tier 1,Kolkata,1.7,482000
EMP01482,Isha Banerjee,36,Female,Master's,Legal,Legal Analyst,7.9,4,2,SME,Tier 2,Chandigarh,2.6,1615000
EMP01483,Sara Bhat,26,Female,Bachelor's,Engineering,Structural Engineer,0.3,3,1,SME,Tier 1,Kolkata,1.8,494000
EMP01484,Swati Reddy,42,Female,Bachelor's,Legal,Legal Analyst,17.7,2,3,MNC,Tier 3,Bhopal,2.4,2659000
EMP01485,Sai Agarwal,22,Male,Bachelor's,Legal,Legal Advisor,0.0,2,0,SME,Tier 3,Raipur,2.4,316000
EMP01486,Tanvi Banerjee,51,Female,Bachelor's,Legal,Contract Specialist,13.1,9,0,Startup,Tier 1,Hyderabad,2.3,2430000
EMP01487,Bhavna Patel,30,Female,Bachelor's,Engineering,Mechanical Engineer,4.8,4,1,MNC,Tier 1,Bangalore,4.4,1165000
EMP01488,Sakshi Agarwal,58,Female,PhD,HR,Compensation Analyst,17.4,3,3,SME,Tier 1,Chennai,3.9,2881000
EMP01489,Sakshi Mehta,33,Female,Bachelor's,Healthcare,Doctor,4.7,2,1,MNC,Tier 2,Ahmedabad,4.3,1034000
EMP01490,Ishaan Mishra,51,Male,Master's,HR,Payroll Specialist,11.6,2,0,Startup,Tier 3,Dehradun,2.9,1039000
EMP01491,Ankit Deshpande,49,Male,Bachelor's,HR,HRIS Analyst,18.4,9,2,Enterprise,Tier 1,Pune,2.2,2756000
EMP01492,Meera Saxena,24,Female,Bachelor's,Education,Professor,0.0,2,1,SME,Tier 1,Bangalore,1.6,331000
EMP01493,Neha Mishra,49,Female,Master's,Legal,Litigation Associate,11.8,7,2,MNC,Tier 1,Kolkata,2.8,3432000
EMP01494,Vivaan Saxena,45,Male,Master's,IT,DevOps Engineer,13.8,3,1,MNC,Tier 2,Indore,2.2,2805000
EMP01495,Aditya Mehta,40,Male,PhD,Operations,Operations Analyst,16.1,7,3,SME,Tier 1,Kolkata,3.0,3770000
EMP01496,Rohan Deshpande,38,Male,Master's,HR,Compensation Analyst,8.4,4,0,MNC,Tier 1,Mumbai,2.9,1773000
EMP01497,Swati Nair,37,Female,Master's,HR,HR Business Partner,10.6,4,0,MNC,Tier 1,Hyderabad,2.4,2028000
EMP01498,Ankit Agarwal,57,Male,Bachelor's,Marketing,Marketing Manager,27.1,10,3,Startup,Tier 2,Indore,4.8,3768000
EMP01499,Divya Thakur,55,Other,Master's,HR,Recruiter,18.4,3,0,Enterprise,Tier 2,Ahmedabad,2.0,2672000
EMP01500,Diya Rao,24,Female,Bachelor's,HR,HR Generalist,0.7,3,1,SME,Tier 2,Kochi,2.0,336000
EMP01501,Aadhya Nair,22,Female,Bachelor's,HR,HRIS Analyst,0.0,3,1,Enterprise,Tier 1,Chennai,2.3,470000
EMP01502,Aarav Kumar,44,Male,Bachelor's,Finance,Risk Analyst,18.5,9,2,Enterprise,Tier 3,Raipur,4.0,2962000
EMP01503,Rohan Mishra,43,Male,Master's,Legal,Corporate Lawyer,15.0,8,0,Enterprise,Tier 2,Jaipur,2.4,3534000
EMP01504,Ishaan Reddy,38,Male,Master's,Engineering,Design Engineer,7.4,2,0,Enterprise,Tier 2,Jaipur,4.6,1787000
EMP01505,Sai Reddy,48,Male,Bachelor's,Healthcare,Doctor,23.9,5,2,SME,Tier 1,Hyderabad,2.2,4822000
EMP01506,Ishaan Nair,50,Male,Master's,Engineering,Process Engineer,23.6,12,3,MNC,Tier 2,Jaipur,1.6,4140000
EMP01507,Sakshi Mehta,31,Female,Master's,HR,Employee Relations Specialist,7.1,2,0,Enterprise,Tier 2,Indore,3.8,1371000
EMP01508,Ishaan Gupta,51,Male,Bachelor's,IT,Backend Developer,15.9,7,0,Startup,Tier 2,Nagpur,4.4,2648000
EMP01509,Sara Patel,57,Female,Master's,HR,Employee Relations Specialist,22.5,4,3,MNC,Tier 2,Nagpur,4.7,3990000
EMP01510,Reyansh Kumar,55,Male,PhD,Operations,Procurement Manager,13.7,2,1,SME,Tier 2,Jaipur,2.3,2221000
EMP01511,Priya Sharma,36,Female,Bachelor's,Engineering,Quality Engineer,9.0,7,2,Startup,Tier 3,Mysuru,3.1,840000
EMP01512,Ananya Malik,49,Female,Bachelor's,Legal,Legal Consultant,21.0,7,1,Enterprise,Tier 1,Delhi,3.7,6076000
EMP01513,Aditya Patel,36,Male,Master's,Sales,Key Account Manager,12.2,4,0,Startup,Tier 1,Pune,2.0,1540000
EMP01514,Ishaan Malik,26,Male,PhD,Operations,Operations Manager,0.4,2,0,MNC,Tier 1,Mumbai,4.6,709000
EMP01515,Gaurav Das,38,Male,Master's,Sales,Territory Manager,13.0,3,1,MNC,Tier 2,Chandigarh,4.4,2467000
EMP01516,Suresh Chopra,33,Male,PhD,IT,QA Engineer,5.6,3,1,Startup,Tier 2,Indore,2.0,1191000
EMP01517,Aditya Patel,31,Male,Bachelor's,IT,Cybersecurity Analyst,7.6,4,1,SME,Tier 2,Indore,2.4,1347000
EMP01518,Gaurav Kumar,37,Male,Bachelor's,Marketing,PR Specialist,10.9,2,0,Startup,Tier 1,Mumbai,1.9,1177000
EMP01519,Nikhil Verma,37,Male,Master's,Sales,Regional Sales Head,13.0,2,2,Enterprise,Tier 3,Bhopal,3.1,1791000
EMP01520,Mohit Joshi,24,Male,Master's,Marketing,Campaign Manager,0.3,2,1,MNC,Tier 1,Delhi,4.1,764000
EMP01521,Diya Rao,28,Female,Bachelor's,Healthcare,Dentist,5.7,4,0,SME,Tier 2,Lucknow,1.6,947000
EMP01522,Myra Kumar,29,Female,Bachelor's,Engineering,Project Manager,5.3,4,1,MNC,Tier 1,Bangalore,4.1,1417000
EMP01523,Pranav Reddy,34,Male,PhD,HR,HR Business Partner,7.0,2,1,MNC,Tier 2,Kochi,3.6,1420000
EMP01524,Ananya Iyer,51,Female,Bachelor's,Healthcare,Doctor,26.7,11,5,SME,Tier 2,Chandigarh,1.7,4474000
EMP01525,Shreya Reddy,50,Female,Bachelor's,Operations,Logistics Coordinator,18.4,12,1,Startup,Tier 3,Guwahati,2.6,1491000
EMP01526,Sai Malik,53,Male,Bachelor's,Healthcare,Pharmacist,29.5,11,1,Startup,Tier 1,Hyderabad,2.7,5923000
EMP01527,Suresh Kumar,23,Male,Master's,Operations,Logistics Coordinator,0.2,3,0,Startup,Tier 3,Mysuru,2.9,326000
EMP01528,Rajesh Mehta,42,Male,Master's,Operations,Inventory Analyst,10.0,3,1,MNC,Tier 3,Guwahati,2.9,1466000
EMP01529,Simran Joshi,33,Female,Bachelor's,Engineering,Civil Engineer,6.0,4,0,MNC,Tier 2,Jaipur,2.2,948000
EMP01530,Priya Bhat,56,Female,Master's,IT,Software Developer,19.5,10,1,MNC,Tier 1,Pune,3.7,5400000
EMP01531,Arjun Singh,33,Male,Master's,Education,Curriculum Designer,6.8,2,2,SME,Tier 1,Hyderabad,3.4,1089000
EMP01532,Amit Joshi,22,Male,Bachelor's,Operations,Supply Chain Analyst,0.0,3,0,SME,Tier 3,Mysuru,2.0,200000
EMP01533,Ananya Verma,46,Female,Bachelor's,Sales,Territory Manager,16.2,10,3,SME,Tier 1,Delhi,4.2,2967000
EMP01534,Sneha Banerjee,40,Other,PhD,Engineering,Structural Engineer,15.3,3,3,MNC,Tier 1,Kolkata,2.1,3728000
EMP01535,Kritika Das,31,Female,Bachelor's,Marketing,Content Writer,2.6,4,0,Startup,Tier 1,Delhi,3.4,551000
EMP01536,Diya Joshi,53,Female,PhD,Operations,Supply Chain Analyst,14.2,9,1,MNC,Tier 1,Chennai,3.6,3239000
EMP01537,Swati Saxena,55,Female,Bachelor's,Healthcare,Clinical Research Associate,27.4,3,5,MNC,Tier 1,Hyderabad,3.0,7500000
EMP01538,Harsh Kapoor,32,Male,Master's,IT,Software Developer,4.8,3,0,MNC,Tier 1,Hyderabad,2.2,1403000
EMP01539,Rohan Bhat,24,Male,Bachelor's,Healthcare,Hospital Administrator,0.5,2,0,Enterprise,Tier 2,Lucknow,4.7,508000
EMP01540,Tanvi Patel,58,Female,Master's,IT,Software Developer,24.5,10,3,Startup,Tier 2,Ahmedabad,4.8,4165000
EMP01541,Sara Thakur,35,Female,Master's,Sales,Channel Partner Manager,12.0,5,0,MNC,Tier 1,Kolkata,1.8,2156000
EMP01542,Vihaan Bhat,56,Male,PhD,Engineering,Electrical Engineer,22.0,3,1,SME,Tier 1,Pune,1.9,4762000
EMP01543,Amit Kumar,54,Other,Master's,Marketing,Brand Manager,26.6,4,0,MNC,Tier 3,Guwahati,4.9,4326000
EMP01544,Sai Malik,26,Male,Bachelor's,Education,Professor,1.6,3,1,SME,Tier 2,Ahmedabad,4.1,397000
EMP01545,Swati Patel,22,Female,Master's,Sales,Pre-Sales Consultant,0.0,3,0,MNC,Tier 2,Ahmedabad,3.6,427000
EMP01546,Ayaan Malik,54,Other,Master's,Education,Instructional Designer,21.0,10,1,MNC,Tier 1,Kolkata,3.2,3839000
EMP01547,Ananya Saxena,31,Female,Master's,Engineering,Project Manager,6.7,5,2,SME,Tier 1,Pune,2.7,1304000
EMP01548,Myra Mehta,50,Female,Bachelor's,Operations,Operations Analyst,21.5,4,2,SME,Tier 2,Indore,3.0,2492000
EMP01549,Bhavna Malik,41,Female,Master's,Operations,Facility Manager,6.8,4,2,SME,Tier 2,Ahmedabad,3.0,1131000
EMP01550,Suresh Gupta,50,Other,Master's,Engineering,Quality Engineer,11.4,2,2,MNC,Tier 2,Indore,3.9,2504000
EMP01551,Rahul Agarwal,58,Male,Bachelor's,HR,Recruiter,35.1,5,4,MNC,Tier 3,Bhopal,2.9,2977000
EMP01552,Karan Pillai,43,Male,Bachelor's,Operations,Operations Analyst,18.6,3,3,SME,Tier 2,Jaipur,2.4,1964000
EMP01553,Suresh Patel,54,Male,Master's,IT,Full Stack Developer,31.3,3,0,Startup,Tier 1,Hyderabad,1.6,4198000
EMP01554,Pranav Chopra,25,Male,Bachelor's,Sales,Business Development Manager,0.8,3,1,MNC,Tier 2,Jaipur,3.4,434000
EMP01555,Pranav Reddy,24,Male,Bachelor's,HR,HR Generalist,1.1,3,1,MNC,Tier 2,Jaipur,3.4,470000
EMP01556,Ayaan Sharma,31,Male,PhD,Legal,Legal Analyst,8.4,2,0,SME,Tier 2,Indore,2.9,2057000
EMP01557,Diya Mishra,44,Female,Master's,IT,Full Stack Developer,13.4,3,2,MNC,Tier 1,Hyderabad,4.9,4551000
EMP01558,Pooja Das,50,Female,Master's,Sales,Territory Manager,26.5,2,0,MNC,Tier 1,Kolkata,4.3,5411000
EMP01559,Deepak Deshpande,35,Male,Bachelor's,Finance,Financial Analyst,6.5,4,1,Enterprise,Tier 1,Chennai,3.6,1875000
EMP01560,Mohit Iyer,43,Male,PhD,Sales,Regional Sales Head,18.5,7,1,SME,Tier 1,Bangalore,4.3,4352000
EMP01561,Rohan Chatterjee,49,Male,Master's,Healthcare,Physiotherapist,25.9,14,1,Startup,Tier 3,Bhopal,3.6,4673000
EMP01562,Reyansh Bhat,40,Male,Bachelor's,IT,Backend Developer,12.5,9,1,SME,Tier 1,Pune,2.6,2212000
EMP01563,Tanvi Das,42,Female,Bachelor's,Marketing,Growth Hacker,10.7,2,1,MNC,Tier 3,Ranchi,2.7,896000
EMP01564,Vihaan Patel,25,Male,Bachelor's,Marketing,Market Research Analyst,0.4,2,0,Enterprise,Tier 1,Kolkata,4.2,647000
EMP01565,Manish Bhat,31,Male,Master's,Legal,Litigation Associate,2.7,3,0,MNC,Tier 2,Indore,3.9,1200000
EMP01566,Sara Patel,41,Female,Bachelor's,Education,Research Associate,15.7,7,0,SME,Tier 3,Ranchi,3.2,1156000
EMP01567,Nisha Gupta,25,Female,Bachelor's,IT,ML Engineer,2.6,2,1,SME,Tier 1,Hyderabad,3.1,844000
EMP01568,Ayaan Deshpande,45,Male,Master's,Education,Research Associate,12.8,6,0,MNC,Tier 3,Bhopal,2.7,1390000
EMP01569,Rajesh Malik,34,Male,Bachelor's,Operations,Procurement Manager,4.3,3,1,MNC,Tier 1,Bangalore,1.9,740000
EMP01570,Aditya Gupta,34,Male,Bachelor's,Sales,Channel Partner Manager,11.8,5,0,MNC,Tier 2,Lucknow,4.3,1795000
EMP01571,Kavya Patel,52,Female,Bachelor's,Marketing,Marketing Manager,17.8,10,3,Startup,Tier 2,Chandigarh,2.1,1924000
EMP01572,Ishaan Das,42,Male,Master's,Marketing,Social Media Manager,16.5,9,0,Startup,Tier 2,Jaipur,2.7,1761000
EMP01573,Ira Joshi,39,Female,Master's,Legal,Legal Advisor,14.0,9,3,Enterprise,Tier 2,Ahmedabad,3.6,4435000
EMP01574,Ishaan Nair,35,Male,Master's,Healthcare,Public Health Specialist,9.2,4,1,MNC,Tier 1,Delhi,1.7,2079000
EMP01575,Swati Sharma,24,Female,Bachelor's,Sales,Channel Partner Manager,1.1,3,0,MNC,Tier 2,Lucknow,4.4,545000
EMP01576,Shreya Patel,28,Female,Master's,Sales,Channel Partner Manager,2.5,4,1,Enterprise,Tier 1,Delhi,2.9,957000
EMP01577,Anjali Deshpande,55,Female,Bachelor's,Operations,Fleet Manager,25.3,9,1,MNC,Tier 3,Mysuru,4.2,2820000
EMP01578,Deepak Saxena,58,Male,Bachelor's,Sales,Business Development Manager,34.9,13,0,MNC,Tier 1,Bangalore,1.8,5373000
EMP01579,Nisha Kapoor,56,Female,Master's,Finance,Investment Banker,20.0,10,1,MNC,Tier 3,Dehradun,4.6,3631000
EMP01580,Rohan Deshpande,55,Male,Bachelor's,HR,Talent Acquisition Lead,29.5,14,2,MNC,Tier 1,Hyderabad,4.2,4692000
EMP01581,Amit Pillai,28,Male,Bachelor's,Marketing,Marketing Manager,2.0,4,1,MNC,Tier 3,Bhopal,4.2,530000
EMP01582,Tanvi Rao,56,Female,Bachelor's,Education,Instructional Designer,15.2,2,1,MNC,Tier 1,Chennai,1.7,1874000
EMP01583,Pranav Das,49,Male,Master's,Marketing,Social Media Manager,12.0,7,2,MNC,Tier 2,Nagpur,4.0,2093000
EMP01584,Aarav Deshpande,42,Other,Bachelor's,Engineering,Mechanical Engineer,17.0,3,0,MNC,Tier 2,Jaipur,1.5,2082000
EMP01585,Pooja Kumar,58,Other,PhD,HR,Training Coordinator,28.6,7,2,Startup,Tier 2,Jaipur,3.5,3949000
EMP01586,Shreya Thakur,28,Female,Master's,Finance,Financial Analyst,1.7,2,0,SME,Tier 2,Lucknow,2.9,644000
EMP01587,Kritika Pillai,53,Female,Bachelor's,Engineering,Electrical Engineer,29.5,3,1,MNC,Tier 2,Kochi,2.9,3988000
EMP01588,Rahul Nair,25,Male,Master's,Education,Dean,1.0,3,0,SME,Tier 3,Dehradun,3.8,328000
EMP01589,Rohan Banerjee,46,Male,Bachelor's,Legal,Legal Consultant,12.6,7,0,Startup,Tier 1,Hyderabad,4.8,2488000
EMP01590,Isha Kumar,54,Female,PhD,Legal,Litigation Associate,16.5,2,1,MNC,Tier 1,Pune,3.8,6042000
EMP01591,Rohan Nair,40,Male,Bachelor's,Finance,Portfolio Manager,15.9,6,0,MNC,Tier 2,Jaipur,1.6,2017000
EMP01592,Harsh Malik,42,Male,Master's,Marketing,Social Media Manager,14.0,6,3,MNC,Tier 1,Delhi,4.9,2629000
EMP01593,Ankit Thakur,56,Male,Bachelor's,Legal,Compliance Manager,15.2,4,3,SME,Tier 1,Pune,3.3,3376000
EMP01594,Deepak Iyer,39,Male,Bachelor's,Sales,Channel Partner Manager,8.9,4,0,Enterprise,Tier 2,Kochi,4.3,1687000
EMP01595,Amit Iyer,22,Male,Master's,Healthcare,Clinical Research Associate,0.0,3,1,MNC,Tier 3,Mysuru,4.9,358000
EMP01596,Harsh Nair,43,Male,Bachelor's,Legal,Paralegal,19.1,3,3,SME,Tier 1,Kolkata,4.9,4306000
EMP01597,Divya Singh,28,Female,Master's,HR,HR Manager,1.2,2,0,MNC,Tier 1,Hyderabad,3.1,686000
EMP01598,Anjali Nair,36,Female,Bachelor's,HR,Payroll Specialist,9.0,4,0,SME,Tier 1,Mumbai,3.7,1388000
EMP01599,Rahul Reddy,54,Male,Master's,Engineering,Mechanical Engineer,16.5,4,3,Startup,Tier 1,Bangalore,4.9,3252000
EMP01600,Aanya Bhat,32,Female,Master's,Marketing,SEO Specialist,6.9,4,1,SME,Tier 1,Pune,2.5,1127000
EMP01601,Harsh Saxena,53,Male,Master's,HR,Recruiter,23.0,4,2,SME,Tier 2,Nagpur,3.4,2874000
EMP01602,Suresh Rao,41,Male,Bachelor's,Healthcare,Pharmacist,16.1,10,3,Startup,Tier 2,Kochi,3.2,3093000
EMP01603,Neha Mishra,48,Female,Bachelor's,Healthcare,Physiotherapist,12.2,9,1,MNC,Tier 1,Mumbai,2.4,2784000
EMP01604,Sakshi Agarwal,35,Female,Bachelor's,Finance,Accountant,9.0,6,0,Startup,Tier 1,Chennai,3.0,1277000
EMP01605,Ira Verma,52,Female,Bachelor's,Sales,Regional Sales Head,20.6,12,1,Startup,Tier 3,Mysuru,1.6,1625000
EMP01606,Bhavna Nair,47,Female,Master's,Engineering,Electrical Engineer,10.6,4,0,SME,Tier 2,Jaipur,1.5,1258000
EMP01607,Suresh Mehta,23,Male,Bachelor's,Legal,Compliance Manager,0.1,2,0,MNC,Tier 1,Hyderabad,1.8,555000
EMP01608,Aadhya Bhat,50,Female,Bachelor's,Finance,Accountant,15.3,8,0,MNC,Tier 2,Jaipur,3.8,3064000
EMP01609,Sai Singh,23,Male,Master's,HR,Talent Acquisition Lead,0.9,3,1,MNC,Tier 3,Bhopal,3.5,459000
EMP01610,Aditya Rao,22,Male,Bachelor's,HR,Compensation Analyst,0.0,2,0,MNC,Tier 1,Pune,4.8,480000
EMP01611,Rahul Kumar,27,Male,Master's,IT,DevOps Engineer,1.7,2,1,MNC,Tier 1,Kolkata,4.7,1193000
EMP01612,Ananya Mishra,39,Female,Bachelor's,Legal,Litigation Associate,15.8,8,0,SME,Tier 1,Kolkata,3.7,2997000
EMP01613,Ayaan Kumar,52,Male,Bachelor's,Legal,Legal Consultant,26.9,13,4,Startup,Tier 3,Patna,2.4,3841000
EMP01614,Harsh Chatterjee,56,Male,Bachelor's,Engineering,Mechanical Engineer,17.5,3,0,SME,Tier 3,Raipur,4.7,1898000
EMP01615,Vikram Thakur,47,Male,PhD,HR,HRIS Analyst,21.9,8,2,SME,Tier 1,Chennai,3.9,4356000
EMP01616,Karan Banerjee,25,Male,PhD,Sales,Pre-Sales Consultant,0.8,3,1,Startup,Tier 2,Ahmedabad,4.4,683000
EMP01617,Aanya Mishra,29,Female,Master's,Legal,Patent Attorney,4.5,3,0,SME,Tier 1,Hyderabad,3.5,1426000
EMP01618,Anjali Deshpande,34,Female,Bachelor's,Healthcare,Medical Lab Technician,10.3,3,1,MNC,Tier 2,Chandigarh,3.1,1923000
EMP01619,Priya Patel,29,Other,Bachelor's,Sales,Regional Sales Head,3.3,3,0,Startup,Tier 3,Patna,1.7,336000
EMP01620,Gaurav Kapoor,53,Male,Master's,Healthcare,Doctor,19.1,7,0,Enterprise,Tier 2,Jaipur,1.7,4982000
EMP01621,Nikhil Banerjee,37,Male,Master's,Engineering,Quality Engineer,7.0,2,2,Startup,Tier 2,Kochi,4.2,1209000
EMP01622,Aanya Singh,38,Female,Bachelor's,IT,Software Developer,11.8,8,0,SME,Tier 2,Indore,2.0,1491000
EMP01623,Ankit Rao,34,Male,PhD,Operations,Operations Analyst,11.5,6,2,SME,Tier 2,Jaipur,2.9,2100000
EMP01624,Gaurav Mehta,41,Male,Bachelor's,Finance,Compliance Officer,12.4,6,1,SME,Tier 1,Chennai,4.4,2201000
EMP01625,Priya Iyer,36,Other,Bachelor's,Finance,Accountant,11.5,3,1,Startup,Tier 1,Mumbai,2.6,1823000
EMP01626,Divya Bhat,45,Female,Master's,Education,Dean,10.6,6,1,Startup,Tier 1,Kolkata,2.4,1362000
EMP01627,Ananya Gupta,45,Female,Bachelor's,Marketing,Digital Marketing Analyst,15.1,2,3,SME,Tier 3,Raipur,3.6,1385000
EMP01628,Harsh Iyer,47,Male,Bachelor's,Healthcare,Doctor,11.9,6,0,SME,Tier 2,Jaipur,4.3,2423000
EMP01629,Divya Gupta,54,Female,Bachelor's,Healthcare,Medical Lab Technician,23.2,11,2,Enterprise,Tier 1,Hyderabad,2.0,6596000
EMP01630,Nikhil Gupta,53,Male,Bachelor's,Education,Research Associate,21.7,7,1,SME,Tier 1,Bangalore,2.7,2584000
EMP01631,Aarav Joshi,27,Male,Bachelor's,Finance,Compliance Officer,4.8,4,0,MNC,Tier 2,Jaipur,3.7,1086000
EMP01632,Shreya Chatterjee,58,Female,Bachelor's,Engineering,Civil Engineer,33.7,2,3,MNC,Tier 1,Delhi,3.0,4881000
EMP01633,Aditya Kumar,57,Male,Bachelor's,Healthcare,Dentist,17.2,3,1,SME,Tier 3,Raipur,4.1,2389000
EMP01634,Meera Gupta,44,Female,Bachelor's,IT,Backend Developer,21.3,13,2,Startup,Tier 2,Ahmedabad,4.1,3989000
EMP01635,Manish Kapoor,38,Male,Bachelor's,IT,Backend Developer,12.6,4,1,SME,Tier 1,Kolkata,2.5,2137000
EMP01636,Ananya Singh,27,Female,Bachelor's,IT,Full Stack Developer,2.7,4,0,Enterprise,Tier 1,Pune,2.0,972000
EMP01637,Pranav Das,27,Male,Bachelor's,Engineering,Process Engineer,1.3,3,0,MNC,Tier 1,Hyderabad,3.8,691000
EMP01638,Karan Sharma,54,Male,Bachelor's,Engineering,Design Engineer,30.8,13,3,Enterprise,Tier 3,Ranchi,4.9,5125000
EMP01639,Nisha Malik,48,Other,Master's,Legal,In-House Counsel,23.7,6,4,SME,Tier 2,Jaipur,3.8,6732000
EMP01640,Sakshi Reddy,45,Female,Bachelor's,Engineering,Civil Engineer,20.4,6,4,MNC,Tier 3,Patna,1.9,2206000
EMP01641,Krishna Reddy,41,Male,Bachelor's,Engineering,Design Engineer,13.8,3,1,Startup,Tier 2,Ahmedabad,4.5,1727000
EMP01642,Bhavna Chatterjee,32,Female,Bachelor's,Operations,Logistics Coordinator,3.1,3,1,MNC,Tier 2,Jaipur,4.2,838000
EMP01643,Harsh Chopra,53,Male,Master's,Sales,Pre-Sales Consultant,14.0,4,3,SME,Tier 3,Dehradun,2.3,1543000
EMP01644,Ankit Mishra,40,Male,Bachelor's,Sales,Business Development Manager,15.0,10,2,MNC,Tier 1,Mumbai,5.0,3498000
EMP01645,Manish Sharma,44,Male,Master's,Finance,Financial Analyst,10.5,3,1,SME,Tier 2,Chandigarh,1.8,1381000
EMP01646,Priya Sharma,29,Female,Master's,IT,Backend Developer,4.5,5,0,MNC,Tier 1,Bangalore,1.9,1458000
EMP01647,Anjali Banerjee,25,Female,PhD,Marketing,Content Writer,0.2,2,0,MNC,Tier 2,Kochi,3.7,605000
EMP01648,Aadhya Gupta,27,Female,Master's,IT,Software Developer,1.0,3,0,SME,Tier 2,Ahmedabad,4.1,752000
EMP01649,Nisha Deshpande,57,Female,Bachelor's,Finance,Portfolio Manager,32.7,4,2,MNC,Tier 2,Nagpur,5.0,6122000
EMP01650,Neha Singh,40,Female,Master's,Legal,In-House Counsel,9.9,4,0,MNC,Tier 1,Hyderabad,2.7,3349000
EMP01651,Sai Saxena,29,Male,Bachelor's,Healthcare,Clinical Research Associate,4.4,5,0,SME,Tier 2,Kochi,4.2,979000
EMP01652,Nisha Singh,48,Female,Bachelor's,IT,ML Engineer,21.4,3,4,SME,Tier 3,Patna,4.6,3290000
EMP01653,Bhavna Mishra,46,Female,Bachelor's,Legal,Legal Advisor,17.5,9,2,MNC,Tier 1,Hyderabad,3.5,4902000
EMP01654,Aarav Patel,40,Male,Bachelor's,Sales,Inside Sales Representative,15.6,9,0,Startup,Tier 2,Indore,4.5,1893000
EMP01655,Manish Kumar,35,Male,Master's,Healthcare,Pharmacist,12.7,3,1,MNC,Tier 2,Ahmedabad,3.6,3250000
EMP01656,Divya Chatterjee,51,Female,Bachelor's,Legal,Corporate Lawyer,18.9,9,2,Startup,Tier 2,Jaipur,2.4,2834000
EMP01657,Kavya Saxena,31,Female,Bachelor's,IT,Data Scientist,8.0,4,0,SME,Tier 1,Mumbai,2.3,1460000
EMP01658,Deepak Pillai,38,Male,Master's,Healthcare,Hospital Administrator,14.3,3,1,MNC,Tier 1,Pune,2.5,4279000
EMP01659,Aarav Sharma,41,Male,PhD,Engineering,Site Engineer,16.6,3,0,SME,Tier 1,Bangalore,1.9,2794000
EMP01660,Riya Rao,45,Female,Master's,Sales,Regional Sales Head,18.6,8,1,SME,Tier 3,Raipur,4.5,2775000
EMP01661,Pranav Gupta,27,Male,Bachelor's,IT,Data Scientist,4.5,4,1,SME,Tier 2,Lucknow,3.2,1032000
EMP01662,Swati Das,29,Female,Bachelor's,Marketing,Growth Hacker,3.4,4,0,Startup,Tier 2,Ahmedabad,4.7,590000
EMP01663,Vihaan Kumar,36,Male,Master's,Operations,Fleet Manager,9.1,4,1,SME,Tier 1,Kolkata,1.7,1117000
EMP01664,Tanvi Malik,32,Female,Bachelor's,Engineering,Mechanical Engineer,4.1,4,1,MNC,Tier 3,Ranchi,4.2,756000
EMP01665,Karan Malik,31,Male,Bachelor's,Finance,Credit Analyst,3.2,3,0,Startup,Tier 2,Jaipur,2.8,632000
EMP01666,Bhavna Bhat,52,Female,Bachelor's,Marketing,PR Specialist,24.3,2,1,Startup,Tier 1,Bangalore,3.4,2929000
EMP01667,Nisha Joshi,26,Female,Master's,Sales,Inside Sales Representative,2.8,4,0,SME,Tier 1,Bangalore,2.7,671000
EMP01668,Riya Agarwal,55,Female,Bachelor's,Healthcare,Dentist,17.9,10,2,Enterprise,Tier 1,Hyderabad,2.4,4793000
EMP01669,Deepak Banerjee,35,Male,Bachelor's,Finance,Risk Analyst,12.5,5,2,MNC,Tier 3,Dehradun,3.0,1804000
EMP01670,Suresh Kumar,35,Male,Master's,Engineering,Process Engineer,11.4,6,0,SME,Tier 2,Jaipur,4.3,2035000
EMP01671,Nikhil Banerjee,36,Male,Bachelor's,Education,Education Consultant,12.0,6,0,SME,Tier 1,Chennai,4.8,1539000
EMP01672,Myra Rao,34,Female,Master's,Finance,Tax Consultant,8.4,5,1,Enterprise,Tier 2,Chandigarh,2.2,1729000
EMP01673,Shreya Das,50,Female,Bachelor's,Legal,In-House Counsel,21.5,9,3,MNC,Tier 1,Bangalore,3.0,5712000
EMP01674,Harsh Sharma,37,Male,Master's,Sales,Key Account Manager,6.0,3,1,SME,Tier 1,Pune,2.0,970000
EMP01675,Sara Verma,33,Female,Bachelor's,Healthcare,Dentist,4.3,2,1,MNC,Tier 2,Ahmedabad,3.0,1115000
EMP01676,Mohit Singh,49,Male,Bachelor's,HR,Training Coordinator,21.1,10,2,Startup,Tier 1,Chennai,2.9,2389000
EMP01677,Aadhya Chatterjee,33,Female,PhD,Engineering,Site Engineer,2.6,4,0,Startup,Tier 3,Guwahati,2.9,667000
EMP01678,Kavya Thakur,22,Other,Bachelor's,HR,Training Coordinator,0.0,3,1,MNC,Tier 1,Chennai,1.6,424000
EMP01679,Karan Deshpande,23,Male,PhD,Finance,Portfolio Manager,0.9,3,0,Enterprise,Tier 2,Jaipur,2.5,887000
EMP01680,Sai Das,51,Male,Bachelor's,HR,Employee Relations Specialist,22.0,3,3,Startup,Tier 1,Hyderabad,3.0,2344000
EMP01681,Pranav Sharma,56,Male,Bachelor's,Operations,Operations Manager,29.1,14,2,SME,Tier 1,Delhi,3.7,4560000
EMP01682,Divya Mehta,28,Female,Master's,Marketing,Campaign Manager,1.3,3,0,Enterprise,Tier 2,Kochi,4.5,745000
EMP01683,Rajesh Singh,46,Male,Bachelor's,IT,Backend Developer,23.6,11,3,Startup,Tier 3,Guwahati,3.0,2771000
EMP01684,Rohan Patel,51,Male,Master's,Sales,Key Account Manager,17.7,5,3,SME,Tier 2,Kochi,2.8,2691000
EMP01685,Aarav Pillai,56,Male,Bachelor's,IT,QA Engineer,29.2,7,3,MNC,Tier 1,Mumbai,3.4,6144000
EMP01686,Diya Mishra,32,Female,Master's,Healthcare,Pharmacist,8.2,4,1,Enterprise,Tier 1,Mumbai,2.5,2721000
EMP01687,Vivaan Mishra,36,Male,Bachelor's,Healthcare,Physiotherapist,13.6,5,1,Startup,Tier 3,Patna,2.8,1537000
EMP01688,Rahul Bhat,43,Male,Bachelor's,IT,Data Scientist,16.2,5,2,SME,Tier 2,Indore,4.6,2972000
EMP01689,Amit Mishra,54,Male,Master's,Sales,Key Account Manager,26.2,5,4,Startup,Tier 2,Lucknow,4.6,4315000
EMP01690,Ayaan Banerjee,32,Male,Master's,Healthcare,Doctor,8.5,2,1,MNC,Tier 2,Indore,2.3,1835000
EMP01691,Krishna Deshpande,39,Male,Bachelor's,Operations,Operations Manager,11.2,4,2,SME,Tier 3,Raipur,3.6,1148000
EMP01692,Vivaan Singh,31,Male,Bachelor's,Legal,Contract Specialist,3.8,3,1,SME,Tier 1,Bangalore,1.7,876000
EMP01693,Sai Chopra,39,Male,Master's,Operations,Procurement Manager,15.9,7,0,MNC,Tier 1,Hyderabad,1.8,2910000
EMP01694,Mohit Chatterjee,36,Male,Master's,Healthcare,Radiologist,12.5,6,1,SME,Tier 2,Kochi,3.7,2412000
EMP01695,Amit Singh,31,Male,Master's,Operations,Inventory Analyst,2.4,2,0,Startup,Tier 2,Indore,4.1,581000
EMP01696,Krishna Mehta,30,Male,Bachelor's,Marketing,Content Writer,6.2,2,1,MNC,Tier 3,Ranchi,1.5,759000
EMP01697,Reyansh Kapoor,30,Male,Bachelor's,Finance,Auditor,3.4,2,1,SME,Tier 2,Indore,2.0,565000
EMP01698,Arjun Chatterjee,38,Male,Master's,Healthcare,Nurse,10.5,3,2,MNC,Tier 2,Indore,2.6,2317000
EMP01699,Diya Mishra,33,Female,Master's,IT,Backend Developer,9.1,5,1,Startup,Tier 2,Ahmedabad,4.4,1874000
EMP01700,Reyansh Nair,32,Male,Master's,Sales,Regional Sales Head,4.8,4,0,Startup,Tier 2,Kochi,3.8,806000
EMP01701,Pranav Verma,55,Other,Bachelor's,Sales,Inside Sales Representative,28.1,10,1,MNC,Tier 2,Nagpur,2.6,4140000
EMP01702,Mohit Kumar,47,Male,Master's,IT,ML Engineer,13.6,9,1,MNC,Tier 2,Chandigarh,2.6,3198000
EMP01703,Manish Bhat,42,Male,Master's,Finance,Treasury Analyst,12.1,4,0,Startup,Tier 1,Pune,1.9,1918000
EMP01704,Gaurav Agarwal,47,Male,Bachelor's,HR,Payroll Specialist,13.0,8,0,MNC,Tier 1,Bangalore,3.8,2266000
EMP01705,Sai Patel,37,Male,PhD,Finance,Auditor,10.5,3,2,Startup,Tier 1,Kolkata,3.8,2526000
EMP01706,Harsh Malik,24,Male,Bachelor's,Engineering,Mechanical Engineer,0.5,3,0,Enterprise,Tier 1,Bangalore,2.1,586000
EMP01707,Ishaan Bhat,24,Male,Bachelor's,Marketing,Campaign Manager,0.1,2,0,SME,Tier 2,Kochi,3.7,359000
EMP01708,Ishaan Malik,27,Male,Bachelor's,Operations,Procurement Manager,2.2,2,0,SME,Tier 1,Chennai,2.0,589000
EMP01709,Vivaan Mehta,47,Male,Bachelor's,Finance,Portfolio Manager,22.5,2,3,Enterprise,Tier 3,Dehradun,2.5,3081000
EMP01710,Kritika Chatterjee,22,Female,Bachelor's,Education,Academic Counselor,0.0,2,1,SME,Tier 1,Hyderabad,3.8,315000
EMP01711,Isha Singh,35,Female,PhD,Marketing,Market Research Analyst,4.6,4,1,MNC,Tier 3,Ranchi,2.0,945000
EMP01712,Vihaan Banerjee,44,Male,Bachelor's,HR,Recruiter,20.9,5,3,Startup,Tier 2,Ahmedabad,3.3,2003000
EMP01713,Vikram Deshpande,24,Male,Bachelor's,Marketing,Digital Marketing Analyst,1.2,2,0,MNC,Tier 3,Mysuru,1.7,281000
EMP01714,Rohan Singh,54,Male,Master's,IT,Data Scientist,28.9,9,4,MNC,Tier 1,Delhi,3.9,7500000
EMP01715,Sai Joshi,57,Male,Bachelor's,HR,HR Business Partner,30.5,3,3,Startup,Tier 1,Hyderabad,4.2,3214000
EMP01716,Anjali Banerjee,58,Female,Bachelor's,Operations,Operations Manager,19.3,6,2,MNC,Tier 1,Pune,2.0,2908000
EMP01717,Aadhya Iyer,51,Female,Bachelor's,Sales,Regional Sales Head,24.6,6,0,MNC,Tier 3,Bhopal,3.6,3152000
EMP01718,Rohan Bhat,42,Male,Bachelor's,HR,Training Coordinator,9.1,7,1,SME,Tier 2,Kochi,1.6,885000
EMP01719,Swati Deshpande,36,Female,Bachelor's,Finance,Auditor,11.0,2,1,SME,Tier 2,Ahmedabad,4.1,1700000
EMP01720,Karan Pillai,55,Male,Bachelor's,Marketing,PR Specialist,15.4,8,0,MNC,Tier 2,Indore,4.9,2389000
EMP01721,Vikram Iyer,48,Male,Master's,Healthcare,Radiologist,22.1,8,4,Enterprise,Tier 3,Mysuru,1.7,5055000
EMP01722,Kritika Gupta,55,Female,Bachelor's,Sales,Channel Partner Manager,25.1,2,1,SME,Tier 3,Patna,3.5,2443000
EMP01723,Manish Pillai,41,Male,Bachelor's,Legal,In-House Counsel,11.9,4,0,SME,Tier 2,Ahmedabad,1.6,1769000
EMP01724,Priya Saxena,37,Female,Bachelor's,Engineering,Site Engineer,10.3,3,0,SME,Tier 2,Indore,2.2,1236000
EMP01725,Sneha Saxena,29,Female,Bachelor's,Healthcare,Pharmacist,5.5,5,1,Enterprise,Tier 2,Kochi,3.7,1311000
EMP01726,Tanvi Sharma,54,Female,Bachelor's,Sales,Regional Sales Head,19.9,10,2,MNC,Tier 3,Bhopal,2.9,2735000
EMP01727,Swati Das,35,Female,Bachelor's,Healthcare,Clinical Research Associate,10.4,8,2,MNC,Tier 3,Bhopal,4.1,1900000
EMP01728,Deepak Mehta,23,Male,Master's,HR,HRIS Analyst,0.1,2,1,Startup,Tier 2,Kochi,3.0,350000
EMP01729,Aanya Thakur,47,Female,Master's,Legal,Corporate Lawyer,15.8,5,1,MNC,Tier 2,Ahmedabad,4.2,4399000
EMP01730,Isha Sharma,52,Female,Bachelor's,Operations,Facility Manager,16.0,10,0,MNC,Tier 2,Kochi,4.8,3001000
EMP01731,Pranav Kumar,48,Male,Master's,Marketing,Brand Manager,17.4,9,0,MNC,Tier 3,Ranchi,3.6,2387000
EMP01732,Rajesh Joshi,32,Male,Bachelor's,Operations,Operations Analyst,7.8,3,0,MNC,Tier 1,Delhi,2.6,1238000
EMP01733,Meera Saxena,23,Other,Bachelor's,Education,Instructional Designer,0.6,3,1,Startup,Tier 1,Bangalore,1.7,293000
EMP01734,Pranav Malik,34,Male,Bachelor's,HR,HRIS Analyst,8.2,4,0,MNC,Tier 2,Nagpur,2.5,978000
EMP01735,Aadhya Saxena,31,Female,Master's,Finance,Credit Analyst,6.9,2,1,SME,Tier 3,Bhopal,2.9,1028000
EMP01736,Deepak Iyer,36,Male,Master's,Education,Dean,9.8,2,0,SME,Tier 3,Mysuru,3.5,780000
EMP01737,Myra Bhat,54,Female,Bachelor's,IT,Frontend Developer,30.9,14,0,Startup,Tier 1,Chennai,4.9,5408000
EMP01738,Ishaan Verma,50,Male,Master's,Marketing,Marketing Manager,19.7,10,0,MNC,Tier 3,Mysuru,1.7,2120000
EMP01739,Arjun Pillai,32,Male,Master's,Engineering,Process Engineer,3.4,3,1,MNC,Tier 1,Mumbai,3.8,1346000
EMP01740,Arjun Pillai,54,Male,Master's,Education,Instructional Designer,16.5,9,2,Startup,Tier 1,Mumbai,3.0,2412000
EMP01741,Diya Kapoor,46,Female,Master's,Healthcare,Dentist,15.1,4,0,MNC,Tier 2,Nagpur,1.6,3042000
EMP01742,Nisha Verma,33,Female,PhD,Engineering,Chemical Engineer,8.2,4,1,SME,Tier 1,Chennai,2.8,1882000
EMP01743,Sakshi Iyer,43,Female,PhD,Legal,Corporate Lawyer,8.6,2,2,MNC,Tier 3,Guwahati,2.0,1917000
EMP01744,Rahul Reddy,48,Male,Master's,Operations,Supply Chain Analyst,25.0,4,1,SME,Tier 1,Bangalore,3.4,4566000
EMP01745,Karan Banerjee,25,Male,Bachelor's,Engineering,Quality Engineer,0.0,3,0,SME,Tier 1,Pune,4.6,467000
EMP01746,Rahul Chatterjee,36,Male,Master's,Engineering,Structural Engineer,9.0,2,2,MNC,Tier 1,Delhi,4.2,2370000
EMP01747,Aarav Nair,47,Male,Master's,HR,HR Generalist,18.0,3,2,Enterprise,Tier 2,Ahmedabad,2.4,2869000
EMP01748,Harsh Banerjee,48,Male,Bachelor's,Marketing,Content Writer,14.5,2,3,SME,Tier 2,Nagpur,3.7,1814000
EMP01749,Ishaan Mishra,26,Male,Bachelor's,Operations,Warehouse Manager,2.3,3,0,Startup,Tier 1,Delhi,2.2,488000
EMP01750,Sai Patel,48,Male,Master's,Healthcare,Doctor,16.1,8,0,Enterprise,Tier 3,Raipur,3.5,3945000
EMP01751,Rahul Banerjee,31,Male,Master's,Operations,Operations Analyst,3.4,3,1,Enterprise,Tier 1,Chennai,3.1,871000
EMP01752,Suresh Patel,45,Male,PhD,Engineering,Mechanical Engineer,12.9,5,1,MNC,Tier 1,Pune,4.3,4070000
EMP01753,Priya Singh,42,Female,Bachelor's,Sales,Sales Engineer,19.7,11,0,Startup,Tier 1,Mumbai,1.6,2203000
EMP01754,Pooja Joshi,25,Female,Master's,Legal,Contract Specialist,0.4,2,1,MNC,Tier 2,Nagpur,1.6,511000
EMP01755,Rajesh Gupta,35,Male,Bachelor's,IT,Frontend Developer,8.9,6,1,SME,Tier 3,Mysuru,3.4,1274000
EMP01756,Rajesh Chopra,56,Male,Bachelor's,Education,Lab Instructor,20.6,13,1,SME,Tier 1,Chennai,4.9,3332000
EMP01757,Aadhya Pillai,33,Female,Bachelor's,Marketing,Marketing Manager,7.8,5,1,SME,Tier 3,Bhopal,3.7,813000
EMP01758,Suresh Banerjee,30,Male,PhD,Operations,Operations Analyst,7.4,2,2,Enterprise,Tier 1,Chennai,2.0,2042000
EMP01759,Mohit Agarwal,45,Male,Bachelor's,IT,Cloud Architect,17.8,8,0,Enterprise,Tier 1,Delhi,4.9,5798000
EMP01760,Manish Bhat,40,Male,Master's,IT,Backend Developer,9.0,4,1,SME,Tier 2,Chandigarh,2.3,1791000
EMP01761,Reyansh Rao,42,Male,Master's,Finance,Financial Analyst,7.7,5,1,Startup,Tier 1,Hyderabad,5.0,1986000
EMP01762,Ayaan Das,27,Male,Master's,Healthcare,Doctor,0.7,3,0,MNC,Tier 2,Lucknow,2.2,560000
EMP01763,Ishaan Kapoor,33,Male,Master's,HR,HR Business Partner,9.7,4,2,MNC,Tier 2,Ahmedabad,3.0,1523000
EMP01764,Pranav Das,30,Male,Master's,Education,Lecturer,7.5,2,2,MNC,Tier 1,Mumbai,4.2,1305000
EMP01765,Sneha Bhat,24,Female,PhD,Sales,Inside Sales Representative,0.2,2,0,Enterprise,Tier 2,Jaipur,2.4,543000
EMP01766,Krishna Verma,26,Male,Master's,Education,Dean,0.0,3,0,MNC,Tier 3,Ranchi,4.6,325000
EMP01767,Krishna Saxena,47,Male,Master's,Marketing,Campaign Manager,19.8,8,0,MNC,Tier 3,Bhopal,1.7,2664000
EMP01768,Ayaan Sharma,41,Male,Bachelor's,HR,Recruiter,13.7,2,1,MNC,Tier 2,Kochi,2.0,1426000
EMP01769,Pranav Sharma,35,Male,Master's,Engineering,Electrical Engineer,10.8,7,2,Startup,Tier 2,Nagpur,3.4,1663000
EMP01770,Krishna Bhat,23,Male,Master's,Sales,Pre-Sales Consultant,0.0,3,1,Startup,Tier 2,Jaipur,4.9,398000
EMP01771,Harsh Das,35,Male,Master's,Marketing,Social Media Manager,10.3,3,0,Startup,Tier 1,Hyderabad,2.5,1390000
EMP01772,Anjali Pillai,25,Female,Master's,Engineering,Quality Engineer,0.1,3,0,MNC,Tier 1,Kolkata,4.0,819000
EMP01773,Tanvi Gupta,56,Female,Master's,HR,Compensation Analyst,15.6,5,1,MNC,Tier 1,Mumbai,2.7,2500000
EMP01774,Rohan Thakur,25,Male,Bachelor's,Engineering,Chemical Engineer,0.6,2,0,MNC,Tier 1,Delhi,5.0,731000
EMP01775,Isha Patel,31,Female,Bachelor's,Marketing,Campaign Manager,8.4,7,0,SME,Tier 3,Ranchi,4.0,839000
EMP01776,Gaurav Saxena,25,Male,Master's,Healthcare,Medical Lab Technician,0.2,2,1,SME,Tier 1,Chennai,3.5,464000
EMP01777,Swati Iyer,48,Female,Master's,Legal,Contract Specialist,26.0,4,3,Startup,Tier 1,Pune,3.5,5891000
EMP01778,Kavya Nair,22,Female,Bachelor's,Engineering,Civil Engineer,0.0,3,0,Startup,Tier 2,Kochi,4.7,378000
EMP01779,Amit Pillai,47,Male,Bachelor's,IT,QA Engineer,13.9,8,3,SME,Tier 3,Ranchi,1.7,1580000
EMP01780,Sakshi Gupta,49,Female,Bachelor's,IT,Cybersecurity Analyst,19.9,3,0,Enterprise,Tier 2,Kochi,1.9,3212000
EMP01781,Gaurav Nair,23,Male,Bachelor's,Healthcare,Doctor,0.6,3,0,MNC,Tier 2,Ahmedabad,4.1,454000
EMP01782,Kritika Chopra,45,Female,Bachelor's,Finance,Treasury Analyst,18.3,4,3,Startup,Tier 2,Kochi,3.0,2273000
EMP01783,Karan Chatterjee,53,Male,PhD,Education,Curriculum Designer,27.5,12,4,Enterprise,Tier 1,Delhi,4.1,6408000
EMP01784,Rajesh Saxena,40,Other,PhD,Marketing,Growth Hacker,7.1,6,0,MNC,Tier 1,Chennai,3.6,2102000
EMP01785,Rahul Pillai,35,Male,Bachelor's,HR,Talent Acquisition Lead,7.9,5,0,Enterprise,Tier 2,Indore,2.8,1115000
EMP01786,Suresh Rao,25,Male,Bachelor's,Engineering,Design Engineer,0.0,3,0,MNC,Tier 3,Ranchi,3.4,324000
EMP01787,Aarav Joshi,50,Male,Master's,Healthcare,Radiologist,26.3,8,0,Startup,Tier 1,Mumbai,2.8,5773000
EMP01788,Aditya Chatterjee,34,Male,Master's,Finance,Credit Analyst,5.1,2,1,SME,Tier 1,Hyderabad,1.7,994000
EMP01789,Rajesh Verma,45,Male,Bachelor's,HR,HR Business Partner,10.5,3,2,SME,Tier 1,Delhi,1.7,1181000
EMP01790,Krishna Kapoor,45,Male,Bachelor's,Education,Teaching Assistant,17.4,7,3,Startup,Tier 3,Bhopal,4.2,1533000
EMP01791,Sakshi Mishra,56,Female,Bachelor's,HR,Employee Relations Specialist,26.0,8,2,SME,Tier 1,Bangalore,2.2,2585000
EMP01792,Suresh Rao,38,Male,Master's,Sales,Territory Manager,9.4,2,1,MNC,Tier 1,Bangalore,4.9,2313000
EMP01793,Tanvi Rao,52,Other,Master's,Finance,Compliance Officer,16.8,2,0,MNC,Tier 1,Chennai,2.8,3544000
EMP01794,Reyansh Reddy,31,Male,Master's,Operations,Fleet Manager,3.1,4,0,SME,Tier 3,Dehradun,2.5,530000
EMP01795,Pranav Kumar,42,Male,Bachelor's,Healthcare,Radiologist,19.2,9,3,MNC,Tier 2,Lucknow,2.4,4270000
EMP01796,Ayaan Chopra,32,Male,Bachelor's,Sales,Inside Sales Representative,7.6,2,0,SME,Tier 1,Chennai,1.8,912000
EMP01797,Ananya Gupta,49,Female,Master's,Marketing,Content Writer,19.0,6,1,SME,Tier 1,Kolkata,1.7,2626000
EMP01798,Myra Chopra,22,Female,Master's,Legal,Legal Analyst,0.0,2,1,MNC,Tier 2,Lucknow,4.6,663000
EMP01799,Karan Mehta,49,Male,Master's,Operations,Facility Manager,11.6,6,0,Startup,Tier 1,Pune,2.9,1803000
EMP01800,Ayaan Reddy,31,Male,Bachelor's,Engineering,Electrical Engineer,8.4,5,1,SME,Tier 1,Mumbai,2.9,1373000
EMP01801,Kritika Verma,47,Female,Bachelor's,HR,Payroll Specialist,10.9,8,1,Startup,Tier 2,Jaipur,2.3,1131000
EMP01802,Shreya Chopra,42,Female,Bachelor's,Sales,Key Account Manager,9.6,4,0,MNC,Tier 1,Hyderabad,4.3,1841000
EMP01803,Vivaan Kumar,53,Male,Bachelor's,Engineering,Quality Engineer,27.2,7,4,Startup,Tier 2,Lucknow,2.8,2998000
EMP01804,Meera Patel,22,Female,Master's,Marketing,Market Research Analyst,0.0,3,1,Enterprise,Tier 2,Ahmedabad,4.1,493000
EMP01805,Karan Iyer,42,Male,Master's,Operations,Procurement Manager,8.4,3,2,MNC,Tier 2,Ahmedabad,4.1,1397000
EMP01806,Kritika Iyer,26,Female,Bachelor's,Sales,Regional Sales Head,0.1,3,1,Startup,Tier 1,Kolkata,4.3,329000
EMP01807,Vikram Deshpande,49,Male,Bachelor's,Healthcare,Pharmacist,23.1,11,2,Enterprise,Tier 1,Mumbai,2.0,6666000
EMP01808,Harsh Thakur,26,Male,Master's,Finance,Tax Consultant,2.5,4,1,SME,Tier 1,Kolkata,1.8,817000
EMP01809,Meera Kapoor,32,Female,Bachelor's,Marketing,Campaign Manager,9.8,7,1,Enterprise,Tier 1,Pune,4.6,1871000
EMP01810,Shreya Banerjee,51,Female,Master's,Legal,Legal Advisor,26.3,14,4,MNC,Tier 3,Patna,2.2,6132000
EMP01811,Pranav Bhat,52,Male,Bachelor's,Sales,Key Account Manager,14.1,10,0,SME,Tier 1,Kolkata,2.2,1860000
EMP01812,Swati Bhat,45,Female,Bachelor's,Legal,Legal Consultant,17.6,6,3,Startup,Tier 2,Kochi,3.0,2852000
EMP01813,Krishna Mishra,46,Male,Bachelor's,Sales,Sales Engineer,23.6,11,3,Startup,Tier 1,Mumbai,1.7,3497000
EMP01814,Rajesh Kumar,48,Male,Bachelor's,Engineering,Electrical Engineer,11.1,5,1,SME,Tier 1,Hyderabad,3.9,2001000
EMP01815,Krishna Mehta,53,Male,Master's,Sales,Regional Sales Head,18.5,7,3,SME,Tier 3,Patna,2.4,2121000
EMP01816,Aarav Sharma,25,Male,Bachelor's,Legal,Legal Analyst,1.6,3,0,SME,Tier 1,Mumbai,3.0,667000
EMP01817,Rohan Singh,31,Male,Bachelor's,HR,HR Business Partner,4.2,5,1,Startup,Tier 3,Mysuru,2.2,331000
EMP01818,Pranav Das,23,Male,Bachelor's,Marketing,Social Media Manager,0.8,2,0,SME,Tier 3,Dehradun,2.2,259000
EMP01819,Pooja Iyer,31,Female,PhD,Sales,Regional Sales Head,2.0,2,1,MNC,Tier 2,Indore,3.4,821000
EMP01820,Suresh Deshpande,39,Male,Master's,Marketing,Digital Marketing Analyst,13.2,2,2,MNC,Tier 2,Nagpur,3.6,2063000
EMP01821,Swati Rao,30,Female,Master's,Education,Research Associate,4.9,2,0,SME,Tier 2,Kochi,1.5,567000
EMP01822,Vivaan Malik,35,Male,Bachelor's,Engineering,Quality Engineer,7.0,6,0,MNC,Tier 2,Indore,4.8,1429000
EMP01823,Isha Sharma,43,Female,Master's,Sales,Sales Manager,9.4,5,0,Startup,Tier 2,Chandigarh,2.0,1077000
EMP01824,Aadhya Nair,27,Female,Bachelor's,Sales,Channel Partner Manager,4.9,3,1,MNC,Tier 2,Nagpur,1.6,702000
EMP01825,Ishaan Kumar,24,Male,Bachelor's,Operations,Fleet Manager,1.3,3,1,MNC,Tier 2,Kochi,2.8,512000
EMP01826,Isha Joshi,26,Female,Bachelor's,Engineering,Structural Engineer,4.0,3,0,Startup,Tier 2,Indore,2.0,585000
EMP01827,Sakshi Pillai,47,Female,Master's,HR,Recruiter,18.3,4,1,MNC,Tier 1,Hyderabad,1.6,2472000
EMP01828,Simran Thakur,46,Female,Master's,HR,Training Coordinator,15.9,9,2,Enterprise,Tier 1,Pune,4.9,4262000
EMP01829,Aarav Banerjee,47,Male,Bachelor's,Operations,Procurement Manager,20.0,12,0,SME,Tier 3,Raipur,4.7,2189000
EMP01830,Aanya Malik,56,Female,Bachelor's,HR,Training Coordinator,31.8,15,2,MNC,Tier 2,Ahmedabad,3.7,4179000
EMP01831,Ananya Das,31,Female,Bachelor's,Legal,Paralegal,3.9,3,0,SME,Tier 2,Kochi,1.6,782000
EMP01832,Sai Nair,52,Male,Master's,Operations,Operations Manager,12.6,8,1,MNC,Tier 3,Guwahati,3.4,1813000
EMP01833,Aadhya Agarwal,57,Female,Bachelor's,Legal,Litigation Associate,26.8,13,2,Startup,Tier 2,Ahmedabad,3.2,4971000
EMP01834,Rajesh Pillai,26,Male,PhD,Sales,Pre-Sales Consultant,2.5,2,1,MNC,Tier 2,Jaipur,2.7,868000
EMP01835,Mohit Chopra,25,Male,Master's,HR,Talent Acquisition Lead,1.5,3,0,SME,Tier 2,Kochi,2.4,426000
EMP01836,Vikram Reddy,55,Male,Bachelor's,Healthcare,Doctor,27.2,8,0,Startup,Tier 2,Indore,1.9,3910000
EMP01837,Deepak Agarwal,23,Male,Master's,Education,Lecturer,0.5,2,0,Enterprise,Tier 2,Kochi,3.3,431000
EMP01838,Deepak Deshpande,28,Male,Bachelor's,Healthcare,Doctor,4.2,5,0,Enterprise,Tier 1,Pune,4.5,1483000
EMP01839,Diya Verma,51,Female,Master's,Marketing,PR Specialist,25.1,11,4,Startup,Tier 2,Lucknow,2.3,3298000
EMP01840,Anjali Agarwal,49,Female,Master's,Operations,Fleet Manager,25.7,5,2,Startup,Tier 2,Ahmedabad,3.3,3193000
EMP01841,Nikhil Kapoor,36,Male,PhD,Marketing,Social Media Manager,7.5,5,0,MNC,Tier 1,Kolkata,1.9,1702000
EMP01842,Ankit Reddy,28,Male,Bachelor's,Education,Professor,4.4,4,1,MNC,Tier 1,Bangalore,3.8,738000
EMP01843,Suresh Chopra,36,Male,Bachelor's,HR,HR Business Partner,5.4,4,0,Startup,Tier 1,Mumbai,2.6,655000
EMP01844,Vivaan Bhat,28,Male,Master's,Marketing,Social Media Manager,5.1,3,1,MNC,Tier 1,Delhi,3.7,1336000
EMP01845,Manish Thakur,26,Male,Master's,Operations,Fleet Manager,3.5,3,1,MNC,Tier 3,Patna,2.3,647000
EMP01846,Bhavna Bhat,39,Other,Bachelor's,Sales,Key Account Manager,9.3,5,2,MNC,Tier 1,Pune,5.0,1875000
EMP01847,Meera Kapoor,49,Female,PhD,IT,Data Scientist,17.6,4,2,SME,Tier 2,Kochi,3.8,4679000
EMP01848,Kavya Mishra,53,Female,Bachelor's,Healthcare,Public Health Specialist,29.4,12,1,MNC,Tier 1,Chennai,2.9,7074000
EMP01849,Simran Reddy,24,Female,Bachelor's,Finance,Tax Consultant,1.1,3,0,Enterprise,Tier 1,Bangalore,2.6,768000
EMP01850,Gaurav Chatterjee,26,Male,Bachelor's,HR,HR Generalist,1.0,3,1,Startup,Tier 2,Lucknow,2.5,330000
EMP01851,Sneha Saxena,38,Female,Bachelor's,Finance,Tax Consultant,13.4,7,2,MNC,Tier 3,Dehradun,2.4,1653000
EMP01852,Tanvi Singh,49,Female,Bachelor's,IT,Full Stack Developer,11.7,3,0,Startup,Tier 2,Ahmedabad,3.5,1846000
EMP01853,Ishaan Singh,36,Male,Master's,HR,HR Business Partner,10.7,5,2,Enterprise,Tier 2,Chandigarh,4.4,1850000
EMP01854,Mohit Malik,40,Male,Bachelor's,Healthcare,Public Health Specialist,15.9,4,3,SME,Tier 2,Lucknow,4.9,3545000
EMP01855,Ananya Kumar,49,Female,PhD,Education,Professor,20.0,12,4,SME,Tier 3,Bhopal,3.5,2860000
EMP01856,Amit Malik,51,Male,Bachelor's,Engineering,Design Engineer,19.3,3,0,Startup,Tier 1,Hyderabad,4.7,2678000
EMP01857,Vivaan Kumar,30,Male,Bachelor's,Marketing,Digital Marketing Analyst,5.7,2,0,Enterprise,Tier 1,Hyderabad,4.9,1512000
EMP01858,Meera Rao,44,Female,Master's,IT,Data Scientist,14.6,9,0,SME,Tier 2,Chandigarh,4.3,3032000
EMP01859,Ishaan Sharma,32,Male,Bachelor's,Education,Lecturer,6.2,5,1,SME,Tier 1,Pune,4.3,948000
EMP01860,Diya Thakur,46,Female,Bachelor's,Healthcare,Radiologist,13.1,7,2,Enterprise,Tier 1,Chennai,3.7,3963000
EMP01861,Manish Patel,33,Male,Bachelor's,Legal,Contract Specialist,9.9,4,0,SME,Tier 1,Bangalore,4.7,2260000
EMP01862,Shreya Mehta,22,Other,PhD,Education,Education Consultant,0.0,2,1,MNC,Tier 3,Ranchi,4.6,455000
EMP01863,Arjun Patel,56,Male,PhD,Marketing,Campaign Manager,14.0,9,1,Enterprise,Tier 1,Delhi,2.5,3816000
EMP01864,Kritika Gupta,45,Female,Master's,HR,HRIS Analyst,20.5,4,2,Startup,Tier 1,Pune,3.6,2426000
EMP01865,Karan Mishra,42,Male,Bachelor's,Healthcare,Doctor,11.5,6,1,SME,Tier 1,Kolkata,3.0,2574000
EMP01866,Reyansh Verma,55,Male,Master's,Sales,Sales Manager,14.7,10,3,Enterprise,Tier 1,Bangalore,3.5,3374000
EMP01867,Aditya Iyer,36,Male,Bachelor's,Sales,Regional Sales Head,6.5,2,0,SME,Tier 2,Kochi,3.1,890000
EMP01868,Ankit Banerjee,55,Male,Bachelor's,HR,Training Coordinator,20.6,9,0,SME,Tier 2,Nagpur,1.5,1971000
EMP01869,Swati Agarwal,34,Female,Bachelor's,Finance,Tax Consultant,11.5,3,2,MNC,Tier 1,Mumbai,1.7,1833000
EMP01870,Sai Pillai,49,Male,Master's,Education,Professor,21.6,4,1,SME,Tier 1,Delhi,4.3,3104000
EMP01871,Vikram Rao,24,Male,Bachelor's,Finance,Auditor,0.6,2,0,Startup,Tier 3,Dehradun,4.6,315000
EMP01872,Gaurav Pillai,31,Male,Bachelor's,Healthcare,Hospital Administrator,2.7,3,0,Enterprise,Tier 2,Lucknow,3.8,855000
EMP01873,Amit Kumar,23,Male,Bachelor's,Operations,Operations Manager,0.9,2,0,SME,Tier 1,Bangalore,3.5,465000
EMP01874,Deepak Patel,45,Male,Bachelor's,Engineering,Civil Engineer,20.3,4,1,MNC,Tier 1,Pune,4.5,4397000
EMP01875,Shreya Kumar,35,Female,Bachelor's,Sales,Regional Sales Head,7.0,4,2,SME,Tier 2,Lucknow,2.4,972000
EMP01876,Vikram Reddy,39,Male,Bachelor's,IT,Cybersecurity Analyst,16.5,5,3,MNC,Tier 2,Ahmedabad,3.7,3809000
EMP01877,Priya Iyer,58,Female,Master's,Education,Research Associate,28.1,15,1,SME,Tier 3,Bhopal,2.7,2497000
EMP01878,Amit Banerjee,45,Male,Master's,Operations,Supply Chain Analyst,12.4,8,0,SME,Tier 1,Kolkata,3.3,2063000
EMP01879,Meera Das,41,Female,Bachelor's,Legal,Legal Analyst,10.0,5,2,MNC,Tier 1,Hyderabad,4.2,2479000
EMP01880,Bhavna Banerjee,49,Female,Master's,Marketing,Social Media Manager,13.9,8,1,MNC,Tier 3,Raipur,3.4,1821000
EMP01881,Ayaan Kumar,40,Male,Bachelor's,Engineering,Quality Engineer,17.2,4,2,Startup,Tier 2,Lucknow,3.7,2225000
EMP01882,Kritika Das,34,Female,Master's,Sales,Sales Engineer,5.9,3,1,SME,Tier 1,Kolkata,3.0,1292000
EMP01883,Ananya Das,28,Female,Bachelor's,Sales,Business Development Manager,2.5,3,0,MNC,Tier 2,Nagpur,3.4,555000
EMP01884,Meera Singh,44,Female,Master's,Sales,Account Executive,9.4,6,2,Startup,Tier 2,Jaipur,2.4,1165000
EMP01885,Reyansh Rao,30,Male,Bachelor's,Legal,Paralegal,6.7,2,0,SME,Tier 2,Nagpur,3.2,1194000
EMP01886,Kritika Sharma,57,Female,Master's,Engineering,Structural Engineer,26.3,3,1,Enterprise,Tier 3,Dehradun,4.2,4515000
EMP01887,Pooja Deshpande,50,Female,Bachelor's,Education,Curriculum Designer,25.4,13,4,Enterprise,Tier 2,Ahmedabad,4.4,3942000
EMP01888,Manish Banerjee,35,Male,PhD,Marketing,Campaign Manager,4.5,3,1,Startup,Tier 1,Chennai,2.4,1010000
EMP01889,Aanya Agarwal,29,Female,Bachelor's,Engineering,Design Engineer,5.5,5,0,MNC,Tier 2,Indore,1.6,858000
EMP01890,Divya Nair,35,Female,Bachelor's,Operations,Supply Chain Analyst,4.8,5,0,Startup,Tier 2,Kochi,1.6,534000
EMP01891,Harsh Nair,58,Male,Master's,Operations,Operations Manager,31.0,3,1,SME,Tier 1,Delhi,2.3,4202000
EMP01892,Meera Rao,35,Female,PhD,HR,HR Generalist,11.0,4,0,MNC,Tier 2,Indore,2.4,1808000
EMP01893,Aanya Das,53,Female,Master's,IT,Data Scientist,30.9,10,0,Startup,Tier 1,Delhi,3.5,5767000
EMP01894,Isha Agarwal,27,Female,Master's,IT,Backend Developer,3.3,2,0,Startup,Tier 2,Ahmedabad,4.5,904000
EMP01895,Riya Thakur,24,Female,Master's,Finance,Treasury Analyst,1.2,2,1,Startup,Tier 3,Mysuru,2.2,382000
EMP01896,Gaurav Mehta,41,Male,Master's,Healthcare,Doctor,9.1,3,0,SME,Tier 2,Kochi,4.9,1993000
EMP01897,Rajesh Singh,35,Male,PhD,Engineering,Mechanical Engineer,4.3,5,0,Enterprise,Tier 3,Mysuru,3.2,1133000
EMP01898,Arjun Saxena,28,Male,Master's,HR,HR Manager,6.0,4,1,MNC,Tier 1,Chennai,3.4,1482000
EMP01899,Pooja Gupta,29,Female,Bachelor's,Sales,Territory Manager,6.2,4,1,Startup,Tier 2,Indore,1.8,690000
EMP01900,Ira Das,52,Female,Master's,Education,Teaching Assistant,18.9,8,1,MNC,Tier 1,Pune,4.9,3653000
EMP01901,Deepak Rao,41,Male,Master's,Finance,Portfolio Manager,8.0,6,1,Startup,Tier 2,Jaipur,2.7,1314000
EMP01902,Aanya Saxena,37,Female,Bachelor's,Education,Academic Counselor,8.6,5,2,MNC,Tier 3,Patna,2.9,828000
EMP01903,Krishna Chatterjee,43,Male,Bachelor's,Education,Research Associate,18.0,9,2,Enterprise,Tier 1,Kolkata,2.8,3043000
EMP01904,Aditya Saxena,51,Male,Master's,Operations,Facility Manager,16.3,10,2,SME,Tier 2,Kochi,3.5,2558000
EMP01905,Priya Verma,23,Female,Bachelor's,Operations,Process Improvement Analyst,0.4,3,1,SME,Tier 1,Chennai,2.5,406000
EMP01906,Sai Malik,27,Male,Bachelor's,Engineering,Design Engineer,1.1,3,1,SME,Tier 1,Pune,1.5,507000
EMP01907,Vivaan Gupta,40,Male,Master's,HR,Recruiter,16.1,2,3,MNC,Tier 3,Dehradun,4.5,1885000
EMP01908,Harsh Pillai,50,Male,Master's,Finance,Financial Analyst,11.1,7,1,SME,Tier 2,Indore,2.5,1634000
EMP01909,Simran Singh,53,Other,Bachelor's,Healthcare,Doctor,21.8,4,1,MNC,Tier 1,Delhi,4.5,5698000
EMP01910,Myra Nair,31,Female,Master's,Healthcare,Pharmacist,5.7,4,0,MNC,Tier 2,Nagpur,2.0,1323000
EMP01911,Suresh Mishra,41,Male,Bachelor's,HR,Recruiter,7.9,6,1,SME,Tier 3,Patna,2.8,799000
EMP01912,Kritika Singh,37,Female,Bachelor's,IT,Full Stack Developer,7.3,5,0,Startup,Tier 2,Kochi,2.0,1165000
EMP01913,Meera Joshi,29,Female,Master's,Education,Teaching Assistant,4.1,2,1,MNC,Tier 1,Chennai,1.6,828000
EMP01914,Ishaan Singh,40,Male,PhD,Education,Academic Counselor,9.6,6,1,Enterprise,Tier 1,Pune,3.3,2333000
EMP01915,Sakshi Iyer,40,Female,Bachelor's,Engineering,Quality Engineer,10.2,7,0,MNC,Tier 1,Kolkata,3.3,1711000
EMP01916,Tanvi Nair,23,Female,Bachelor's,Education,Teaching Assistant,1.0,2,0,SME,Tier 2,Jaipur,3.8,332000
EMP01917,Ankit Chopra,50,Male,Bachelor's,Marketing,Market Research Analyst,21.5,2,2,MNC,Tier 2,Chandigarh,4.7,3121000
EMP01918,Swati Mishra,41,Female,Master's,IT,ML Engineer,16.0,4,0,MNC,Tier 2,Ahmedabad,3.5,3387000
EMP01919,Ishaan Chatterjee,31,Male,Bachelor's,Sales,Regional Sales Head,2.6,2,0,SME,Tier 1,Bangalore,2.3,543000
EMP01920,Kavya Malik,24,Female,Bachelor's,Education,Research Associate,0.9,2,0,SME,Tier 2,Chandigarh,3.6,322000
EMP01921,Myra Chatterjee,36,Female,Master's,Sales,Key Account Manager,5.9,5,0,MNC,Tier 3,Ranchi,2.4,733000
EMP01922,Mohit Patel,42,Male,Master's,IT,ML Engineer,10.7,3,0,MNC,Tier 3,Patna,2.2,1816000
EMP01923,Manish Verma,39,Male,Bachelor's,Healthcare,Hospital Administrator,7.7,4,1,SME,Tier 3,Raipur,1.9,854000
EMP01924,Rohan Malik,40,Male,Master's,Operations,Operations Manager,10.6,8,1,MNC,Tier 1,Bangalore,2.5,2152000
EMP01925,Vivaan Nair,35,Male,Bachelor's,Healthcare,Public Health Specialist,11.3,7,2,SME,Tier 1,Bangalore,4.5,3175000
EMP01926,Pranav Kumar,55,Male,Bachelor's,IT,Backend Developer,14.9,4,3,SME,Tier 3,Guwahati,3.7,1874000
EMP01927,Sai Singh,53,Male,Bachelor's,Healthcare,Public Health Specialist,15.9,4,0,SME,Tier 1,Chennai,4.7,2866000
EMP01928,Vihaan Chatterjee,37,Male,Master's,Engineering,Design Engineer,10.8,5,0,SME,Tier 3,Mysuru,2.7,1242000
EMP01929,Reyansh Singh,36,Male,Master's,Sales,Sales Manager,7.0,4,0,Startup,Tier 1,Mumbai,3.8,1333000
EMP01930,Rajesh Nair,37,Male,Bachelor's,Operations,Procurement Manager,10.1,5,0,MNC,Tier 1,Kolkata,1.6,1664000
EMP01931,Sakshi Mehta,49,Female,Bachelor's,Healthcare,Pharmacist,24.5,8,2,MNC,Tier 1,Kolkata,2.8,6069000
EMP01932,Suresh Sharma,50,Other,Master's,Operations,Logistics Coordinator,14.9,6,2,MNC,Tier 3,Patna,4.1,2299000
EMP01933,Amit Bhat,51,Male,Bachelor's,Sales,Account Executive,17.2,8,2,SME,Tier 1,Bangalore,3.1,2554000
EMP01934,Diya Chopra,40,Female,PhD,Education,Academic Counselor,14.1,3,0,MNC,Tier 3,Dehradun,4.9,2036000
EMP01935,Shreya Verma,44,Female,Bachelor's,Legal,Contract Specialist,9.9,2,2,Startup,Tier 1,Kolkata,3.8,2359000
EMP01936,Vivaan Das,26,Male,Master's,Operations,Operations Manager,0.6,2,0,MNC,Tier 1,Kolkata,3.4,570000
EMP01937,Ananya Banerjee,52,Female,Master's,Marketing,Social Media Manager,16.4,4,1,MNC,Tier 1,Delhi,3.6,3368000
EMP01938,Arjun Banerjee,55,Male,Master's,Sales,Inside Sales Representative,21.6,9,0,Startup,Tier 3,Raipur,2.6,2309000
EMP01939,Aarav Kapoor,37,Male,Bachelor's,Education,Academic Counselor,10.9,6,2,Enterprise,Tier 1,Bangalore,4.0,2039000
EMP01940,Arjun Iyer,49,Male,Bachelor's,Sales,Regional Sales Head,17.4,5,1,Enterprise,Tier 2,Kochi,4.0,3014000
EMP01941,Ankit Thakur,34,Male,Master's,Legal,Contract Specialist,6.1,2,1,Enterprise,Tier 3,Patna,1.6,1270000
EMP01942,Krishna Agarwal,23,Male,Master's,Education,Research Associate,0.7,3,1,Startup,Tier 1,Pune,4.6,457000
EMP01943,Kavya Gupta,31,Female,Bachelor's,HR,Talent Acquisition Lead,8.6,3,0,SME,Tier 3,Guwahati,2.9,718000
EMP01944,Riya Chopra,52,Female,PhD,HR,HR Generalist,19.9,6,3,Startup,Tier 1,Pune,3.5,3355000
EMP01945,Diya Sharma,41,Female,Bachelor's,Healthcare,Physiotherapist,7.6,5,2,Startup,Tier 2,Chandigarh,2.8,1237000
EMP01946,Diya Kumar,25,Female,Master's,Healthcare,Dentist,2.6,4,1,Startup,Tier 3,Guwahati,2.6,504000
EMP01947,Karan Mishra,35,Male,Bachelor's,HR,Training Coordinator,5.1,2,1,SME,Tier 2,Chandigarh,4.7,769000
EMP01948,Reyansh Joshi,53,Male,Bachelor's,IT,Backend Developer,29.4,9,5,MNC,Tier 3,Patna,2.8,4597000
EMP01949,Pooja Saxena,25,Female,Bachelor's,Marketing,Brand Manager,1.9,2,0,SME,Tier 2,Nagpur,4.8,574000
EMP01950,Ishaan Deshpande,37,Other,Bachelor's,Healthcare,Doctor,14.3,6,2,Startup,Tier 3,Dehradun,2.9,1761000
EMP01951,Ananya Banerjee,34,Female,Bachelor's,Marketing,Content Writer,10.8,8,2,SME,Tier 1,Mumbai,5.0,1625000
EMP01952,Myra Sharma,25,Female,Master's,Sales,Key Account Manager,1.5,3,0,SME,Tier 1,Pune,3.4,680000
EMP01953,Manish Reddy,49,Male,Master's,Operations,Inventory Analyst,10.9,8,2,Startup,Tier 3,Raipur,3.6,1125000
EMP01954,Gaurav Bhat,27,Male,Master's,Engineering,Mechanical Engineer,4.3,4,1,Enterprise,Tier 3,Raipur,2.0,817000
EMP01955,Kavya Das,39,Female,Master's,IT,Data Scientist,15.5,4,2,MNC,Tier 2,Jaipur,4.7,3855000
EMP01956,Kavya Verma,22,Female,Bachelor's,Education,Curriculum Designer,0.0,3,1,MNC,Tier 2,Indore,4.6,415000
EMP01957,Divya Verma,35,Female,PhD,Sales,Channel Partner Manager,9.6,7,2,Startup,Tier 1,Mumbai,1.7,1408000
EMP01958,Ayaan Gupta,44,Male,Bachelor's,Sales,Inside Sales Representative,10.0,3,1,Startup,Tier 2,Jaipur,2.5,1268000
EMP01959,Sneha Joshi,51,Female,Bachelor's,Sales,Sales Manager,15.8,2,0,Enterprise,Tier 2,Chandigarh,2.8,2451000
EMP01960,Mohit Malik,57,Male,Bachelor's,Finance,Treasury Analyst,16.2,9,0,SME,Tier 2,Indore,3.5,2379000
EMP01961,Sneha Saxena,28,Female,Bachelor's,Finance,Tax Consultant,3.6,3,1,Enterprise,Tier 2,Ahmedabad,1.9,830000
EMP01962,Sneha Banerjee,50,Female,Bachelor's,Sales,Sales Engineer,22.6,4,3,Startup,Tier 3,Guwahati,2.6,2023000
EMP01963,Pranav Reddy,45,Male,Bachelor's,Education,Dean,10.4,4,1,SME,Tier 2,Kochi,2.8,1010000
EMP01964,Ayaan Nair,54,Male,Bachelor's,Healthcare,Radiologist,21.2,4,0,SME,Tier 2,Ahmedabad,2.7,3648000
EMP01965,Ankit Mehta,56,Male,Master's,Engineering,Design Engineer,25.0,11,1,Startup,Tier 3,Patna,1.5,2631000
EMP01966,Shreya Reddy,32,Female,PhD,Legal,Paralegal,5.8,5,1,MNC,Tier 3,Patna,2.4,1522000
EMP01967,Rahul Kapoor,25,Male,Bachelor's,Healthcare,Clinical Research Associate,1.1,3,1,Startup,Tier 1,Pune,3.4,493000
EMP01968,Ananya Thakur,58,Female,PhD,Healthcare,Doctor,28.4,14,1,MNC,Tier 2,Lucknow,4.8,7500000
EMP01969,Sneha Malik,29,Female,Bachelor's,Sales,Key Account Manager,2.3,2,1,MNC,Tier 3,Patna,1.5,394000
EMP01970,Ananya Malik,27,Female,Bachelor's,IT,DevOps Engineer,3.7,3,0,Startup,Tier 2,Ahmedabad,2.3,724000
EMP01971,Aadhya Chatterjee,52,Female,Master's,Legal,Litigation Associate,13.7,8,0,MNC,Tier 2,Ahmedabad,1.9,3166000
EMP01972,Suresh Das,44,Male,Master's,Engineering,Quality Engineer,13.7,2,3,MNC,Tier 1,Delhi,4.2,2592000
EMP01973,Suresh Saxena,45,Male,Bachelor's,HR,Training Coordinator,22.8,8,2,Startup,Tier 2,Lucknow,4.9,2717000
EMP01974,Aditya Mishra,26,Male,Master's,Marketing,Campaign Manager,2.8,3,0,SME,Tier 1,Kolkata,2.4,718000
EMP01975,Vihaan Mehta,53,Male,Master's,Operations,Supply Chain Analyst,14.0,7,0,MNC,Tier 1,Mumbai,2.9,2691000
EMP01976,Myra Das,22,Female,Bachelor's,IT,DevOps Engineer,0.0,2,1,MNC,Tier 3,Raipur,3.1,401000
EMP01977,Ira Nair,42,Female,Bachelor's,Sales,Sales Engineer,12.3,3,2,Startup,Tier 1,Hyderabad,3.2,1755000
EMP01978,Krishna Banerjee,37,Male,PhD,Sales,Regional Sales Head,14.8,8,2,MNC,Tier 1,Bangalore,1.6,3689000
EMP01979,Mohit Saxena,30,Male,Master's,Engineering,Design Engineer,3.6,4,0,SME,Tier 2,Chandigarh,4.5,867000
EMP01980,Sara Kapoor,53,Female,Master's,HR,HR Manager,13.2,2,2,Enterprise,Tier 2,Lucknow,1.6,1856000
EMP01981,Vivaan Gupta,41,Male,Master's,Engineering,Mechanical Engineer,10.5,6,0,MNC,Tier 1,Bangalore,4.4,2461000
EMP01982,Vihaan Banerjee,34,Male,Master's,Marketing,Brand Manager,5.9,5,0,SME,Tier 2,Nagpur,4.6,957000
EMP01983,Aanya Verma,25,Female,Master's,Operations,Operations Manager,1.6,2,0,MNC,Tier 2,Indore,1.5,507000
EMP01984,Divya Verma,33,Female,Bachelor's,Marketing,Social Media Manager,8.7,4,0,SME,Tier 3,Raipur,4.1,947000
EMP01985,Aadhya Chopra,36,Female,Bachelor's,HR,Compensation Analyst,10.7,5,1,Startup,Tier 2,Ahmedabad,2.1,979000
EMP01986,Ananya Pillai,27,Female,Bachelor's,Healthcare,Radiologist,2.8,3,1,MNC,Tier 3,Ranchi,4.2,723000
EMP01987,Kavya Saxena,36,Female,Bachelor's,Finance,Financial Analyst,13.8,5,1,Startup,Tier 2,Ahmedabad,4.8,2063000
EMP01988,Tanvi Pillai,40,Female,PhD,Finance,Compliance Officer,13.0,3,2,SME,Tier 2,Kochi,2.3,2481000
EMP01989,Isha Chatterjee,23,Other,Master's,Finance,Portfolio Manager,0.8,3,1,MNC,Tier 1,Hyderabad,3.2,768000
EMP01990,Myra Agarwal,55,Female,Bachelor's,Marketing,Market Research Analyst,31.6,8,4,MNC,Tier 2,Chandigarh,1.6,3779000
EMP01991,Riya Deshpande,32,Female,Bachelor's,Engineering,Electrical Engineer,7.1,3,1,SME,Tier 1,Pune,3.9,1382000
EMP01992,Harsh Saxena,34,Male,Bachelor's,Engineering,Civil Engineer,11.6,8,1,Startup,Tier 2,Indore,3.6,1553000
EMP01993,Divya Chopra,22,Female,Bachelor's,Operations,Facility Manager,0.0,3,0,Startup,Tier 1,Hyderabad,3.2,375000
EMP01994,Rohan Chopra,53,Male,Bachelor's,IT,ML Engineer,28.2,10,2,Enterprise,Tier 2,Chandigarh,1.6,5414000
EMP01995,Harsh Joshi,29,Male,Master's,Finance,Portfolio Manager,2.6,4,0,MNC,Tier 3,Patna,3.6,767000
EMP01996,Kavya Banerjee,44,Female,Master's,Sales,Pre-Sales Consultant,14.2,3,2,MNC,Tier 1,Pune,3.8,3439000
EMP01997,Ananya Saxena,33,Female,Bachelor's,Operations,Logistics Coordinator,7.4,5,2,MNC,Tier 2,Indore,3.1,1163000
EMP01998,Ayaan Bhat,23,Male,Master's,Operations,Procurement Manager,0.0,2,0,SME,Tier 1,Kolkata,3.3,424000
EMP01999,Aadhya Rao,39,Female,Bachelor's,IT,QA Engineer,13.4,7,1,Enterprise,Tier 1,Pune,2.2,3047000
EMP02000,Diya Bhat,57,Female,Bachelor's,Healthcare,Doctor,15.8,9,1,Startup,Tier 1,Delhi,4.2,3165000
EMP02001,Sakshi Saxena,49,Female,Bachelor's,Operations,Fleet Manager,17.1,9,2,Enterprise,Tier 2,Chandigarh,3.2,2596000
EMP02002,Aanya Bhat,39,Female,Bachelor's,Operations,Process Improvement Analyst,16.0,9,2,Startup,Tier 1,Hyderabad,4.3,2286000
EMP02003,Ishaan Iyer,45,Male,Bachelor's,Education,Lecturer,13.3,8,2,Enterprise,Tier 2,Ahmedabad,2.7,1586000
EMP02004,Ira Agarwal,39,Female,Bachelor's,HR,HR Generalist,14.3,5,2,MNC,Tier 3,Guwahati,2.1,1270000
EMP02005,Mohit Reddy,49,Male,PhD,HR,HR Generalist,15.7,4,0,Enterprise,Tier 3,Dehradun,2.8,1905000
EMP02006,Nikhil Chopra,40,Male,Bachelor's,Engineering,Site Engineer,13.2,6,1,SME,Tier 3,Dehradun,5.0,1634000
EMP02007,Divya Verma,44,Female,Bachelor's,HR,Talent Acquisition Lead,19.4,7,0,MNC,Tier 2,Ahmedabad,3.1,2358000
EMP02008,Ananya Verma,51,Female,Bachelor's,Healthcare,Public Health Specialist,25.0,11,0,MNC,Tier 1,Kolkata,3.2,6613000
EMP02009,Rajesh Mehta,39,Male,Master's,Education,Professor,8.3,2,0,SME,Tier 1,Delhi,1.9,1063000
EMP02010,Arjun Saxena,22,Male,Bachelor's,Education,Professor,0.0,2,1,SME,Tier 1,Mumbai,2.0,309000
EMP02011,Krishna Deshpande,36,Male,Master's,Legal,Legal Consultant,12.6,7,0,Startup,Tier 2,Jaipur,1.9,1774000
EMP02012,Rahul Mishra,23,Male,Bachelor's,Healthcare,Radiologist,0.4,3,1,Startup,Tier 1,Kolkata,2.8,367000
EMP02013,Ankit Chatterjee,29,Male,Master's,Sales,Inside Sales Representative,3.7,4,0,MNC,Tier 2,Chandigarh,2.5,772000
EMP02014,Nikhil Bhat,49,Other,PhD,Operations,Supply Chain Analyst,20.1,7,0,Startup,Tier 2,Chandigarh,2.7,2604000
EMP02015,Manish Agarwal,36,Male,Master's,IT,QA Engineer,5.4,3,0,SME,Tier 1,Hyderabad,2.4,1411000
EMP02016,Arjun Gupta,42,Male,Master's,Education,Lab Instructor,16.3,4,3,SME,Tier 1,Pune,3.0,2219000
EMP02017,Nikhil Singh,54,Male,PhD,Legal,Contract Specialist,16.0,11,0,SME,Tier 1,Chennai,4.4,5442000
EMP02018,Ayaan Chopra,43,Male,PhD,Engineering,Quality Engineer,20.2,6,2,Startup,Tier 1,Chennai,4.4,3877000
EMP02019,Arjun Agarwal,48,Male,Bachelor's,Finance,Investment Banker,25.3,5,2,MNC,Tier 3,Raipur,4.7,4206000
EMP02020,Vivaan Joshi,54,Male,Bachelor's,Finance,Auditor,25.7,2,1,SME,Tier 3,Dehradun,2.5,2293000
EMP02021,Ankit Kumar,57,Male,Bachelor's,Marketing,SEO Specialist,20.3,4,3,SME,Tier 1,Hyderabad,3.1,2860000
EMP02022,Aanya Singh,43,Female,Bachelor's,IT,Backend Developer,16.4,5,0,MNC,Tier 2,Indore,2.5,2868000
EMP02023,Suresh Chatterjee,36,Male,PhD,Finance,Financial Analyst,10.9,8,0,MNC,Tier 2,Ahmedabad,1.9,2660000
EMP02024,Shreya Sharma,48,Female,Bachelor's,Operations,Supply Chain Analyst,25.2,9,4,Startup,Tier 3,Ranchi,4.3,2325000
EMP02025,Ira Patel,54,Female,Bachelor's,Engineering,Electrical Engineer,26.3,3,0,MNC,Tier 2,Nagpur,3.7,2987000
EMP02026,Rajesh Thakur,37,Male,Bachelor's,Finance,Tax Consultant,9.7,7,1,SME,Tier 2,Nagpur,1.6,1235000
EMP02027,Nikhil Agarwal,50,Male,Bachelor's,Legal,Patent Attorney,17.5,11,0,SME,Tier 1,Delhi,2.5,4043000
EMP02028,Sai Sharma,30,Male,Master's,Engineering,Process Engineer,2.7,3,0,Enterprise,Tier 2,Chandigarh,3.7,1094000
EMP02029,Sara Chopra,42,Female,Bachelor's,Legal,Contract Specialist,8.6,7,0,SME,Tier 2,Indore,4.3,1738000
EMP02030,Ankit Saxena,51,Male,Master's,HR,Recruiter,20.9,13,1,SME,Tier 1,Chennai,1.8,2832000
EMP02031,Ayaan Thakur,30,Male,Bachelor's,Finance,Financial Analyst,7.2,4,0,SME,Tier 1,Mumbai,1.9,1197000
EMP02032,Arjun Sharma,28,Male,Bachelor's,Sales,Business Development Manager,2.8,2,0,Startup,Tier 2,Lucknow,3.9,454000
EMP02033,Manish Agarwal,46,Male,Bachelor's,Engineering,Chemical Engineer,15.8,2,1,MNC,Tier 2,Indore,1.8,2099000
EMP02034,Sneha Nair,46,Female,Master's,Legal,In-House Counsel,17.9,6,3,SME,Tier 1,Mumbai,1.6,4164000
EMP02035,Krishna Saxena,28,Male,Master's,Legal,Corporate Lawyer,2.7,3,0,SME,Tier 1,Pune,1.6,973000
EMP02036,Divya Chopra,42,Female,Bachelor's,Marketing,PR Specialist,8.1,4,0,MNC,Tier 3,Raipur,4.1,1241000
EMP02037,Sakshi Joshi,45,Female,Bachelor's,Education,Lab Instructor,17.7,4,3,SME,Tier 1,Mumbai,3.6,2224000
EMP02038,Mohit Gupta,37,Male,Bachelor's,Finance,Compliance Officer,10.3,8,0,MNC,Tier 1,Delhi,2.9,2009000
EMP02039,Amit Deshpande,46,Male,PhD,Legal,In-House Counsel,12.3,2,1,SME,Tier 1,Mumbai,2.2,3187000
EMP02040,Anjali Rao,40,Female,Master's,IT,DevOps Engineer,14.8,5,2,MNC,Tier 3,Ranchi,2.5,2208000
EMP02041,Amit Patel,53,Male,Bachelor's,Marketing,Marketing Manager,18.7,12,0,Startup,Tier 2,Nagpur,1.8,1656000
EMP02042,Deepak Agarwal,28,Male,Bachelor's,HR,HR Generalist,2.1,4,1,Enterprise,Tier 2,Lucknow,4.6,664000
EMP02043,Mohit Sharma,38,Male,Bachelor's,Engineering,Process Engineer,15.8,8,3,Enterprise,Tier 1,Chennai,3.5,3412000
EMP02044,Aarav Sharma,39,Other,Bachelor's,Legal,Legal Consultant,16.2,5,3,MNC,Tier 2,Jaipur,4.2,3898000
EMP02045,Sara Kapoor,31,Female,Master's,Operations,Supply Chain Analyst,6.5,3,1,Enterprise,Tier 1,Chennai,2.3,1367000
EMP02046,Krishna Verma,46,Male,Master's,Healthcare,Public Health Specialist,10.4,6,1,Startup,Tier 2,Chandigarh,3.2,2099000
EMP02047,Aarav Gupta,56,Male,Bachelor's,Operations,Inventory Analyst,27.4,15,3,SME,Tier 1,Chennai,4.1,4628000
EMP02048,Anjali Bhat,38,Female,Master's,Legal,Patent Attorney,11.4,5,2,MNC,Tier 1,Pune,2.0,3128000
EMP02049,Vihaan Iyer,56,Male,Master's,Education,Lab Instructor,21.1,13,0,MNC,Tier 2,Jaipur,5.0,3570000
EMP02050,Ananya Das,26,Female,Bachelor's,Education,Lab Instructor,3.4,2,1,SME,Tier 1,Chennai,3.1,585000
EMP02051,Harsh Malik,33,Other,Master's,Engineering,Civil Engineer,6.1,4,1,SME,Tier 3,Raipur,1.7,822000
EMP02052,Ira Pillai,25,Female,Bachelor's,Healthcare,Doctor,0.3,2,0,SME,Tier 1,Hyderabad,2.7,374000
EMP02053,Kritika Patel,29,Female,Bachelor's,Marketing,Market Research Analyst,6.6,3,0,SME,Tier 3,Ranchi,2.4,580000
EMP02054,Vivaan Joshi,25,Male,Bachelor's,Healthcare,Public Health Specialist,1.1,3,1,MNC,Tier 1,Bangalore,2.7,618000
EMP02055,Ayaan Agarwal,57,Male,Master's,Finance,Investment Banker,24.4,6,1,MNC,Tier 1,Delhi,4.2,5892000
EMP02056,Diya Malik,39,Female,Bachelor's,Operations,Logistics Coordinator,9.9,2,2,MNC,Tier 3,Mysuru,2.4,973000
EMP02057,Vikram Patel,28,Male,Master's,Healthcare,Medical Lab Technician,2.4,2,0,MNC,Tier 1,Chennai,3.6,1013000
EMP02058,Vihaan Reddy,57,Male,Bachelor's,Marketing,SEO Specialist,21.6,5,0,MNC,Tier 1,Pune,4.3,4099000
EMP02059,Anjali Agarwal,43,Female,Master's,Operations,Operations Manager,16.3,8,2,SME,Tier 2,Kochi,3.1,2384000
EMP02060,Simran Verma,57,Female,PhD,Operations,Facility Manager,32.3,13,0,SME,Tier 2,Lucknow,2.7,4842000
EMP02061,Aanya Das,47,Female,Bachelor's,Finance,Risk Analyst,13.6,9,1,Enterprise,Tier 2,Ahmedabad,3.9,2953000
EMP02062,Ankit Nair,40,Male,PhD,Healthcare,Hospital Administrator,7.6,3,2,Startup,Tier 3,Ranchi,1.8,1188000
EMP02063,Simran Nair,25,Female,Bachelor's,Marketing,Content Writer,2.2,3,1,SME,Tier 1,Chennai,1.8,539000
EMP02064,Pooja Iyer,32,Female,Bachelor's,Sales,Key Account Manager,4.1,2,0,MNC,Tier 1,Pune,4.1,971000
EMP02065,Suresh Joshi,50,Male,Bachelor's,Finance,Accountant,22.7,10,3,MNC,Tier 3,Dehradun,5.0,4089000
EMP02066,Rajesh Joshi,28,Male,Bachelor's,Education,Academic Counselor,4.1,2,0,SME,Tier 1,Pune,3.7,618000
EMP02067,Rohan Gupta,25,Male,Bachelor's,Healthcare,Radiologist,2.6,4,0,Startup,Tier 1,Hyderabad,2.6,508000
EMP02068,Gaurav Mishra,33,Male,Bachelor's,Healthcare,Medical Lab Technician,7.1,5,1,MNC,Tier 3,Dehradun,3.6,1250000
EMP02069,Swati Chatterjee,36,Female,Bachelor's,Engineering,Civil Engineer,10.1,2,0,MNC,Tier 2,Nagpur,2.2,1541000
EMP02070,Tanvi Nair,41,Female,Bachelor's,Healthcare,Hospital Administrator,7.5,5,2,Startup,Tier 2,Chandigarh,2.9,1264000
EMP02071,Ishaan Agarwal,55,Male,Bachelor's,Marketing,Brand Manager,19.3,9,2,Startup,Tier 3,Raipur,2.8,1752000
EMP02072,Neha Kapoor,24,Female,Bachelor's,Education,Curriculum Designer,0.4,2,0,SME,Tier 2,Lucknow,3.4,326000
EMP02073,Karan Iyer,35,Male,Bachelor's,IT,Cybersecurity Analyst,11.8,3,2,MNC,Tier 3,Mysuru,3.7,1911000
EMP02074,Krishna Rao,22,Male,Bachelor's,Engineering,Site Engineer,0.0,3,1,SME,Tier 1,Mumbai,4.4,518000
EMP02075,Rohan Verma,38,Male,Bachelor's,Sales,Pre-Sales Consultant,8.0,2,2,MNC,Tier 1,Bangalore,3.4,1440000
EMP02076,Ira Iyer,40,Female,Master's,Operations,Inventory Analyst,14.0,10,3,SME,Tier 2,Kochi,3.5,2146000
EMP02077,Vikram Saxena,28,Male,Bachelor's,IT,QA Engineer,3.9,2,1,MNC,Tier 3,Bhopal,1.6,728000
EMP02078,Anjali Iyer,50,Female,Bachelor's,Engineering,Quality Engineer,25.3,8,3,MNC,Tier 1,Delhi,1.8,4909000
EMP02079,Meera Sharma,28,Female,Bachelor's,HR,HR Business Partner,3.8,4,0,SME,Tier 2,Chandigarh,3.6,578000
EMP02080,Meera Mishra,55,Female,Bachelor's,HR,Talent Acquisition Lead,28.6,2,5,SME,Tier 1,Pune,4.0,3605000
EMP02081,Priya Rao,43,Female,Bachelor's,Healthcare,Hospital Administrator,19.8,10,3,Startup,Tier 3,Raipur,3.6,2919000
EMP02082,Nisha Singh,41,Female,PhD,Healthcare,Physiotherapist,7.2,3,2,SME,Tier 2,Ahmedabad,3.0,1898000
EMP02083,Amit Joshi,54,Male,PhD,Finance,Portfolio Manager,27.5,5,4,MNC,Tier 2,Nagpur,4.1,6630000
EMP02084,Aadhya Agarwal,46,Female,Bachelor's,Sales,Inside Sales Representative,13.1,3,0,MNC,Tier 3,Patna,3.0,1168000
EMP02085,Tanvi Mehta,27,Female,PhD,Operations,Procurement Manager,0.0,3,1,Startup,Tier 3,Guwahati,3.2,325000
EMP02086,Amit Deshpande,52,Male,Bachelor's,Marketing,Market Research Analyst,18.6,4,0,Enterprise,Tier 2,Lucknow,2.4,2213000
EMP02087,Ira Bhat,38,Female,Bachelor's,Operations,Inventory Analyst,13.5,5,1,Startup,Tier 1,Bangalore,2.2,1436000
EMP02088,Ankit Das,27,Male,Bachelor's,IT,Cloud Architect,4.5,2,1,SME,Tier 3,Dehradun,3.1,711000
EMP02089,Ankit Das,30,Male,Bachelor's,Engineering,Quality Engineer,5.2,2,1,MNC,Tier 1,Hyderabad,4.9,1342000
EMP02090,Tanvi Iyer,40,Female,Master's,HR,HR Generalist,14.6,4,2,MNC,Tier 1,Hyderabad,4.3,3236000
EMP02091,Ananya Deshpande,37,Female,Bachelor's,Legal,Contract Specialist,10.8,4,0,SME,Tier 1,Pune,3.2,2217000
EMP02092,Aditya Joshi,50,Male,Bachelor's,HR,Recruiter,13.2,9,0,MNC,Tier 1,Chennai,3.6,2151000
EMP02093,Sakshi Saxena,24,Female,Master's,HR,HR Manager,1.6,3,1,SME,Tier 2,Lucknow,4.1,576000
EMP02094,Shreya Nair,55,Female,PhD,Education,Lab Instructor,20.6,7,1,Enterprise,Tier 3,Patna,4.8,3190000
EMP02095,Vivaan Bhat,22,Male,Master's,IT,Backend Developer,0.0,2,0,Startup,Tier 1,Delhi,3.5,601000
EMP02096,Kavya Das,26,Female,Bachelor's,Operations,Operations Analyst,2.3,4,1,MNC,Tier 3,Bhopal,3.4,505000
EMP02097,Shreya Pillai,35,Female,Master's,Legal,Patent Attorney,7.3,2,1,MNC,Tier 2,Ahmedabad,4.7,2287000
EMP02098,Manish Bhat,48,Male,Bachelor's,IT,Backend Developer,21.8,13,4,SME,Tier 2,Nagpur,4.2,4081000
EMP02099,Arjun Saxena,23,Male,Master's,Healthcare,Physiotherapist,0.4,3,0,MNC,Tier 2,Chandigarh,4.0,503000
EMP02100,Kritika Nair,22,Female,Master's,Operations,Logistics Coordinator,0.0,3,0,SME,Tier 3,Guwahati,2.3,299000
EMP02101,Sai Kumar,26,Male,Bachelor's,Education,Lecturer,0.9,2,1,SME,Tier 1,Delhi,3.1,406000
EMP02102,Pranav Mishra,27,Male,Bachelor's,Sales,Inside Sales Representative,1.3,3,1,Enterprise,Tier 3,Bhopal,2.2,369000
EMP02103,Pooja Singh,23,Female,PhD,Healthcare,Medical Lab Technician,0.8,3,0,MNC,Tier 3,Raipur,4.7,614000
EMP02104,Bhavna Das,48,Female,Bachelor's,Legal,Litigation Associate,15.5,5,0,Enterprise,Tier 3,Bhopal,3.3,2973000
EMP02105,Arjun Chatterjee,54,Male,Bachelor's,HR,Employee Relations Specialist,27.9,10,0,SME,Tier 3,Raipur,4.2,2215000
EMP02106,Sai Saxena,29,Male,Bachelor's,Operations,Process Improvement Analyst,3.4,4,0,MNC,Tier 2,Indore,4.6,904000
EMP02107,Aanya Patel,57,Female,PhD,Education,Education Consultant,31.1,15,0,SME,Tier 1,Chennai,2.1,4204000
EMP02108,Vihaan Mishra,36,Male,Bachelor's,Operations,Supply Chain Analyst,9.9,7,0,MNC,Tier 3,Raipur,1.7,1031000
EMP02109,Amit Reddy,38,Male,Bachelor's,Operations,Logistics Coordinator,9.1,3,0,MNC,Tier 3,Raipur,3.1,973000
EMP02110,Bhavna Verma,28,Female,Bachelor's,Sales,Inside Sales Representative,1.8,2,1,Startup,Tier 1,Kolkata,2.9,493000
EMP02111,Aditya Mehta,44,Male,Bachelor's,IT,Data Scientist,13.2,2,0,Startup,Tier 1,Mumbai,3.1,1964000
EMP02112,Ankit Saxena,28,Male,Master's,Operations,Inventory Analyst,2.2,4,1,MNC,Tier 1,Hyderabad,2.9,849000
EMP02113,Meera Nair,41,Female,Bachelor's,HR,Recruiter,16.5,4,0,Startup,Tier 3,Mysuru,4.7,1313000
EMP02114,Arjun Verma,48,Male,Bachelor's,Finance,Treasury Analyst,24.8,14,0,Startup,Tier 3,Guwahati,4.1,2721000
EMP02115,Manish Saxena,27,Other,Bachelor's,Sales,Business Development Manager,1.2,3,0,MNC,Tier 1,Chennai,2.0,543000
EMP02116,Myra Kumar,27,Female,Master's,Legal,Legal Analyst,4.6,5,0,MNC,Tier 1,Chennai,3.5,1685000
EMP02117,Arjun Sharma,55,Male,Bachelor's,HR,Payroll Specialist,25.1,13,0,MNC,Tier 1,Chennai,2.3,3649000
EMP02118,Sakshi Bhat,44,Female,Bachelor's,Healthcare,Clinical Research Associate,17.2,2,1,Startup,Tier 1,Kolkata,3.8,2989000
EMP02119,Neha Thakur,43,Female,Master's,Healthcare,Hospital Administrator,18.4,10,3,Enterprise,Tier 1,Delhi,1.8,4732000
EMP02120,Harsh Verma,43,Male,Master's,Sales,Sales Manager,17.0,4,3,Startup,Tier 1,Delhi,3.4,2777000
EMP02121,Sai Iyer,22,Male,Bachelor's,Education,Curriculum Designer,0.0,3,1,Enterprise,Tier 1,Chennai,4.9,596000
EMP02122,Rajesh Sharma,38,Male,Master's,Sales,Channel Partner Manager,10.6,5,1,Enterprise,Tier 1,Mumbai,1.8,2294000
EMP02123,Deepak Chatterjee,49,Male,Master's,Marketing,Growth Hacker,19.7,10,3,MNC,Tier 1,Hyderabad,3.9,4639000
EMP02124,Tanvi Chopra,37,Female,Bachelor's,Engineering,Mechanical Engineer,9.5,3,0,MNC,Tier 1,Mumbai,5.0,2025000
EMP02125,Ira Thakur,46,Female,Bachelor's,HR,Payroll Specialist,21.6,6,3,Enterprise,Tier 1,Chennai,3.7,3890000
EMP02126,Aarav Reddy,43,Male,Bachelor's,HR,HR Generalist,15.8,7,1,MNC,Tier 3,Raipur,2.5,1555000
EMP02127,Harsh Deshpande,29,Male,Bachelor's,Operations,Operations Manager,6.8,3,1,SME,Tier 2,Kochi,2.8,757000
EMP02128,Gaurav Das,52,Male,Bachelor's,IT,Cybersecurity Analyst,18.6,5,1,MNC,Tier 1,Mumbai,4.3,5055000
EMP02129,Nikhil Deshpande,55,Male,Bachelor's,Sales,Regional Sales Head,29.9,7,3,MNC,Tier 1,Bangalore,2.8,5406000
EMP02130,Isha Thakur,33,Female,Master's,Healthcare,Clinical Research Associate,10.2,7,2,Enterprise,Tier 2,Jaipur,3.3,3087000
EMP02131,Rahul Reddy,24,Male,Bachelor's,Sales,Pre-Sales Consultant,0.7,3,1,SME,Tier 1,Hyderabad,3.3,463000
EMP02132,Riya Iyer,42,Female,Master's,Marketing,PR Specialist,19.7,6,2,MNC,Tier 2,Lucknow,1.8,2934000
EMP02133,Reyansh Gupta,52,Male,Bachelor's,Education,Education Consultant,23.2,4,4,MNC,Tier 2,Kochi,4.0,3242000
EMP02134,Sai Agarwal,26,Other,Master's,HR,HR Generalist,1.5,2,1,SME,Tier 2,Nagpur,4.1,557000
EMP02135,Suresh Chopra,53,Male,Bachelor's,Education,Academic Counselor,18.2,8,2,MNC,Tier 1,Delhi,4.2,2821000
EMP02136,Vihaan Chopra,47,Male,Bachelor's,Operations,Inventory Analyst,13.9,2,0,MNC,Tier 1,Kolkata,3.3,2060000
EMP02137,Vihaan Banerjee,34,Male,Master's,Finance,Tax Consultant,8.2,7,2,Startup,Tier 3,Patna,1.9,980000
EMP02138,Pranav Kapoor,35,Male,Bachelor's,Operations,Logistics Coordinator,8.6,5,2,Startup,Tier 2,Nagpur,2.4,1009000
EMP02139,Aadhya Gupta,54,Female,PhD,HR,HR Manager,28.1,5,2,MNC,Tier 1,Pune,2.7,5010000
EMP02140,Gaurav Nair,45,Male,Master's,Sales,Regional Sales Head,14.3,9,0,Enterprise,Tier 1,Delhi,3.0,2921000
EMP02141,Ayaan Mishra,31,Male,Master's,IT,Cybersecurity Analyst,8.2,5,1,Enterprise,Tier 3,Dehradun,3.7,1864000
EMP02142,Arjun Verma,43,Male,Master's,Engineering,Structural Engineer,15.9,3,0,MNC,Tier 1,Chennai,4.4,3711000
EMP02143,Karan Kapoor,31,Male,Master's,Education,Professor,2.8,2,1,Enterprise,Tier 2,Nagpur,4.2,785000
EMP02144,Ira Thakur,37,Female,Master's,Legal,Litigation Associate,8.1,4,2,Startup,Tier 3,Dehradun,2.1,1177000
EMP02145,Suresh Chatterjee,47,Male,Bachelor's,Sales,Key Account Manager,14.7,8,0,SME,Tier 2,Nagpur,1.6,1508000
EMP02146,Rohan Gupta,58,Male,Master's,Finance,Treasury Analyst,25.6,9,3,SME,Tier 1,Chennai,3.9,6747000
EMP02147,Vihaan Joshi,32,Male,Bachelor's,Finance,Portfolio Manager,9.4,6,2,Startup,Tier 2,Nagpur,2.4,1020000
EMP02148,Shreya Agarwal,58,Female,Bachelor's,Legal,Litigation Associate,24.7,8,2,MNC,Tier 1,Mumbai,2.8,6088000
EMP02149,Suresh Iyer,35,Male,Master's,HR,Compensation Analyst,12.8,8,2,SME,Tier 2,Chandigarh,4.5,1882000
EMP02150,Sara Kumar,22,Female,Master's,HR,HRIS Analyst,0.0,2,1,SME,Tier 3,Patna,2.5,235000
EMP02151,Reyansh Chatterjee,51,Male,Bachelor's,IT,Software Developer,14.3,7,2,SME,Tier 3,Mysuru,2.5,1734000
EMP02152,Mohit Agarwal,26,Other,Master's,HR,HR Generalist,1.9,2,1,Enterprise,Tier 2,Kochi,2.7,743000
EMP02153,Ayaan Mehta,39,Male,Master's,Legal,Patent Attorney,6.6,6,1,Enterprise,Tier 1,Bangalore,3.7,2558000
EMP02154,Ayaan Kumar,56,Male,Bachelor's,Education,Education Consultant,25.5,15,4,MNC,Tier 3,Dehradun,4.1,3155000
EMP02155,Mohit Chatterjee,54,Male,Bachelor's,Engineering,Design Engineer,14.8,10,2,MNC,Tier 1,Bangalore,2.9,2618000
EMP02156,Gaurav Kapoor,41,Male,Bachelor's,HR,HR Manager,12.8,6,1,MNC,Tier 3,Dehradun,3.7,1290000
EMP02157,Gaurav Rao,53,Male,Master's,Marketing,Digital Marketing Analyst,14.8,7,2,MNC,Tier 3,Raipur,4.0,2140000
EMP02158,Ishaan Chatterjee,47,Male,Bachelor's,Legal,Corporate Lawyer,13.3,8,0,Startup,Tier 2,Kochi,3.9,2139000
EMP02159,Aadhya Deshpande,28,Female,Bachelor's,IT,QA Engineer,3.3,4,1,MNC,Tier 2,Ahmedabad,4.0,1149000
EMP02160,Nikhil Mehta,42,Male,Master's,Engineering,Electrical Engineer,8.4,4,2,MNC,Tier 1,Chennai,4.2,2371000
EMP02161,Meera Malik,47,Female,Master's,Education,Academic Counselor,21.8,9,1,SME,Tier 2,Chandigarh,4.0,2563000
EMP02162,Aadhya Rao,25,Female,Bachelor's,Healthcare,Clinical Research Associate,1.6,3,0,Enterprise,Tier 1,Delhi,4.4,896000
EMP02163,Tanvi Sharma,26,Female,Bachelor's,IT,Cybersecurity Analyst,1.9,3,0,SME,Tier 1,Chennai,2.3,715000
EMP02164,Ankit Nair,42,Male,Bachelor's,Operations,Inventory Analyst,13.3,3,2,SME,Tier 3,Patna,4.0,1423000
EMP02165,Isha Sharma,25,Female,PhD,Marketing,Social Media Manager,2.3,3,1,MNC,Tier 1,Pune,1.6,1026000
EMP02166,Rohan Patel,48,Male,Bachelor's,Legal,Legal Consultant,25.2,13,0,Startup,Tier 2,Nagpur,3.3,3985000
EMP02167,Rajesh Singh,27,Male,Master's,Healthcare,Medical Lab Technician,4.0,3,0,SME,Tier 2,Chandigarh,4.5,984000
EMP02168,Aanya Singh,53,Female,Master's,Sales,Channel Partner Manager,27.4,4,2,MNC,Tier 3,Dehradun,4.9,4013000
EMP02169,Nisha Iyer,39,Female,Bachelor's,Education,Academic Counselor,8.4,7,1,SME,Tier 3,Bhopal,3.3,703000
EMP02170,Kritika Thakur,43,Female,Bachelor's,Engineering,Quality Engineer,10.8,2,2,SME,Tier 1,Chennai,4.4,1950000
EMP02171,Diya Saxena,35,Female,Bachelor's,Engineering,Process Engineer,7.1,2,2,MNC,Tier 1,Hyderabad,4.8,1856000
EMP02172,Ankit Kumar,32,Male,Bachelor's,Finance,Auditor,7.6,3,0,SME,Tier 1,Mumbai,4.6,1474000
EMP02173,Karan Patel,56,Male,Bachelor's,Engineering,Mechanical Engineer,18.7,10,3,Enterprise,Tier 1,Delhi,3.1,4048000
EMP02174,Gaurav Mishra,22,Male,PhD,Legal,Contract Specialist,0.0,2,1,SME,Tier 2,Chandigarh,1.5,532000
EMP02175,Mohit Saxena,26,Male,Master's,Healthcare,Nurse,2.0,2,1,MNC,Tier 3,Dehradun,3.5,617000
EMP02176,Diya Pillai,46,Female,Master's,Marketing,Marketing Manager,12.4,4,1,MNC,Tier 2,Nagpur,2.9,2316000
EMP02177,Nisha Joshi,28,Female,Master's,Finance,Portfolio Manager,0.2,2,0,SME,Tier 3,Mysuru,4.3,360000
EMP02178,Rajesh Kapoor,53,Male,Master's,Marketing,Digital Marketing Analyst,14.9,3,3,MNC,Tier 1,Mumbai,4.1,3322000
EMP02179,Rajesh Singh,34,Male,Bachelor's,Sales,Business Development Manager,8.6,5,0,SME,Tier 1,Delhi,4.7,1700000
EMP02180,Ayaan Bhat,47,Male,Master's,Education,Research Associate,15.7,2,1,Startup,Tier 1,Kolkata,4.8,2101000
EMP02181,Harsh Pillai,51,Male,Bachelor's,HR,HR Generalist,12.7,5,0,MNC,Tier 1,Bangalore,4.1,1978000
EMP02182,Ira Agarwal,27,Female,Bachelor's,Education,Teaching Assistant,1.6,3,0,SME,Tier 1,Delhi,2.8,414000
EMP02183,Harsh Saxena,44,Male,Bachelor's,Healthcare,Nurse,13.0,3,0,Enterprise,Tier 1,Mumbai,3.5,3344000
EMP02184,Deepak Mishra,52,Male,Master's,IT,Frontend Developer,18.1,11,3,Startup,Tier 3,Bhopal,4.5,3420000
EMP02185,Ira Verma,44,Female,Bachelor's,Legal,Corporate Lawyer,20.6,6,0,Startup,Tier 3,Guwahati,2.8,1991000
EMP02186,Amit Iyer,56,Male,Master's,Sales,Channel Partner Manager,20.4,5,3,SME,Tier 1,Pune,3.5,4396000
EMP02187,Riya Malik,51,Female,Master's,Engineering,Mechanical Engineer,11.7,4,0,SME,Tier 3,Guwahati,4.4,1386000
EMP02188,Kritika Malik,36,Female,Master's,Legal,Compliance Manager,4.4,3,0,SME,Tier 2,Indore,4.4,1213000
EMP02189,Shreya Deshpande,53,Female,Master's,HR,Talent Acquisition Lead,14.7,2,2,MNC,Tier 3,Mysuru,1.7,1425000
EMP02190,Karan Kapoor,35,Male,Master's,Sales,Account Executive,12.9,8,0,Enterprise,Tier 3,Patna,3.2,2103000
EMP02191,Manish Mishra,45,Male,Master's,HR,Payroll Specialist,14.5,3,0,Startup,Tier 2,Kochi,3.2,1309000
EMP02192,Karan Chatterjee,40,Male,Master's,Education,Lab Instructor,10.1,3,2,MNC,Tier 2,Lucknow,2.9,1460000
EMP02193,Pooja Pillai,43,Female,Bachelor's,IT,Frontend Developer,15.7,10,2,Enterprise,Tier 1,Pune,2.7,4676000
EMP02194,Vikram Banerjee,33,Male,PhD,Engineering,Civil Engineer,4.4,3,1,MNC,Tier 2,Kochi,4.2,1311000
EMP02195,Karan Malik,50,Male,Master's,Legal,Corporate Lawyer,23.9,5,4,MNC,Tier 3,Patna,2.8,5163000
EMP02196,Rajesh Patel,50,Male,Bachelor's,Finance,Financial Analyst,27.1,14,1,Enterprise,Tier 1,Chennai,3.6,6305000
EMP02197,Ankit Verma,48,Male,Bachelor's,Healthcare,Hospital Administrator,14.0,5,1,MNC,Tier 2,Jaipur,4.3,3297000
EMP02198,Rajesh Nair,38,Male,Bachelor's,IT,QA Engineer,14.1,2,3,MNC,Tier 3,Guwahati,2.3,1982000
EMP02199,Riya Chopra,44,Female,Master's,Marketing,Social Media Manager,14.1,8,2,MNC,Tier 2,Jaipur,2.0,2092000
EMP02200,Mohit Saxena,25,Male,Bachelor's,Engineering,Structural Engineer,0.8,3,1,MNC,Tier 2,Chandigarh,2.4,535000
EMP02201,Rajesh Bhat,55,Male,Master's,HR,Training Coordinator,20.6,6,1,MNC,Tier 1,Bangalore,4.9,4903000
EMP02202,Ishaan Kumar,45,Male,Bachelor's,IT,Cloud Architect,17.0,8,3,MNC,Tier 1,Bangalore,1.6,3520000
EMP02203,Myra Patel,29,Female,Bachelor's,Finance,Credit Analyst,1.7,2,1,MNC,Tier 3,Patna,4.8,634000
EMP02204,Isha Kumar,56,Female,Master's,Operations,Operations Analyst,29.5,4,4,SME,Tier 3,Guwahati,1.8,2458000
EMP02205,Pooja Mishra,45,Female,Master's,Healthcare,Public Health Specialist,20.4,9,4,SME,Tier 1,Hyderabad,1.5,4607000
EMP02206,Sai Thakur,57,Male,Bachelor's,Legal,Corporate Lawyer,15.9,3,0,Startup,Tier 2,Chandigarh,3.9,2533000
EMP02207,Aarav Kumar,32,Male,Master's,IT,Data Scientist,7.8,5,1,SME,Tier 3,Bhopal,2.9,1400000
EMP02208,Suresh Kumar,26,Male,Bachelor's,HR,Employee Relations Specialist,1.7,3,1,MNC,Tier 1,Mumbai,2.7,610000
EMP02209,Ankit Mishra,50,Male,Bachelor's,Healthcare,Doctor,15.7,8,0,SME,Tier 3,Ranchi,2.5,1995000
EMP02210,Reyansh Reddy,22,Male,Master's,Education,Dean,0.0,2,0,MNC,Tier 1,Chennai,4.0,490000
EMP02211,Vivaan Gupta,38,Male,Bachelor's,Operations,Logistics Coordinator,8.3,5,1,Startup,Tier 2,Kochi,2.7,789000
EMP02212,Tanvi Bhat,51,Female,Bachelor's,Education,Professor,24.4,11,3,SME,Tier 3,Dehradun,3.8,2356000
EMP02213,Arjun Chatterjee,26,Male,Master's,IT,Data Scientist,3.4,2,1,Startup,Tier 1,Bangalore,4.9,1262000
EMP02214,Aarav Iyer,58,Male,Master's,Marketing,PR Specialist,27.3,10,1,MNC,Tier 1,Chennai,4.9,6207000
EMP02215,Kavya Mehta,29,Female,Bachelor's,Marketing,Campaign Manager,5.1,2,1,MNC,Tier 3,Mysuru,3.1,662000
EMP02216,Nisha Joshi,29,Female,PhD,HR,Training Coordinator,2.4,3,0,MNC,Tier 1,Bangalore,2.7,947000
EMP02217,Pranav Nair,26,Male,Bachelor's,Operations,Fleet Manager,2.9,2,1,MNC,Tier 2,Lucknow,4.6,721000
EMP02218,Reyansh Bhat,41,Male,Bachelor's,Education,Curriculum Designer,14.7,9,3,Startup,Tier 3,Dehradun,2.8,1054000
EMP02219,Amit Deshpande,41,Male,Bachelor's,Sales,Sales Manager,17.1,11,0,MNC,Tier 1,Chennai,3.8,3923000
EMP02220,Myra Joshi,52,Female,Master's,Engineering,Mechanical Engineer,23.3,13,0,MNC,Tier 1,Mumbai,3.0,5411000
EMP02221,Ayaan Rao,48,Male,Bachelor's,Healthcare,Radiologist,16.7,4,1,SME,Tier 2,Jaipur,2.3,2536000
EMP02222,Priya Verma,27,Female,Master's,HR,HR Manager,4.6,4,0,SME,Tier 1,Kolkata,1.9,742000
EMP02223,Sai Banerjee,41,Male,PhD,HR,Payroll Specialist,18.5,7,3,MNC,Tier 2,Jaipur,3.7,3943000
EMP02224,Arjun Chopra,36,Male,Bachelor's,Education,Instructional Designer,9.7,7,1,SME,Tier 1,Bangalore,3.5,1206000
EMP02225,Bhavna Bhat,42,Female,Master's,Engineering,Quality Engineer,17.2,3,2,SME,Tier 2,Nagpur,2.1,2221000
EMP02226,Sai Kapoor,41,Male,Bachelor's,Marketing,Market Research Analyst,11.2,2,2,SME,Tier 2,Jaipur,3.5,1462000
EMP02227,Sakshi Verma,49,Female,Bachelor's,Legal,Contract Specialist,12.5,6,1,Startup,Tier 2,Lucknow,4.4,2406000
EMP02228,Shreya Iyer,25,Female,Master's,HR,Training Coordinator,1.9,2,1,MNC,Tier 2,Indore,4.0,647000
EMP02229,Vikram Malik,45,Male,Master's,HR,HRIS Analyst,11.8,3,1,Enterprise,Tier 2,Ahmedabad,3.6,1668000
EMP02230,Reyansh Kapoor,33,Male,Master's,Education,Research Associate,6.9,6,2,SME,Tier 2,Lucknow,4.4,1128000
EMP02231,Diya Nair,37,Female,Bachelor's,Legal,Compliance Manager,8.1,3,2,Enterprise,Tier 2,Jaipur,2.1,1650000
EMP02232,Ishaan Singh,33,Male,Bachelor's,Legal,Patent Attorney,3.7,4,1,Startup,Tier 3,Patna,1.7,578000
EMP02233,Vivaan Mehta,26,Male,Bachelor's,Healthcare,Medical Lab Technician,3.3,3,0,MNC,Tier 2,Jaipur,2.8,684000
EMP02234,Pranav Rao,25,Male,Master's,HR,HR Manager,0.8,2,1,Enterprise,Tier 1,Mumbai,1.8,640000
EMP02235,Kavya Chatterjee,27,Female,Bachelor's,Marketing,Growth Hacker,4.1,2,1,MNC,Tier 1,Mumbai,4.5,938000
EMP02236,Simran Chatterjee,23,Female,Bachelor's,Marketing,Digital Marketing Analyst,0.6,3,0,MNC,Tier 3,Bhopal,2.7,362000
EMP02237,Manish Mehta,44,Male,Bachelor's,Finance,Portfolio Manager,14.6,5,1,Enterprise,Tier 2,Lucknow,4.9,3053000
EMP02238,Aarav Das,29,Male,Master's,Healthcare,Nurse,4.9,4,1,SME,Tier 1,Pune,4.2,1358000
EMP02239,Aditya Mehta,24,Male,Bachelor's,IT,Full Stack Developer,1.2,3,1,MNC,Tier 1,Hyderabad,3.1,796000
EMP02240,Reyansh Agarwal,35,Male,Master's,Engineering,Mechanical Engineer,12.2,2,2,MNC,Tier 1,Mumbai,1.8,2495000
EMP02241,Manish Das,28,Male,Master's,Marketing,Campaign Manager,0.9,2,0,Startup,Tier 2,Ahmedabad,3.8,442000
EMP02242,Ayaan Thakur,55,Male,Bachelor's,Sales,Territory Manager,27.6,13,2,Startup,Tier 3,Ranchi,4.8,3206000
EMP02243,Aadhya Chatterjee,24,Female,Master's,Engineering,Project Manager,2.0,4,0,SME,Tier 1,Mumbai,1.5,775000
EMP02244,Kritika Rao,32,Female,Master's,Sales,Account Executive,7.4,4,1,Startup,Tier 1,Bangalore,2.7,1037000
EMP02245,Karan Pillai,36,Male,Master's,IT,ML Engineer,6.2,5,1,Enterprise,Tier 2,Kochi,3.5,2099000
EMP02246,Gaurav Singh,38,Other,Bachelor's,HR,HRIS Analyst,11.5,5,1,Enterprise,Tier 1,Hyderabad,2.4,1773000
EMP02247,Vikram Banerjee,55,Male,Bachelor's,Engineering,Quality Engineer,21.4,10,2,MNC,Tier 3,Bhopal,3.0,2630000
EMP02248,Vivaan Chatterjee,45,Male,Master's,Marketing,Digital Marketing Analyst,12.1,3,2,Startup,Tier 2,Ahmedabad,2.2,1213000
EMP02249,Ananya Kapoor,24,Female,Bachelor's,Sales,Inside Sales Representative,0.9,2,0,MNC,Tier 2,Ahmedabad,4.3,485000
EMP02250,Reyansh Singh,46,Male,Bachelor's,Sales,Territory Manager,11.5,8,0,MNC,Tier 1,Delhi,3.4,2271000
EMP02251,Ananya Singh,31,Female,Bachelor's,IT,DevOps Engineer,8.7,4,1,SME,Tier 2,Chandigarh,2.5,1328000
EMP02252,Priya Kapoor,24,Other,Master's,Operations,Operations Analyst,1.7,3,1,MNC,Tier 1,Chennai,3.2,905000
EMP02253,Vihaan Banerjee,35,Male,Bachelor's,HR,Compensation Analyst,9.0,7,0,Startup,Tier 2,Chandigarh,2.3,717000
EMP02254,Ishaan Chopra,36,Male,PhD,Legal,Patent Attorney,5.1,5,1,Enterprise,Tier 1,Hyderabad,2.0,2177000
EMP02255,Kritika Reddy,44,Female,Bachelor's,Operations,Inventory Analyst,11.0,4,0,SME,Tier 1,Hyderabad,1.7,1144000
EMP02256,Ayaan Verma,30,Male,Bachelor's,HR,HR Manager,4.2,5,1,Enterprise,Tier 3,Bhopal,2.1,599000
EMP02257,Rahul Pillai,58,Male,Master's,HR,Recruiter,34.4,15,5,Startup,Tier 3,Bhopal,2.7,3190000
EMP02258,Vikram Verma,56,Male,Master's,Healthcare,Medical Lab Technician,25.6,9,4,MNC,Tier 2,Ahmedabad,3.7,7500000
EMP02259,Pranav Banerjee,34,Male,Bachelor's,Education,Research Associate,7.8,6,1,MNC,Tier 3,Mysuru,4.5,713000
EMP02260,Arjun Sharma,31,Male,Bachelor's,HR,HR Generalist,3.5,4,1,Startup,Tier 1,Pune,3.1,603000
EMP02261,Ishaan Chatterjee,24,Male,Bachelor's,Finance,Accountant,1.8,2,0,SME,Tier 1,Chennai,4.3,728000
EMP02262,Diya Chopra,37,Female,Master's,Engineering,Mechanical Engineer,8.5,2,1,SME,Tier 2,Jaipur,4.6,1593000
EMP02263,Simran Singh,28,Female,Master's,Operations,Logistics Coordinator,4.4,5,0,Enterprise,Tier 2,Ahmedabad,3.5,1196000
EMP02264,Ira Joshi,26,Female,PhD,Marketing,Digital Marketing Analyst,0.3,2,0,MNC,Tier 2,Jaipur,4.8,631000
EMP02265,Shreya Bhat,28,Other,Bachelor's,Education,Lecturer,4.5,3,0,SME,Tier 1,Pune,3.6,721000
EMP02266,Ishaan Malik,24,Male,Bachelor's,Engineering,Mechanical Engineer,1.1,3,0,MNC,Tier 3,Dehradun,1.9,440000
EMP02267,Anjali Malik,55,Female,Bachelor's,IT,Frontend Developer,16.4,7,3,SME,Tier 2,Nagpur,2.0,2099000
EMP02268,Mohit Chopra,39,Male,Master's,Legal,Patent Attorney,5.8,3,1,SME,Tier 2,Kochi,3.6,1445000
EMP02269,Diya Sharma,36,Other,Bachelor's,Finance,Risk Analyst,8.5,6,1,Startup,Tier 3,Dehradun,4.9,1013000
EMP02270,Amit Sharma,36,Male,Bachelor's,Legal,Legal Analyst,7.1,2,2,MNC,Tier 1,Hyderabad,4.7,2173000
EMP02271,Aditya Agarwal,24,Male,Bachelor's,Sales,Channel Partner Manager,0.8,3,1,SME,Tier 1,Delhi,2.3,426000
EMP02272,Ishaan Sharma,25,Male,Bachelor's,HR,HR Generalist,1.2,3,1,MNC,Tier 2,Nagpur,3.3,464000
EMP02273,Krishna Pillai,26,Male,Bachelor's,Marketing,Market Research Analyst,3.2,2,0,Enterprise,Tier 2,Ahmedabad,1.5,578000
EMP02274,Mohit Deshpande,36,Male,Master's,Education,Instructional Designer,13.1,5,0,MNC,Tier 3,Dehradun,3.3,1427000
EMP02275,Aditya Malik,28,Male,Master's,Engineering,Mechanical Engineer,6.0,4,0,Startup,Tier 1,Delhi,2.5,989000
EMP02276,Kavya Mehta,49,Female,Bachelor's,Marketing,Brand Manager,15.1,10,2,MNC,Tier 2,Indore,4.7,2357000
EMP02277,Sai Nair,58,Male,PhD,Legal,Corporate Lawyer,32.2,13,1,SME,Tier 3,Mysuru,1.7,5695000
EMP02278,Swati Mishra,33,Female,Bachelor's,Engineering,Project Manager,5.1,5,0,Enterprise,Tier 2,Indore,4.4,1102000
EMP02279,Karan Reddy,58,Male,Master's,Engineering,Electrical Engineer,20.7,9,1,Enterprise,Tier 1,Kolkata,4.3,6100000
EMP02280,Anjali Banerjee,43,Female,PhD,Marketing,Campaign Manager,9.6,5,2,MNC,Tier 2,Indore,1.8,1867000
EMP02281,Priya Iyer,58,Female,Bachelor's,Finance,Credit Analyst,34.3,8,3,Enterprise,Tier 1,Delhi,2.8,5706000
EMP02282,Sneha Nair,42,Female,Bachelor's,Healthcare,Nurse,18.6,3,3,Startup,Tier 1,Kolkata,4.3,3751000
EMP02283,Ira Chatterjee,38,Female,Bachelor's,Engineering,Chemical Engineer,14.2,10,3,Startup,Tier 3,Guwahati,4.9,1848000
EMP02284,Kavya Rao,22,Female,Master's,Marketing,Campaign Manager,0.0,3,0,SME,Tier 3,Bhopal,4.0,303000
EMP02285,Ananya Kapoor,31,Other,Bachelor's,Healthcare,Public Health Specialist,7.9,2,1,Startup,Tier 3,Dehradun,4.9,1055000
EMP02286,Ankit Gupta,29,Male,Master's,IT,Data Scientist,5.8,5,0,SME,Tier 3,Dehradun,2.2,963000
EMP02287,Krishna Deshpande,54,Male,Bachelor's,Finance,Risk Analyst,14.0,10,1,MNC,Tier 1,Pune,2.6,2991000
EMP02288,Kavya Chopra,25,Other,Master's,Sales,Regional Sales Head,1.4,2,0,Startup,Tier 1,Delhi,3.4,524000
EMP02289,Karan Bhat,37,Male,Master's,Engineering,Project Manager,14.7,8,0,MNC,Tier 1,Mumbai,4.2,3443000
EMP02290,Arjun Kumar,23,Male,Bachelor's,Finance,Compliance Officer,0.7,3,1,Startup,Tier 1,Kolkata,3.7,570000
EMP02291,Karan Sharma,31,Other,Bachelor's,HR,Recruiter,7.0,5,2,SME,Tier 2,Chandigarh,4.7,1104000
EMP02292,Aanya Das,51,Female,Bachelor's,IT,Frontend Developer,14.9,3,1,MNC,Tier 3,Patna,4.3,2600000
EMP02293,Deepak Banerjee,51,Male,PhD,Healthcare,Radiologist,27.0,5,3,MNC,Tier 2,Kochi,3.5,7500000
EMP02294,Sara Patel,42,Female,Bachelor's,Operations,Inventory Analyst,17.1,6,2,MNC,Tier 1,Bangalore,4.3,3008000
EMP02295,Meera Deshpande,56,Female,Bachelor's,Finance,Accountant,16.4,5,1,Startup,Tier 1,Chennai,4.0,2414000
EMP02296,Pranav Rao,52,Male,Bachelor's,Education,Education Consultant,24.9,11,0,MNC,Tier 3,Guwahati,4.6,2881000
EMP02297,Anjali Rao,25,Female,Bachelor's,Education,Instructional Designer,0.3,2,0,MNC,Tier 1,Hyderabad,4.8,492000
EMP02298,Vihaan Das,33,Male,Master's,Engineering,Design Engineer,8.7,3,0,Startup,Tier 2,Jaipur,3.4,1387000
EMP02299,Suresh Mehta,44,Male,Master's,Operations,Facility Manager,21.3,9,1,MNC,Tier 3,Mysuru,3.5,3209000
EMP02300,Kavya Rao,42,Female,Master's,Finance,Treasury Analyst,19.5,4,2,MNC,Tier 1,Mumbai,1.8,3616000
EMP02301,Reyansh Banerjee,51,Male,Bachelor's,Sales,Regional Sales Head,14.9,7,3,Enterprise,Tier 2,Ahmedabad,1.9,2446000
EMP02302,Pranav Joshi,32,Male,Bachelor's,IT,Software Developer,6.8,4,1,Enterprise,Tier 1,Chennai,3.9,1859000
EMP02303,Sara Bhat,38,Female,PhD,Sales,Business Development Manager,10.6,3,0,MNC,Tier 1,Hyderabad,3.9,2697000
EMP02304,Reyansh Gupta,32,Male,Master's,Marketing,Market Research Analyst,9.9,4,2,SME,Tier 1,Hyderabad,2.0,1557000
EMP02305,Karan Sharma,57,Male,Bachelor's,Sales,Territory Manager,20.4,12,0,SME,Tier 2,Ahmedabad,3.6,3223000
EMP02306,Reyansh Bhat,47,Male,Bachelor's,Healthcare,Public Health Specialist,21.1,7,2,SME,Tier 2,Jaipur,1.6,4224000
EMP02307,Aditya Verma,54,Male,Bachelor's,HR,HR Generalist,27.8,13,1,Startup,Tier 3,Patna,3.9,2381000
EMP02308,Vikram Sharma,50,Male,Bachelor's,Marketing,Social Media Manager,12.6,5,0,MNC,Tier 1,Delhi,3.9,2144000
EMP02309,Sakshi Iyer,34,Female,PhD,Education,Academic Counselor,8.2,5,2,Startup,Tier 3,Bhopal,4.5,1058000
EMP02310,Vikram Saxena,47,Male,Bachelor's,Engineering,Design Engineer,19.4,10,3,MNC,Tier 1,Bangalore,2.2,3889000
EMP02311,Rahul Iyer,38,Male,Bachelor's,IT,QA Engineer,7.0,5,1,MNC,Tier 1,Kolkata,3.4,1790000
EMP02312,Gaurav Mehta,57,Male,Bachelor's,Education,Lecturer,25.1,6,1,MNC,Tier 1,Kolkata,2.1,3640000
EMP02313,Arjun Joshi,28,Male,Bachelor's,IT,Full Stack Developer,5.1,5,1,Startup,Tier 2,Lucknow,1.9,813000
EMP02314,Kritika Mehta,45,Female,Bachelor's,Marketing,Content Writer,11.3,8,2,Enterprise,Tier 1,Pune,3.4,2347000
EMP02315,Anjali Malik,41,Other,Bachelor's,HR,HR Manager,18.5,6,3,Enterprise,Tier 1,Delhi,4.1,3606000
EMP02316,Tanvi Chatterjee,24,Female,Master's,Finance,Accountant,1.8,2,1,SME,Tier 2,Nagpur,2.1,609000
EMP02317,Pranav Thakur,56,Male,Bachelor's,IT,Frontend Developer,16.6,9,2,MNC,Tier 1,Bangalore,1.6,3679000
EMP02318,Kavya Thakur,54,Female,Bachelor's,Operations,Fleet Manager,16.1,10,3,Startup,Tier 3,Mysuru,2.6,1310000
EMP02319,Sara Chopra,36,Female,Bachelor's,Education,Curriculum Designer,10.9,4,2,Enterprise,Tier 1,Kolkata,4.3,1791000
EMP02320,Nisha Mehta,50,Female,Bachelor's,Operations,Supply Chain Analyst,13.7,5,3,Enterprise,Tier 2,Lucknow,1.6,1677000
EMP02321,Rohan Malik,48,Male,PhD,Legal,Patent Attorney,15.2,3,0,Enterprise,Tier 1,Chennai,4.9,6722000
EMP02322,Anjali Mishra,51,Female,PhD,IT,Data Scientist,26.9,12,1,Startup,Tier 2,Lucknow,2.8,5965000
EMP02323,Manish Banerjee,25,Male,Bachelor's,Sales,Sales Engineer,0.8,3,0,Startup,Tier 2,Kochi,4.6,385000
EMP02324,Simran Nair,22,Female,Master's,Legal,Patent Attorney,0.0,2,0,MNC,Tier 2,Kochi,3.6,716000
EMP02325,Swati Chopra,30,Female,Bachelor's,Education,Lab Instructor,7.6,3,0,MNC,Tier 2,Kochi,4.6,1040000
EMP02326,Myra Pillai,45,Female,Master's,Sales,Channel Partner Manager,15.9,10,0,MNC,Tier 2,Nagpur,2.3,2811000
EMP02327,Riya Saxena,37,Female,Bachelor's,Operations,Operations Manager,11.6,5,0,SME,Tier 1,Chennai,4.9,1659000
EMP02328,Simran Bhat,41,Female,Master's,Education,Teaching Assistant,15.0,6,2,SME,Tier 3,Bhopal,3.1,1357000
EMP02329,Sara Kapoor,49,Female,Bachelor's,Education,Curriculum Designer,21.6,6,3,MNC,Tier 3,Bhopal,3.9,2383000
EMP02330,Gaurav Iyer,37,Male,Bachelor's,Sales,Sales Engineer,14.2,10,2,Enterprise,Tier 2,Nagpur,3.5,2722000
EMP02331,Suresh Saxena,58,Male,PhD,Education,Dean,33.0,9,4,MNC,Tier 3,Dehradun,2.7,3981000
EMP02332,Divya Gupta,46,Female,Bachelor's,HR,Compensation Analyst,23.9,12,0,SME,Tier 3,Patna,1.7,1792000
EMP02333,Ankit Singh,51,Male,Bachelor's,Engineering,Civil Engineer,27.0,12,5,Enterprise,Tier 1,Mumbai,3.7,5801000
EMP02334,Nikhil Thakur,35,Male,Bachelor's,Healthcare,Pharmacist,6.1,6,1,SME,Tier 1,Bangalore,2.9,1279000
EMP02335,Shreya Kumar,57,Female,Bachelor's,IT,DevOps Engineer,19.9,4,3,SME,Tier 1,Bangalore,2.6,3927000
EMP02336,Shreya Singh,40,Female,Master's,Healthcare,Hospital Administrator,13.1,2,0,Startup,Tier 1,Delhi,3.2,2799000
EMP02337,Vikram Chopra,43,Male,Master's,Operations,Procurement Manager,17.1,7,2,SME,Tier 2,Jaipur,4.7,2894000
EMP02338,Vivaan Das,29,Male,Bachelor's,Finance,Risk Analyst,3.8,3,1,Enterprise,Tier 2,Kochi,2.5,914000
EMP02339,Amit Singh,32,Male,Bachelor's,Operations,Procurement Manager,9.5,6,0,Enterprise,Tier 1,Kolkata,4.1,1925000
EMP02340,Meera Mehta,23,Female,Bachelor's,Engineering,Civil Engineer,0.9,2,0,Enterprise,Tier 2,Lucknow,3.8,591000
EMP02341,Kavya Banerjee,40,Female,Bachelor's,Sales,Inside Sales Representative,9.7,2,1,SME,Tier 1,Delhi,3.5,1517000
EMP02342,Vikram Reddy,43,Male,Bachelor's,Legal,Litigation Associate,14.6,10,2,Enterprise,Tier 1,Kolkata,2.0,3945000
EMP02343,Reyansh Mishra,25,Male,Bachelor's,Engineering,Mechanical Engineer,0.1,2,0,SME,Tier 1,Kolkata,4.9,548000
EMP02344,Meera Mishra,23,Female,Bachelor's,Healthcare,Pharmacist,0.1,3,1,Enterprise,Tier 2,Ahmedabad,1.9,380000
EMP02345,Aadhya Das,51,Female,Bachelor's,Finance,Tax Consultant,23.7,4,0,Startup,Tier 2,Lucknow,2.4,2175000
EMP02346,Nisha Das,52,Female,Master's,Finance,Portfolio Manager,15.3,3,1,MNC,Tier 2,Nagpur,2.3,2946000
EMP02347,Aanya Kapoor,32,Female,Master's,Engineering,Site Engineer,3.2,2,1,SME,Tier 2,Lucknow,2.1,676000
EMP02348,Vivaan Thakur,30,Male,Master's,Sales,Sales Engineer,5.6,5,1,Startup,Tier 2,Chandigarh,2.5,751000
EMP02349,Sneha Kapoor,56,Female,Bachelor's,Legal,Paralegal,31.9,4,0,SME,Tier 1,Kolkata,3.8,6244000
EMP02350,Simran Kapoor,23,Female,PhD,Healthcare,Radiologist,1.0,2,1,SME,Tier 2,Chandigarh,3.3,624000
EMP02351,Gaurav Iyer,53,Male,Bachelor's,Operations,Inventory Analyst,27.8,15,0,MNC,Tier 3,Ranchi,3.0,3436000
EMP02352,Neha Mehta,33,Female,Bachelor's,Marketing,PR Specialist,7.6,4,1,SME,Tier 3,Ranchi,1.5,671000
EMP02353,Harsh Saxena,39,Male,Bachelor's,Legal,Litigation Associate,11.3,8,0,Enterprise,Tier 1,Chennai,3.3,3328000
EMP02354,Myra Thakur,41,Female,Bachelor's,Sales,Sales Manager,16.6,4,1,Enterprise,Tier 2,Jaipur,4.0,2502000
EMP02355,Neha Singh,50,Female,Bachelor's,Education,Academic Counselor,25.9,3,4,Enterprise,Tier 1,Hyderabad,4.1,4827000
EMP02356,Nikhil Sharma,34,Male,Bachelor's,Engineering,Design Engineer,6.4,5,1,MNC,Tier 1,Chennai,3.3,1461000
EMP02357,Sara Deshpande,38,Female,Bachelor's,Education,Academic Counselor,15.8,6,0,MNC,Tier 2,Jaipur,3.5,1771000
EMP02358,Suresh Thakur,38,Male,Master's,Sales,Territory Manager,5.0,2,1,Startup,Tier 2,Indore,3.9,831000
EMP02359,Vihaan Chatterjee,32,Male,Bachelor's,Legal,Legal Advisor,8.1,2,1,MNC,Tier 1,Bangalore,2.3,1619000
EMP02360,Riya Chatterjee,50,Other,Master's,Legal,Paralegal,22.0,6,3,Startup,Tier 1,Mumbai,1.8,4728000
EMP02361,Swati Sharma,25,Female,Master's,IT,Data Scientist,1.5,3,0,MNC,Tier 1,Mumbai,2.0,832000
EMP02362,Swati Rao,32,Female,Master's,Marketing,Campaign Manager,3.4,2,0,Enterprise,Tier 1,Hyderabad,2.8,923000
EMP02363,Tanvi Rao,39,Female,Master's,Education,Academic Counselor,15.5,8,2,MNC,Tier 2,Ahmedabad,4.1,2156000
EMP02364,Manish Patel,44,Male,Bachelor's,Operations,Warehouse Manager,17.7,4,0,SME,Tier 1,Mumbai,2.7,2386000
EMP02365,Nisha Joshi,24,Female,PhD,Education,Lecturer,1.8,2,0,SME,Tier 2,Kochi,4.2,566000
EMP02366,Meera Deshpande,47,Female,Master's,Operations,Fleet Manager,15.4,3,3,MNC,Tier 1,Chennai,2.6,3303000
EMP02367,Aditya Malik,41,Male,Master's,IT,Full Stack Developer,13.0,8,2,MNC,Tier 1,Chennai,3.6,3774000
EMP02368,Reyansh Mehta,54,Male,Bachelor's,HR,HR Manager,26.1,9,2,SME,Tier 1,Chennai,3.5,3020000
EMP02369,Sai Iyer,45,Male,Master's,Education,Research Associate,22.6,13,4,Startup,Tier 3,Bhopal,3.9,2134000
EMP02370,Harsh Pillai,45,Male,Master's,Finance,Compliance Officer,12.1,8,2,MNC,Tier 2,Indore,2.6,2706000
EMP02371,Sai Gupta,37,Male,Bachelor's,Operations,Inventory Analyst,6.6,3,0,MNC,Tier 2,Indore,2.2,897000
EMP02372,Pranav Sharma,24,Male,Master's,Healthcare,Radiologist,0.5,3,1,MNC,Tier 1,Delhi,4.5,729000
EMP02373,Sai Mishra,55,Male,Master's,Legal,In-House Counsel,30.4,13,4,Startup,Tier 1,Pune,4.3,7500000
EMP02374,Ankit Iyer,56,Male,Bachelor's,HR,Employee Relations Specialist,15.1,4,1,Enterprise,Tier 3,Dehradun,4.0,1782000
EMP02375,Isha Rao,33,Female,Bachelor's,Engineering,Civil Engineer,6.9,5,1,MNC,Tier 3,Ranchi,4.3,1192000
EMP02376,Sara Das,50,Female,Master's,Engineering,Site Engineer,26.6,10,4,SME,Tier 3,Raipur,3.1,4026000
EMP02377,Ishaan Iyer,43,Male,Bachelor's,Legal,Patent Attorney,20.6,5,2,Startup,Tier 3,Patna,4.0,2732000
EMP02378,Kritika Reddy,48,Female,PhD,IT,Full Stack Developer,25.4,8,1,MNC,Tier 1,Mumbai,5.0,7500000
EMP02379,Neha Banerjee,37,Female,Bachelor's,IT,Data Scientist,7.0,4,2,SME,Tier 1,Chennai,2.3,1338000
EMP02380,Isha Chatterjee,48,Female,Bachelor's,Finance,Tax Consultant,17.1,8,1,MNC,Tier 2,Lucknow,4.5,3370000
EMP02381,Karan Sharma,48,Male,Bachelor's,HR,HR Generalist,11.5,4,0,Startup,Tier 1,Kolkata,2.0,1016000
EMP02382,Pooja Nair,37,Female,Bachelor's,Legal,Paralegal,13.2,9,0,MNC,Tier 2,Lucknow,2.5,2420000
EMP02383,Rahul Das,34,Male,Master's,Finance,Investment Banker,8.6,3,2,MNC,Tier 2,Nagpur,2.2,1714000
EMP02384,Divya Deshpande,25,Female,PhD,Engineering,Civil Engineer,1.0,3,1,MNC,Tier 2,Kochi,2.9,810000
EMP02385,Vikram Mehta,40,Male,Bachelor's,IT,DevOps Engineer,13.9,4,2,Startup,Tier 3,Guwahati,3.3,1595000
EMP02386,Vikram Mishra,24,Male,PhD,Education,Instructional Designer,0.5,3,0,MNC,Tier 3,Guwahati,4.4,443000
EMP02387,Diya Verma,43,Other,Bachelor's,Marketing,SEO Specialist,16.9,4,3,Startup,Tier 2,Nagpur,2.1,1563000
EMP02388,Ananya Reddy,49,Female,PhD,Sales,Regional Sales Head,26.7,4,3,Enterprise,Tier 2,Kochi,2.9,5784000
EMP02389,Pranav Saxena,43,Male,Bachelor's,Healthcare,Clinical Research Associate,14.3,8,0,MNC,Tier 1,Chennai,5.0,4500000
EMP02390,Pranav Nair,39,Male,Bachelor's,Finance,Financial Analyst,10.8,7,2,SME,Tier 1,Kolkata,3.7,2184000
EMP02391,Bhavna Deshpande,45,Female,Bachelor's,Education,Lab Instructor,11.8,7,0,Enterprise,Tier 3,Dehradun,3.2,1020000
EMP02392,Aadhya Verma,38,Female,Bachelor's,Education,Dean,9.6,6,1,SME,Tier 3,Mysuru,3.1,712000
EMP02393,Isha Kumar,32,Female,Master's,Legal,Corporate Lawyer,4.5,3,1,Startup,Tier 2,Lucknow,2.7,872000
EMP02394,Vikram Pillai,36,Male,PhD,Legal,Litigation Associate,10.5,4,0,Startup,Tier 2,Kochi,3.4,2201000
EMP02395,Gaurav Mishra,48,Other,Master's,HR,Employee Relations Specialist,23.9,9,1,MNC,Tier 3,Mysuru,2.7,2847000
EMP02396,Pooja Iyer,54,Female,Master's,HR,Employee Relations Specialist,22.5,5,1,Startup,Tier 1,Pune,1.7,2251000
EMP02397,Pooja Thakur,43,Female,Bachelor's,Legal,Litigation Associate,8.9,7,1,Enterprise,Tier 1,Chennai,2.4,2215000
EMP02398,Rajesh Agarwal,39,Male,PhD,Engineering,Structural Engineer,5.9,5,0,MNC,Tier 2,Lucknow,1.7,1253000
EMP02399,Harsh Verma,36,Male,Master's,Marketing,Campaign Manager,9.1,7,0,SME,Tier 3,Dehradun,1.8,935000
EMP02400,Myra Thakur,36,Female,Bachelor's,Engineering,Process Engineer,10.6,4,2,MNC,Tier 1,Chennai,3.9,2218000
EMP02401,Kavya Reddy,35,Female,Bachelor's,Marketing,Social Media Manager,7.9,2,0,MNC,Tier 1,Bangalore,3.3,1276000
EMP02402,Rohan Banerjee,45,Male,Master's,Operations,Process Improvement Analyst,15.2,6,2,Enterprise,Tier 1,Delhi,3.6,3566000
EMP02403,Rahul Sharma,43,Male,Bachelor's,Marketing,Market Research Analyst,10.2,7,2,Startup,Tier 1,Chennai,2.8,1257000
EMP02404,Pooja Gupta,57,Female,Bachelor's,Education,Research Associate,28.9,4,5,Enterprise,Tier 3,Patna,4.3,3163000
EMP02405,Karan Agarwal,55,Male,Master's,Sales,Business Development Manager,28.6,3,3,MNC,Tier 1,Mumbai,3.6,6999000
EMP02406,Aanya Joshi,45,Female,Bachelor's,HR,Talent Acquisition Lead,11.5,8,0,Startup,Tier 3,Patna,3.2,967000
EMP02407,Suresh Iyer,51,Male,Bachelor's,Sales,Pre-Sales Consultant,14.8,2,1,MNC,Tier 1,Pune,2.3,2050000
EMP02408,Aanya Patel,40,Female,Master's,HR,HR Manager,14.8,4,1,Enterprise,Tier 1,Delhi,3.8,3172000
EMP02409,Ananya Mishra,38,Female,Bachelor's,Finance,Compliance Officer,15.0,7,1,SME,Tier 2,Kochi,3.5,2308000
EMP02410,Pooja Rao,38,Female,Bachelor's,Marketing,Content Writer,9.2,5,0,Startup,Tier 3,Bhopal,4.8,808000
EMP02411,Ira Joshi,36,Female,Bachelor's,Sales,Inside Sales Representative,9.3,3,0,MNC,Tier 2,Ahmedabad,3.9,1523000
EMP02412,Meera Thakur,48,Female,Bachelor's,Legal,Compliance Manager,15.4,4,0,MNC,Tier 1,Pune,2.1,3681000
EMP02413,Harsh Saxena,35,Male,Bachelor's,Marketing,Marketing Manager,5.3,4,0,Startup,Tier 2,Kochi,1.7,513000
EMP02414,Nikhil Saxena,26,Male,Master's,Engineering,Structural Engineer,3.2,2,0,Startup,Tier 2,Indore,3.5,649000
EMP02415,Anjali Kumar,26,Female,Master's,Marketing,Social Media Manager,1.6,2,0,SME,Tier 1,Pune,3.0,668000
EMP02416,Riya Rao,25,Female,PhD,Finance,Credit Analyst,0.3,2,0,MNC,Tier 3,Mysuru,4.2,628000
EMP02417,Rohan Sharma,29,Male,Bachelor's,Marketing,Content Writer,1.6,2,1,Enterprise,Tier 1,Delhi,3.0,727000
EMP02418,Arjun Iyer,55,Other,Bachelor's,Engineering,Project Manager,15.6,9,3,SME,Tier 2,Chandigarh,4.0,2423000
EMP02419,Myra Nair,26,Female,Master's,Marketing,SEO Specialist,1.6,2,1,Enterprise,Tier 2,Jaipur,1.8,636000
EMP02420,Divya Kapoor,25,Other,Bachelor's,Legal,Corporate Lawyer,2.9,4,1,Enterprise,Tier 1,Hyderabad,2.9,1080000
EMP02421,Aarav Chatterjee,39,Male,Bachelor's,Operations,Inventory Analyst,10.7,6,0,Enterprise,Tier 1,Pune,2.4,1960000
EMP02422,Aadhya Sharma,53,Female,Bachelor's,Education,Dean,27.8,14,0,MNC,Tier 3,Bhopal,2.5,2715000
EMP02423,Vikram Reddy,37,Male,Bachelor's,HR,Compensation Analyst,13.5,8,2,Enterprise,Tier 2,Chandigarh,2.5,1785000
EMP02424,Kritika Pillai,57,Female,Bachelor's,Healthcare,Medical Lab Technician,24.6,11,0,MNC,Tier 2,Lucknow,3.3,5815000
EMP02425,Divya Saxena,31,Female,Master's,Sales,Inside Sales Representative,7.1,4,1,Enterprise,Tier 1,Chennai,4.2,1701000
EMP02426,Meera Sharma,35,Female,PhD,Sales,Business Development Manager,10.9,3,1,SME,Tier 2,Lucknow,3.4,2010000
EMP02427,Amit Mishra,34,Male,Bachelor's,Marketing,Growth Hacker,4.1,4,0,SME,Tier 1,Chennai,2.6,755000
EMP02428,Krishna Pillai,49,Male,Master's,HR,Recruiter,17.0,9,0,Startup,Tier 1,Mumbai,3.1,2245000
EMP02429,Sai Mishra,50,Male,Bachelor's,IT,Data Scientist,16.2,10,2,Startup,Tier 1,Kolkata,4.2,3529000
EMP02430,Aditya Chatterjee,50,Male,Bachelor's,Finance,Auditor,23.4,13,3,Enterprise,Tier 1,Chennai,2.8,5611000
EMP02431,Amit Sharma,34,Male,Master's,Finance,Accountant,7.6,3,1,MNC,Tier 1,Delhi,2.7,1952000
EMP02432,Neha Banerjee,44,Female,PhD,Healthcare,Radiologist,15.0,5,3,MNC,Tier 1,Pune,4.8,6026000
EMP02433,Karan Rao,50,Other,Bachelor's,HR,HR Manager,15.2,6,2,SME,Tier 1,Chennai,2.7,1836000
EMP02434,Vikram Sharma,22,Male,Bachelor's,IT,Data Scientist,0.0,3,0,Startup,Tier 2,Lucknow,4.9,434000
EMP02435,Rajesh Rao,39,Male,Master's,Finance,Credit Analyst,14.1,5,3,MNC,Tier 1,Delhi,3.8,3823000
EMP02436,Swati Mehta,50,Female,Bachelor's,Operations,Procurement Manager,16.1,11,0,SME,Tier 3,Ranchi,1.6,1265000
EMP02437,Reyansh Das,38,Male,Master's,IT,Frontend Developer,8.0,6,2,SME,Tier 1,Pune,4.1,2196000
EMP02438,Karan Verma,22,Male,Master's,Healthcare,Dentist,0.0,3,1,Enterprise,Tier 1,Pune,2.1,594000
EMP02439,Nikhil Joshi,46,Other,Bachelor's,Education,Curriculum Designer,11.9,2,2,MNC,Tier 2,Indore,3.9,1406000
EMP02440,Vikram Kumar,52,Male,Bachelor's,Sales,Sales Manager,29.4,3,3,Enterprise,Tier 2,Indore,4.5,4437000
EMP02441,Nisha Reddy,39,Female,Bachelor's,Operations,Warehouse Manager,13.8,7,1,SME,Tier 2,Nagpur,2.9,1786000
EMP02442,Ayaan Patel,49,Male,Bachelor's,Sales,Channel Partner Manager,19.0,3,0,Startup,Tier 1,Hyderabad,3.4,2668000
EMP02443,Myra Agarwal,40,Female,Master's,Education,Teaching Assistant,10.9,2,2,MNC,Tier 1,Delhi,4.6,1852000
EMP02444,Swati Joshi,57,Female,Bachelor's,HR,Training Coordinator,27.7,12,1,SME,Tier 1,Bangalore,4.3,4101000
EMP02445,Divya Reddy,35,Female,Bachelor's,Sales,Territory Manager,10.6,8,1,MNC,Tier 2,Kochi,1.9,1392000
EMP02446,Arjun Das,42,Male,Bachelor's,Legal,Litigation Associate,9.2,2,1,MNC,Tier 1,Kolkata,4.1,2525000
EMP02447,Nikhil Malik,24,Male,Master's,Sales,Channel Partner Manager,0.6,2,1,MNC,Tier 1,Hyderabad,1.9,558000
EMP02448,Amit Iyer,38,Male,Bachelor's,Finance,Accountant,16.0,10,1,Startup,Tier 2,Chandigarh,4.3,2261000
EMP02449,Manish Joshi,53,Male,Bachelor's,Sales,Pre-Sales Consultant,28.5,14,2,Enterprise,Tier 1,Hyderabad,5.0,6594000
EMP02450,Pooja Thakur,53,Female,Bachelor's,IT,Cloud Architect,23.3,3,1,SME,Tier 1,Mumbai,2.0,3614000
EMP02451,Simran Deshpande,57,Female,Master's,Sales,Business Development Manager,30.0,8,3,MNC,Tier 2,Kochi,2.9,4851000
EMP02452,Gaurav Sharma,31,Male,Bachelor's,Education,Academic Counselor,6.1,3,1,SME,Tier 1,Hyderabad,4.2,826000
EMP02453,Myra Singh,22,Female,Master's,Marketing,PR Specialist,0.0,2,1,Startup,Tier 1,Chennai,4.2,453000
EMP02454,Nikhil Deshpande,48,Male,PhD,Engineering,Site Engineer,13.6,2,3,MNC,Tier 2,Indore,1.6,2485000
EMP02455,Priya Nair,39,Other,Bachelor's,Operations,Logistics Coordinator,13.6,8,3,MNC,Tier 2,Nagpur,2.9,2104000
EMP02456,Tanvi Das,44,Female,Bachelor's,Legal,Patent Attorney,17.8,6,2,SME,Tier 1,Hyderabad,3.1,4212000
EMP02457,Krishna Gupta,54,Male,Bachelor's,Finance,Credit Analyst,32.0,6,3,SME,Tier 1,Pune,4.7,5387000
EMP02458,Ishaan Mehta,30,Male,Master's,IT,DevOps Engineer,4.1,3,1,MNC,Tier 3,Bhopal,2.3,951000
EMP02459,Riya Agarwal,38,Female,Bachelor's,Education,Teaching Assistant,8.2,2,2,Enterprise,Tier 2,Ahmedabad,4.1,1242000
EMP02460,Bhavna Deshpande,24,Female,Master's,Marketing,Social Media Manager,0.2,3,0,MNC,Tier 1,Hyderabad,4.1,665000
EMP02461,Arjun Mehta,57,Male,Bachelor's,Operations,Facility Manager,34.7,2,5,MNC,Tier 3,Patna,2.9,3322000
EMP02462,Meera Chopra,35,Female,Bachelor's,Legal,Contract Specialist,6.5,4,0,Startup,Tier 3,Guwahati,2.9,889000
EMP02463,Bhavna Pillai,36,Female,Bachelor's,Marketing,PR Specialist,11.1,3,1,MNC,Tier 1,Mumbai,2.3,1740000
EMP02464,Mohit Deshpande,25,Male,Bachelor's,Operations,Warehouse Manager,0.4,2,1,Enterprise,Tier 1,Kolkata,3.1,508000
EMP02465,Reyansh Nair,34,Male,Master's,Sales,Pre-Sales Consultant,4.9,4,1,SME,Tier 2,Jaipur,1.9,822000
EMP02466,Divya Bhat,22,Female,Bachelor's,Marketing,PR Specialist,0.0,3,0,SME,Tier 1,Kolkata,2.8,394000
EMP02467,Deepak Bhat,46,Male,Bachelor's,Education,Curriculum Designer,14.2,4,0,SME,Tier 2,Kochi,4.3,1334000
EMP02468,Ankit Patel,49,Male,Bachelor's,Education,Academic Counselor,22.6,12,3,Startup,Tier 3,Raipur,3.0,1742000
EMP02469,Suresh Reddy,38,Male,Master's,Healthcare,Clinical Research Associate,15.9,5,0,SME,Tier 2,Kochi,3.1,3339000
EMP02470,Isha Pillai,35,Female,Master's,Finance,Tax Consultant,3.7,2,0,MNC,Tier 1,Chennai,4.4,1334000
EMP02471,Rahul Chatterjee,27,Male,Master's,IT,DevOps Engineer,1.7,3,1,SME,Tier 3,Guwahati,3.3,656000
EMP02472,Bhavna Verma,47,Female,Master's,Marketing,Digital Marketing Analyst,17.2,9,0,Enterprise,Tier 3,Raipur,3.9,3189000
EMP02473,Arjun Thakur,44,Male,Master's,Finance,Financial Analyst,11.2,4,0,SME,Tier 3,Dehradun,2.1,1217000
EMP02474,Rahul Mishra,47,Male,Bachelor's,Legal,Patent Attorney,13.5,8,1,MNC,Tier 1,Delhi,4.7,3533000
EMP02475,Reyansh Thakur,58,Male,Bachelor's,HR,Employee Relations Specialist,23.2,14,2,Startup,Tier 2,Kochi,3.2,2503000
EMP02476,Arjun Kapoor,27,Male,Bachelor's,Healthcare,Dentist,4.7,5,1,SME,Tier 2,Lucknow,2.7,927000
EMP02477,Karan Reddy,33,Male,Bachelor's,Marketing,Digital Marketing Analyst,10.4,5,1,MNC,Tier 2,Jaipur,3.0,1429000
EMP02478,Vihaan Mishra,29,Male,Bachelor's,IT,Backend Developer,4.5,5,1,MNC,Tier 2,Indore,3.0,1255000
EMP02479,Kritika Kumar,48,Other,Bachelor's,Legal,In-House Counsel,24.3,12,1,MNC,Tier 2,Kochi,2.8,4882000
EMP02480,Aanya Rao,49,Female,Master's,Operations,Operations Manager,20.4,9,0,Enterprise,Tier 1,Pune,4.0,5106000
EMP02481,Sakshi Thakur,28,Female,Bachelor's,Education,Teaching Assistant,5.1,4,1,SME,Tier 2,Chandigarh,2.4,541000
EMP02482,Reyansh Saxena,36,Male,Bachelor's,Sales,Sales Manager,11.7,8,2,SME,Tier 2,Kochi,1.6,1480000
EMP02483,Vikram Chatterjee,27,Male,Master's,Legal,In-House Counsel,4.0,4,1,SME,Tier 2,Nagpur,3.4,1303000
EMP02484,Karan Iyer,37,Male,Master's,Education,Professor,10.9,5,2,SME,Tier 1,Mumbai,2.9,1433000
EMP02485,Aadhya Kumar,37,Female,Bachelor's,Operations,Facility Manager,13.4,8,2,SME,Tier 2,Indore,2.1,1399000
EMP02486,Pooja Deshpande,36,Female,Bachelor's,Sales,Regional Sales Head,10.4,3,0,Startup,Tier 1,Delhi,2.9,1360000
EMP02487,Anjali Malik,26,Female,Bachelor's,Sales,Sales Manager,0.8,3,1,MNC,Tier 1,Mumbai,4.7,605000
EMP02488,Aadhya Reddy,52,Female,Bachelor's,Legal,Patent Attorney,20.8,13,4,Startup,Tier 2,Jaipur,3.0,3745000
EMP02489,Vihaan Mehta,24,Male,PhD,Marketing,Campaign Manager,1.6,3,1,Enterprise,Tier 2,Ahmedabad,4.0,937000
EMP02490,Kritika Gupta,58,Female,PhD,IT,Software Developer,31.5,6,0,SME,Tier 2,Lucknow,2.3,4844000
EMP02491,Pranav Das,47,Male,Bachelor's,Marketing,Growth Hacker,15.1,2,0,Startup,Tier 1,Pune,3.2,1708000
EMP02492,Ananya Singh,23,Female,Bachelor's,HR,Talent Acquisition Lead,0.9,2,0,Enterprise,Tier 2,Ahmedabad,4.1,484000
EMP02493,Aanya Chopra,40,Female,Master's,Operations,Supply Chain Analyst,8.3,5,2,MNC,Tier 1,Delhi,2.7,1685000
EMP02494,Isha Kapoor,36,Female,Master's,Operations,Inventory Analyst,9.3,2,2,SME,Tier 2,Jaipur,3.2,1480000
EMP02495,Deepak Joshi,31,Male,Master's,Marketing,Content Writer,7.1,6,2,Enterprise,Tier 3,Ranchi,1.6,925000
EMP02496,Kritika Singh,49,Female,Bachelor's,Operations,Procurement Manager,14.7,4,0,MNC,Tier 1,Delhi,2.1,2217000
EMP02497,Rajesh Deshpande,38,Male,Bachelor's,IT,Frontend Developer,10.8,7,0,Enterprise,Tier 2,Chandigarh,3.3,2251000
EMP02498,Arjun Saxena,50,Male,Bachelor's,IT,QA Engineer,18.4,3,1,Enterprise,Tier 2,Indore,2.0,3183000
EMP02499,Ayaan Verma,46,Male,Master's,Education,Lecturer,15.4,9,0,Startup,Tier 1,Hyderabad,1.7,1755000
EMP02500,Divya Gupta,29,Female,Master's,Healthcare,Medical Lab Technician,6.2,6,0,Startup,Tier 1,Delhi,3.5,1513000
EMP02501,Bhavna Rao,30,Female,Bachelor's,Healthcare,Medical Lab Technician,2.7,3,1,MNC,Tier 2,Indore,3.3,823000
EMP02502,Diya Sharma,46,Female,Master's,Operations,Inventory Analyst,21.9,2,2,SME,Tier 1,Mumbai,1.7,3284000
EMP02503,Ira Das,22,Female,Bachelor's,Engineering,Structural Engineer,0.0,2,1,SME,Tier 2,Ahmedabad,4.4,408000
EMP02504,Kritika Gupta,53,Female,PhD,HR,HR Manager,27.4,10,1,SME,Tier 2,Chandigarh,2.5,3675000
EMP02505,Ananya Banerjee,22,Female,Master's,Education,Dean,0.0,2,1,SME,Tier 1,Chennai,3.5,364000
EMP02506,Sakshi Thakur,44,Female,Master's,IT,Cloud Architect,11.6,6,1,Startup,Tier 1,Chennai,3.8,2375000
EMP02507,Rahul Malik,50,Male,PhD,Healthcare,Physiotherapist,25.4,12,4,SME,Tier 1,Hyderabad,3.6,7500000
EMP02508,Kavya Reddy,24,Female,Bachelor's,HR,Payroll Specialist,0.3,3,0,SME,Tier 1,Kolkata,2.8,411000
EMP02509,Rajesh Sharma,30,Male,PhD,Engineering,Electrical Engineer,5.3,5,1,Startup,Tier 2,Ahmedabad,2.0,895000
EMP02510,Riya Das,22,Female,Master's,HR,HRIS Analyst,0.0,3,1,Enterprise,Tier 2,Indore,5.0,505000
EMP02511,Sneha Bhat,24,Female,Bachelor's,Education,Lab Instructor,0.3,3,1,MNC,Tier 1,Bangalore,1.7,386000
EMP02512,Mohit Kumar,35,Male,Bachelor's,Healthcare,Physiotherapist,5.8,3,0,SME,Tier 1,Kolkata,2.9,1233000
EMP02513,Nikhil Mehta,55,Male,Master's,HR,HRIS Analyst,21.1,3,3,Startup,Tier 1,Pune,1.7,2549000
EMP02514,Ananya Bhat,45,Female,PhD,Marketing,Social Media Manager,11.4,2,0,MNC,Tier 2,Chandigarh,4.7,2419000
EMP02515,Suresh Chopra,36,Male,Bachelor's,Healthcare,Medical Lab Technician,6.3,2,0,MNC,Tier 3,Raipur,2.4,944000
EMP02516,Gaurav Nair,28,Male,Master's,HR,Recruiter,1.7,2,1,MNC,Tier 1,Pune,4.5,847000
EMP02517,Sakshi Malik,52,Female,Master's,Sales,Business Development Manager,24.4,6,0,MNC,Tier 1,Mumbai,3.0,5215000
EMP02518,Ayaan Gupta,35,Male,Bachelor's,Operations,Operations Analyst,5.2,2,0,Enterprise,Tier 3,Raipur,2.8,587000
EMP02519,Sara Das,44,Female,PhD,Sales,Channel Partner Manager,18.6,8,1,MNC,Tier 1,Hyderabad,3.1,4839000
EMP02520,Rahul Kumar,48,Male,Bachelor's,HR,HR Generalist,18.8,10,1,Startup,Tier 2,Ahmedabad,4.4,1885000
EMP02521,Ishaan Joshi,33,Male,Bachelor's,Education,Academic Counselor,6.0,2,1,Enterprise,Tier 2,Nagpur,2.2,796000
EMP02522,Vivaan Nair,38,Male,Bachelor's,Marketing,Growth Hacker,13.4,4,3,Startup,Tier 3,Dehradun,2.9,1370000
EMP02523,Amit Saxena,24,Male,Bachelor's,Sales,Pre-Sales Consultant,1.9,3,1,MNC,Tier 3,Dehradun,1.8,403000
EMP02524,Aadhya Bhat,52,Female,Bachelor's,Finance,Risk Analyst,25.2,8,4,SME,Tier 1,Delhi,4.2,5058000
EMP02525,Riya Kumar,28,Female,Master's,IT,Cloud Architect,5.0,2,1,MNC,Tier 1,Mumbai,3.7,1886000
EMP02526,Amit Gupta,39,Male,PhD,Education,Research Associate,12.3,8,1,SME,Tier 2,Chandigarh,4.8,2124000
EMP02527,Suresh Chopra,52,Male,Bachelor's,Finance,Tax Consultant,16.9,5,2,MNC,Tier 3,Patna,3.7,2485000
EMP02528,Nisha Sharma,27,Female,Bachelor's,IT,Frontend Developer,4.1,4,0,SME,Tier 2,Ahmedabad,2.8,872000
EMP02529,Kritika Chatterjee,57,Female,Master's,Finance,Compliance Officer,25.2,3,3,MNC,Tier 1,Kolkata,5.0,7500000
EMP02530,Myra Singh,45,Female,Master's,Healthcare,Dentist,17.3,5,3,SME,Tier 3,Raipur,1.9,2430000
EMP02531,Swati Verma,35,Female,Bachelor's,Healthcare,Pharmacist,6.1,6,1,SME,Tier 1,Hyderabad,1.5,1182000
EMP02532,Ankit Singh,41,Male,Master's,Sales,Sales Engineer,16.5,10,3,SME,Tier 2,Nagpur,3.2,2495000
EMP02533,Aarav Nair,47,Male,Bachelor's,Education,Lab Instructor,10.7,7,1,SME,Tier 2,Lucknow,4.5,1258000
EMP02534,Arjun Singh,33,Male,Master's,Sales,Business Development Manager,3.5,2,1,Enterprise,Tier 2,Ahmedabad,3.4,878000
EMP02535,Karan Kumar,49,Male,Bachelor's,Marketing,Campaign Manager,14.7,2,2,MNC,Tier 1,Chennai,5.0,2694000
EMP02536,Sai Agarwal,24,Male,PhD,Engineering,Design Engineer,0.1,3,1,Enterprise,Tier 1,Bangalore,2.4,819000
EMP02537,Ira Mehta,55,Female,Master's,HR,HRIS Analyst,30.6,10,0,Startup,Tier 2,Chandigarh,4.9,3893000
EMP02538,Kavya Singh,31,Female,PhD,Healthcare,Nurse,1.7,3,0,SME,Tier 2,Ahmedabad,4.1,863000
EMP02539,Pranav Saxena,36,Male,Master's,HR,HR Generalist,4.9,5,1,MNC,Tier 3,Guwahati,4.9,809000
EMP02540,Sakshi Saxena,45,Female,Master's,HR,Training Coordinator,9.6,3,1,MNC,Tier 1,Mumbai,2.2,1605000
EMP02541,Ira Saxena,47,Female,Bachelor's,Legal,Paralegal,17.6,9,3,MNC,Tier 2,Chandigarh,3.5,3913000
EMP02542,Pranav Das,26,Male,Bachelor's,HR,Recruiter,1.9,2,1,SME,Tier 3,Raipur,1.6,266000
EMP02543,Pranav Joshi,33,Male,Bachelor's,Legal,Paralegal,4.9,2,1,MNC,Tier 1,Pune,1.6,1218000
EMP02544,Aditya Nair,28,Male,Bachelor's,Sales,Sales Manager,2.5,2,0,SME,Tier 1,Chennai,2.0,512000
EMP02545,Rajesh Chopra,22,Male,Bachelor's,Sales,Regional Sales Head,0.0,3,1,MNC,Tier 2,Jaipur,2.6,417000
EMP02546,Isha Chopra,58,Female,PhD,Education,Teaching Assistant,19.7,12,0,SME,Tier 2,Kochi,2.8,2865000
EMP02547,Riya Malik,33,Female,PhD,Operations,Inventory Analyst,3.5,2,0,SME,Tier 1,Bangalore,3.9,948000
EMP02548,Nikhil Banerjee,58,Male,Master's,Healthcare,Hospital Administrator,34.1,11,3,Startup,Tier 3,Guwahati,2.8,4678000
EMP02549,Nisha Chopra,34,Female,Bachelor's,Legal,Litigation Associate,4.1,2,1,SME,Tier 2,Nagpur,4.9,1136000
EMP02550,Ira Bhat,33,Female,Master's,Engineering,Mechanical Engineer,9.4,6,1,MNC,Tier 1,Chennai,3.9,2809000
EMP02551,Isha Thakur,48,Female,Master's,IT,ML Engineer,15.5,9,1,Enterprise,Tier 2,Ahmedabad,4.5,3930000
EMP02552,Swati Joshi,35,Female,PhD,Marketing,Market Research Analyst,6.1,5,0,Startup,Tier 1,Hyderabad,2.9,1041000
EMP02553,Vikram Deshpande,44,Male,Master's,HR,Talent Acquisition Lead,15.3,8,3,MNC,Tier 3,Guwahati,2.4,2104000
EMP02554,Aditya Chatterjee,44,Male,Master's,Marketing,Digital Marketing Analyst,20.0,6,2,MNC,Tier 2,Lucknow,2.4,3267000
EMP02555,Priya Malik,53,Female,Bachelor's,IT,ML Engineer,26.2,12,4,MNC,Tier 1,Bangalore,3.7,6767000
EMP02556,Aarav Nair,50,Male,Master's,Education,Curriculum Designer,20.4,2,3,MNC,Tier 1,Chennai,2.3,3252000
EMP02557,Kavya Banerjee,34,Female,Bachelor's,Operations,Supply Chain Analyst,6.0,6,1,SME,Tier 2,Jaipur,3.9,702000
EMP02558,Manish Sharma,52,Male,Bachelor's,Marketing,Marketing Manager,29.4,6,0,SME,Tier 2,Ahmedabad,2.3,2777000
EMP02559,Kritika Iyer,23,Female,Bachelor's,IT,DevOps Engineer,0.4,2,1,MNC,Tier 1,Bangalore,4.6,811000
EMP02560,Nisha Iyer,49,Female,Bachelor's,Engineering,Design Engineer,23.1,5,1,Enterprise,Tier 3,Dehradun,2.2,3029000
EMP02561,Tanvi Rao,38,Female,Bachelor's,Operations,Logistics Coordinator,13.8,6,0,Startup,Tier 1,Bangalore,3.7,1599000
EMP02562,Mohit Thakur,29,Male,Master's,Operations,Process Improvement Analyst,1.2,3,1,MNC,Tier 2,Kochi,3.7,652000
EMP02563,Reyansh Nair,23,Male,Bachelor's,HR,HR Business Partner,0.2,3,1,Enterprise,Tier 1,Kolkata,4.8,546000
EMP02564,Reyansh Mehta,23,Male,PhD,Education,Research Associate,0.4,2,1,Startup,Tier 1,Chennai,3.1,472000
EMP02565,Mohit Verma,52,Male,Bachelor's,Sales,Account Executive,29.0,11,1,SME,Tier 2,Jaipur,4.5,3762000
EMP02566,Myra Reddy,53,Female,Bachelor's,Education,Instructional Designer,24.8,10,2,Enterprise,Tier 1,Kolkata,4.9,4622000
EMP02567,Priya Rao,48,Female,PhD,Legal,Corporate Lawyer,15.4,10,0,SME,Tier 1,Mumbai,3.7,4574000
EMP02568,Sakshi Chatterjee,29,Female,Master's,Engineering,Structural Engineer,0.8,2,1,MNC,Tier 2,Indore,3.8,732000
EMP02569,Gaurav Iyer,54,Male,PhD,IT,Frontend Developer,17.8,7,3,SME,Tier 3,Ranchi,3.8,3920000
EMP02570,Ananya Joshi,38,Female,Master's,Legal,Paralegal,10.7,6,0,Startup,Tier 3,Raipur,4.5,1736000
EMP02571,Ankit Banerjee,38,Male,Bachelor's,Finance,Portfolio Manager,10.9,6,1,MNC,Tier 2,Chandigarh,4.8,2172000
EMP02572,Aditya Thakur,57,Other,Master's,Education,Instructional Designer,18.9,5,1,Enterprise,Tier 1,Kolkata,4.6,3371000
EMP02573,Harsh Mehta,31,Male,Bachelor's,Operations,Operations Manager,3.3,3,0,SME,Tier 3,Bhopal,4.6,502000
EMP02574,Tanvi Agarwal,47,Female,Bachelor's,Marketing,Marketing Manager,24.4,15,1,Enterprise,Tier 1,Hyderabad,2.7,4784000
EMP02575,Mohit Sharma,50,Other,Master's,Operations,Supply Chain Analyst,24.7,6,0,MNC,Tier 2,Lucknow,4.7,5630000
EMP02576,Arjun Bhat,44,Male,Bachelor's,Sales,Inside Sales Representative,9.1,4,0,SME,Tier 2,Kochi,2.0,893000
EMP02577,Harsh Banerjee,55,Male,Bachelor's,IT,Backend Developer,24.3,3,0,MNC,Tier 3,Bhopal,4.7,4513000
EMP02578,Nikhil Joshi,50,Male,Bachelor's,Sales,Inside Sales Representative,19.1,9,3,Enterprise,Tier 2,Kochi,4.8,4228000
EMP02579,Harsh Mehta,42,Male,Bachelor's,Finance,Tax Consultant,18.3,10,1,SME,Tier 3,Patna,4.2,2392000
EMP02580,Meera Iyer,30,Female,Master's,Finance,Compliance Officer,3.4,3,1,MNC,Tier 2,Nagpur,3.3,1174000
EMP02581,Gaurav Gupta,43,Male,PhD,Operations,Operations Manager,10.8,6,0,MNC,Tier 2,Nagpur,4.4,2508000
EMP02582,Ishaan Iyer,54,Male,Bachelor's,Finance,Tax Consultant,14.3,6,2,MNC,Tier 1,Kolkata,4.5,3428000
EMP02583,Anjali Mishra,30,Female,Master's,HR,Employee Relations Specialist,6.0,2,0,Enterprise,Tier 1,Pune,2.9,1282000
EMP02584,Kavya Chatterjee,35,Female,Bachelor's,Education,Dean,8.8,2,2,MNC,Tier 1,Bangalore,3.1,1395000
EMP02585,Pooja Malik,50,Female,Master's,Legal,Patent Attorney,17.3,4,2,SME,Tier 2,Lucknow,2.3,3578000
EMP02586,Ishaan Kapoor,37,Male,Bachelor's,Legal,Legal Consultant,5.9,5,0,MNC,Tier 3,Ranchi,3.6,1092000
EMP02587,Ishaan Mishra,48,Male,Bachelor's,HR,Recruiter,17.5,4,1,MNC,Tier 1,Hyderabad,3.8,2397000
EMP02588,Arjun Mehta,45,Male,Master's,Education,Professor,22.0,14,3,SME,Tier 1,Kolkata,4.3,3841000
EMP02589,Vihaan Kumar,31,Male,Bachelor's,Legal,Contract Specialist,4.8,2,1,MNC,Tier 3,Guwahati,3.7,940000
EMP02590,Mohit Bhat,25,Male,Bachelor's,HR,Talent Acquisition Lead,1.0,2,1,SME,Tier 2,Chandigarh,4.6,423000
EMP02591,Vikram Patel,29,Male,Bachelor's,Sales,Sales Engineer,2.6,4,1,MNC,Tier 3,Dehradun,3.0,553000
EMP02592,Suresh Chatterjee,22,Male,Bachelor's,Operations,Supply Chain Analyst,0.0,3,0,SME,Tier 1,Mumbai,2.8,355000
EMP02593,Mohit Thakur,42,Male,Master's,Finance,Treasury Analyst,12.9,5,0,SME,Tier 1,Mumbai,4.2,2720000
EMP02594,Priya Gupta,48,Female,Bachelor's,Operations,Operations Analyst,25.7,10,2,MNC,Tier 1,Mumbai,1.6,3965000
EMP02595,Manish Thakur,34,Male,Master's,Finance,Accountant,6.3,3,0,Startup,Tier 1,Mumbai,1.6,1123000
EMP02596,Isha Agarwal,37,Female,Master's,Operations,Inventory Analyst,7.1,6,0,Startup,Tier 1,Kolkata,4.6,1084000
EMP02597,Deepak Malik,55,Male,Bachelor's,Finance,Compliance Officer,24.3,5,4,SME,Tier 3,Dehradun,3.3,2827000
EMP02598,Meera Deshpande,50,Female,Bachelor's,Marketing,Digital Marketing Analyst,26.1,14,1,MNC,Tier 2,Chandigarh,3.3,4092000
EMP02599,Ishaan Patel,47,Male,Bachelor's,Legal,Patent Attorney,12.7,8,1,SME,Tier 1,Hyderabad,3.8,3143000
EMP02600,Ankit Deshpande,32,Male,Master's,Operations,Inventory Analyst,5.3,5,1,MNC,Tier 2,Kochi,3.2,1066000
EMP02601,Pooja Iyer,58,Female,Bachelor's,Engineering,Process Engineer,24.9,3,2,Enterprise,Tier 1,Pune,3.6,4468000
EMP02602,Kavya Chopra,43,Other,Bachelor's,Education,Education Consultant,18.6,8,2,MNC,Tier 1,Delhi,1.5,2397000
EMP02603,Amit Mishra,22,Male,Master's,Operations,Inventory Analyst,0.0,3,1,SME,Tier 3,Raipur,1.7,257000
EMP02604,Isha Thakur,33,Female,Master's,Operations,Logistics Coordinator,4.6,3,1,SME,Tier 2,Lucknow,4.7,850000
EMP02605,Reyansh Nair,53,Male,Master's,HR,HR Manager,30.7,12,5,Startup,Tier 2,Ahmedabad,4.7,3909000
EMP02606,Anjali Mehta,53,Female,Bachelor's,IT,Backend Developer,27.3,7,4,SME,Tier 3,Ranchi,3.9,3844000
EMP02607,Amit Bhat,45,Male,Master's,Legal,In-House Counsel,14.1,2,0,Enterprise,Tier 1,Pune,4.1,4378000
EMP02608,Sakshi Kapoor,52,Female,Master's,HR,HR Business Partner,28.9,6,1,Enterprise,Tier 3,Patna,3.1,2848000
EMP02609,Vihaan Iyer,49,Male,Bachelor's,HR,HR Business Partner,14.3,2,2,Startup,Tier 3,Raipur,3.0,1084000
EMP02610,Harsh Singh,45,Male,Bachelor's,Marketing,Social Media Manager,10.6,6,0,MNC,Tier 2,Indore,4.8,1884000
EMP02611,Rohan Das,45,Male,Master's,Marketing,Brand Manager,13.1,7,0,MNC,Tier 2,Lucknow,4.7,2608000
EMP02612,Kritika Mishra,54,Female,Master's,Legal,Contract Specialist,20.8,5,1,Enterprise,Tier 2,Indore,4.0,5549000
EMP02613,Myra Reddy,35,Female,Bachelor's,IT,QA Engineer,4.8,2,1,Startup,Tier 1,Bangalore,3.6,1031000
EMP02614,Rahul Malik,40,Male,Master's,Engineering,Project Manager,13.4,2,2,MNC,Tier 2,Indore,2.1,2209000
EMP02615,Meera Singh,29,Female,Master's,Marketing,Social Media Manager,6.4,6,0,Startup,Tier 3,Bhopal,3.7,797000
EMP02616,Gaurav Kapoor,45,Male,Bachelor's,IT,QA Engineer,10.5,6,0,Enterprise,Tier 3,Bhopal,2.9,1800000
EMP02617,Pooja Mehta,34,Female,Master's,Finance,Auditor,12.0,5,0,Startup,Tier 1,Chennai,1.9,1730000
EMP02618,Aditya Patel,48,Male,Bachelor's,Education,Lab Instructor,23.8,4,1,SME,Tier 1,Hyderabad,4.9,3145000
EMP02619,Aarav Das,31,Male,Bachelor's,Education,Education Consultant,4.7,5,1,Enterprise,Tier 3,Guwahati,2.3,595000
EMP02620,Sneha Kapoor,25,Female,Bachelor's,Education,Lecturer,0.0,3,1,MNC,Tier 1,Chennai,1.5,373000
EMP02621,Aditya Deshpande,26,Male,PhD,Finance,Compliance Officer,0.4,3,1,Enterprise,Tier 2,Nagpur,2.1,773000
EMP02622,Reyansh Mishra,36,Male,Master's,Marketing,Marketing Manager,10.3,4,1,MNC,Tier 2,Indore,2.6,1749000
EMP02623,Vikram Mehta,52,Male,Master's,Legal,Legal Consultant,17.3,4,0,MNC,Tier 1,Bangalore,2.4,4600000
EMP02624,Krishna Das,55,Male,Master's,Education,Lecturer,24.7,4,0,SME,Tier 3,Guwahati,4.7,2774000
EMP02625,Ishaan Thakur,54,Male,Bachelor's,Education,Lecturer,14.9,5,1,SME,Tier 2,Indore,2.4,1343000
EMP02626,Amit Deshpande,37,Other,Bachelor's,Legal,Legal Analyst,12.1,5,1,MNC,Tier 1,Chennai,4.4,3127000
EMP02627,Diya Banerjee,38,Female,Bachelor's,Legal,Corporate Lawyer,12.4,4,0,MNC,Tier 1,Kolkata,2.4,3050000
EMP02628,Sai Mehta,32,Male,Master's,Marketing,Brand Manager,9.4,7,2,MNC,Tier 1,Kolkata,4.4,2439000
EMP02629,Amit Pillai,28,Male,Bachelor's,Operations,Fleet Manager,2.9,3,0,SME,Tier 2,Indore,4.2,568000
EMP02630,Manish Saxena,26,Male,PhD,Education,Education Consultant,3.6,4,0,MNC,Tier 2,Kochi,2.2,764000
EMP02631,Aanya Rao,35,Female,PhD,Engineering,Structural Engineer,9.6,2,2,MNC,Tier 3,Guwahati,2.5,1722000
EMP02632,Harsh Saxena,40,Male,PhD,Education,Research Associate,17.7,7,1,Enterprise,Tier 1,Mumbai,3.8,4286000
EMP02633,Riya Chatterjee,22,Female,Master's,Engineering,Electrical Engineer,0.0,3,1,SME,Tier 2,Indore,2.1,418000
EMP02634,Ankit Patel,48,Male,Bachelor's,Healthcare,Radiologist,22.8,3,0,MNC,Tier 2,Nagpur,1.6,4126000
EMP02635,Suresh Nair,49,Male,Master's,Operations,Supply Chain Analyst,20.2,11,0,MNC,Tier 1,Hyderabad,1.7,4109000
EMP02636,Myra Rao,47,Female,Master's,Sales,Sales Manager,14.8,10,3,SME,Tier 2,Ahmedabad,4.2,2866000
EMP02637,Ankit Mishra,51,Male,Bachelor's,Engineering,Process Engineer,14.6,3,0,MNC,Tier 1,Kolkata,4.2,2836000
EMP02638,Riya Joshi,49,Female,Bachelor's,Legal,Litigation Associate,14.6,7,2,SME,Tier 2,Indore,1.9,2476000
EMP02639,Sara Kumar,24,Female,Bachelor's,Finance,Risk Analyst,0.7,2,1,MNC,Tier 2,Nagpur,3.8,527000
EMP02640,Vivaan Verma,53,Male,Bachelor's,Engineering,Quality Engineer,26.6,14,4,SME,Tier 2,Chandigarh,3.4,4176000
EMP02641,Simran Singh,53,Female,Master's,HR,HR Generalist,20.8,6,3,SME,Tier 1,Pune,4.9,4312000
EMP02642,Isha Agarwal,43,Female,Master's,HR,Compensation Analyst,14.8,7,3,MNC,Tier 2,Nagpur,1.9,2043000
EMP02643,Manish Verma,27,Male,Master's,IT,QA Engineer,4.5,5,0,Startup,Tier 3,Bhopal,3.5,758000
EMP02644,Swati Mishra,34,Female,Bachelor's,Marketing,Marketing Manager,5.7,2,0,MNC,Tier 2,Lucknow,1.6,726000
EMP02645,Anjali Kumar,54,Female,Master's,Legal,Legal Analyst,17.4,7,2,Startup,Tier 2,Jaipur,2.0,2726000
EMP02646,Bhavna Thakur,53,Female,Bachelor's,Sales,Account Executive,15.5,10,1,SME,Tier 3,Raipur,2.2,1363000
EMP02647,Diya Malik,36,Female,Master's,Healthcare,Pharmacist,5.4,3,0,SME,Tier 2,Ahmedabad,2.7,1066000
EMP02648,Priya Mishra,39,Female,Master's,Legal,Legal Analyst,15.1,2,2,SME,Tier 2,Indore,3.2,2701000
EMP02649,Rajesh Gupta,51,Male,Bachelor's,Finance,Investment Banker,23.5,5,2,MNC,Tier 1,Bangalore,3.3,4941000
EMP02650,Aanya Saxena,43,Female,Bachelor's,IT,Cybersecurity Analyst,10.3,5,0,Startup,Tier 1,Mumbai,4.1,2023000
EMP02651,Rajesh Saxena,45,Male,Bachelor's,Education,Lab Instructor,12.0,6,0,Startup,Tier 1,Chennai,2.8,1090000
EMP02652,Nisha Sharma,55,Female,Bachelor's,Education,Professor,21.9,6,1,MNC,Tier 2,Chandigarh,2.4,2648000
EMP02653,Harsh Gupta,23,Male,Bachelor's,Legal,Legal Consultant,0.5,2,1,SME,Tier 2,Jaipur,4.7,589000
EMP02654,Nikhil Gupta,54,Male,Bachelor's,Operations,Inventory Analyst,25.0,11,0,SME,Tier 1,Pune,4.5,4435000
EMP02655,Kavya Malik,42,Female,Bachelor's,HR,HR Generalist,18.7,3,0,Startup,Tier 2,Jaipur,4.5,1702000
EMP02656,Rahul Banerjee,25,Male,Master's,Engineering,Structural Engineer,2.5,4,0,SME,Tier 1,Delhi,4.7,1042000
EMP02657,Sai Sharma,33,Male,PhD,Marketing,Social Media Manager,8.5,5,2,MNC,Tier 1,Kolkata,2.4,1911000
EMP02658,Mohit Gupta,50,Male,Bachelor's,HR,Compensation Analyst,16.4,8,0,Enterprise,Tier 3,Ranchi,4.4,2112000
EMP02659,Ankit Verma,25,Male,Bachelor's,Marketing,Campaign Manager,1.6,2,0,SME,Tier 3,Ranchi,1.9,311000
EMP02660,Arjun Gupta,38,Male,Master's,Finance,Investment Banker,5.0,3,0,SME,Tier 1,Delhi,2.9,1217000
EMP02661,Vivaan Chopra,43,Male,Bachelor's,Finance,Compliance Officer,17.6,7,2,Startup,Tier 1,Bangalore,3.0,2422000
EMP02662,Aarav Kumar,55,Male,Bachelor's,Operations,Supply Chain Analyst,20.6,8,2,MNC,Tier 1,Chennai,1.8,2925000
EMP02663,Mohit Thakur,32,Male,Master's,Education,Research Associate,7.9,4,2,Startup,Tier 1,Chennai,4.5,1267000
EMP02664,Diya Bhat,40,Female,Bachelor's,Operations,Facility Manager,10.0,2,1,Startup,Tier 1,Mumbai,2.3,1035000
EMP02665,Rahul Saxena,47,Male,PhD,Operations,Procurement Manager,18.5,6,1,SME,Tier 1,Mumbai,4.4,4249000
EMP02666,Ananya Singh,50,Female,Bachelor's,IT,DevOps Engineer,12.8,6,2,SME,Tier 2,Kochi,3.3,1883000
EMP02667,Amit Chatterjee,41,Male,Bachelor's,Sales,Business Development Manager,12.8,3,0,MNC,Tier 2,Indore,2.6,1797000
EMP02668,Diya Das,41,Female,PhD,Operations,Supply Chain Analyst,19.0,7,1,MNC,Tier 2,Kochi,3.8,3685000
EMP02669,Diya Reddy,25,Female,Bachelor's,Healthcare,Medical Lab Technician,0.3,3,0,Enterprise,Tier 1,Bangalore,3.4,599000
EMP02670,Ananya Kapoor,30,Female,Bachelor's,HR,Employee Relations Specialist,3.0,3,1,MNC,Tier 2,Nagpur,2.1,588000
EMP02671,Deepak Nair,38,Other,Bachelor's,Sales,Regional Sales Head,10.4,2,1,SME,Tier 1,Pune,2.0,1244000
EMP02672,Ira Bhat,56,Female,Bachelor's,Engineering,Design Engineer,32.3,6,0,Enterprise,Tier 2,Nagpur,3.2,4838000
EMP02673,Aanya Verma,50,Female,Master's,Healthcare,Hospital Administrator,25.3,2,0,SME,Tier 1,Mumbai,4.6,7191000
EMP02674,Aditya Sharma,53,Male,PhD,Healthcare,Hospital Administrator,27.3,14,1,SME,Tier 1,Delhi,2.5,7500000
EMP02675,Gaurav Agarwal,56,Male,Master's,Marketing,Campaign Manager,17.6,8,1,MNC,Tier 1,Bangalore,2.3,3033000
EMP02676,Divya Patel,54,Female,Master's,Engineering,Chemical Engineer,31.4,12,1,MNC,Tier 2,Indore,3.0,4634000
EMP02677,Gaurav Verma,39,Male,Bachelor's,Marketing,Social Media Manager,16.0,9,1,Startup,Tier 2,Chandigarh,3.5,1801000
EMP02678,Aditya Kapoor,49,Male,Master's,Operations,Logistics Coordinator,21.6,12,1,SME,Tier 1,Hyderabad,4.0,3645000
EMP02679,Mohit Bhat,22,Male,Bachelor's,Education,Professor,0.0,3,1,MNC,Tier 2,Nagpur,4.7,380000
EMP02680,Rahul Malik,46,Male,Bachelor's,Engineering,Electrical Engineer,20.8,5,4,Enterprise,Tier 3,Raipur,2.8,2834000
EMP02681,Neha Thakur,39,Female,Master's,HR,Training Coordinator,7.4,4,2,SME,Tier 1,Pune,4.5,1483000
EMP02682,Vivaan Kapoor,42,Male,Master's,Education,Curriculum Designer,8.3,5,0,MNC,Tier 1,Kolkata,4.0,1523000
EMP02683,Ananya Chopra,48,Female,Bachelor's,Education,Lecturer,21.1,8,1,SME,Tier 1,Chennai,1.5,2043000
EMP02684,Simran Sharma,38,Female,Bachelor's,Marketing,PR Specialist,14.8,4,1,SME,Tier 1,Pune,4.0,2257000
EMP02685,Nisha Verma,34,Female,Master's,Healthcare,Medical Lab Technician,8.7,6,0,Startup,Tier 1,Mumbai,4.6,2213000
EMP02686,Tanvi Bhat,58,Female,Master's,Education,Curriculum Designer,29.2,13,5,Enterprise,Tier 1,Bangalore,4.8,6941000
EMP02687,Sai Malik,42,Male,PhD,Engineering,Chemical Engineer,16.8,9,1,Startup,Tier 1,Pune,4.8,4163000
EMP02688,Vihaan Sharma,56,Male,Bachelor's,Healthcare,Medical Lab Technician,16.0,8,2,MNC,Tier 2,Chandigarh,3.9,3330000
EMP02689,Ayaan Thakur,28,Male,Bachelor's,IT,Frontend Developer,4.5,4,1,MNC,Tier 2,Jaipur,2.0,1064000
EMP02690,Ishaan Gupta,38,Male,Bachelor's,Finance,Credit Analyst,6.5,6,1,Enterprise,Tier 1,Kolkata,3.4,1772000
EMP02691,Deepak Bhat,34,Male,Bachelor's,Finance,Auditor,8.5,6,1,Enterprise,Tier 3,Patna,3.8,1300000
EMP02692,Pranav Reddy,41,Other,Master's,HR,Compensation Analyst,15.6,6,2,Startup,Tier 1,Delhi,1.7,1790000
EMP02693,Aarav Joshi,47,Male,Bachelor's,IT,Backend Developer,12.1,3,0,SME,Tier 1,Kolkata,3.1,2145000
EMP02694,Vivaan Kapoor,52,Male,Master's,Healthcare,Pharmacist,24.2,11,2,SME,Tier 3,Guwahati,3.1,4632000
EMP02695,Sneha Banerjee,26,Female,Master's,Operations,Operations Analyst,3.8,4,1,MNC,Tier 3,Mysuru,3.1,747000
EMP02696,Gaurav Malik,45,Male,Master's,Marketing,Growth Hacker,15.5,3,1,MNC,Tier 2,Jaipur,3.4,2810000
EMP02697,Tanvi Malik,32,Female,Bachelor's,Sales,Territory Manager,4.6,4,1,Startup,Tier 1,Delhi,4.1,888000
EMP02698,Nikhil Gupta,51,Male,Master's,Marketing,Digital Marketing Analyst,13.5,2,3,Enterprise,Tier 2,Ahmedabad,4.2,2409000
EMP02699,Aadhya Nair,28,Female,Bachelor's,Legal,Legal Analyst,3.5,4,0,Enterprise,Tier 1,Chennai,3.7,1449000
EMP02700,Amit Kapoor,30,Male,Bachelor's,HR,HR Business Partner,5.6,3,0,SME,Tier 2,Chandigarh,2.4,697000
EMP02701,Priya Pillai,42,Female,Master's,Legal,Corporate Lawyer,8.8,2,2,SME,Tier 2,Nagpur,2.7,1837000
EMP02702,Ankit Iyer,33,Male,Bachelor's,Education,Education Consultant,8.6,4,2,SME,Tier 1,Delhi,2.4,1076000
EMP02703,Aadhya Malik,55,Female,Master's,Engineering,Quality Engineer,22.6,10,4,MNC,Tier 3,Patna,3.8,4727000
EMP02704,Myra Singh,24,Female,Master's,Legal,Paralegal,1.4,2,1,Startup,Tier 2,Chandigarh,3.2,693000
EMP02705,Ayaan Patel,40,Other,Bachelor's,Legal,Legal Analyst,14.4,10,0,Enterprise,Tier 1,Mumbai,4.8,4726000
EMP02706,Shreya Das,48,Other,Bachelor's,Sales,Regional Sales Head,14.9,6,1,Enterprise,Tier 1,Delhi,2.6,2954000
EMP02707,Sneha Verma,38,Female,Master's,Engineering,Quality Engineer,5.9,2,0,MNC,Tier 2,Jaipur,2.3,1164000
EMP02708,Karan Deshpande,25,Male,Master's,HR,Compensation Analyst,2.4,2,1,SME,Tier 1,Hyderabad,3.8,714000
EMP02709,Swati Chopra,52,Female,Master's,HR,HRIS Analyst,26.6,12,0,MNC,Tier 2,Jaipur,2.4,3683000
EMP02710,Priya Singh,51,Other,Bachelor's,Operations,Operations Analyst,27.9,11,1,SME,Tier 3,Patna,2.5,2738000
EMP02711,Nikhil Singh,28,Male,PhD,Marketing,Marketing Manager,0.6,3,1,SME,Tier 1,Pune,2.4,573000
EMP02712,Amit Chatterjee,28,Male,Bachelor's,Finance,Investment Banker,3.3,4,0,Enterprise,Tier 2,Jaipur,2.4,934000
EMP02713,Manish Malik,39,Male,Bachelor's,Healthcare,Physiotherapist,15.8,9,2,Startup,Tier 3,Mysuru,3.9,2332000
EMP02714,Arjun Mehta,27,Male,Master's,Healthcare,Medical Lab Technician,0.6,3,1,Startup,Tier 1,Chennai,4.4,511000
EMP02715,Sakshi Kumar,23,Female,Bachelor's,Legal,Legal Advisor,0.2,3,0,Startup,Tier 1,Pune,2.0,446000
EMP02716,Ankit Joshi,38,Male,Bachelor's,Engineering,Quality Engineer,12.5,5,2,MNC,Tier 3,Raipur,2.4,1238000
EMP02717,Manish Das,29,Male,Bachelor's,Engineering,Civil Engineer,6.8,4,2,MNC,Tier 2,Kochi,2.6,1234000
EMP02718,Meera Saxena,27,Female,Bachelor's,Education,Education Consultant,1.4,3,0,SME,Tier 1,Kolkata,3.7,481000
EMP02719,Vihaan Iyer,41,Male,PhD,Healthcare,Medical Lab Technician,8.2,4,2,SME,Tier 1,Delhi,3.3,2412000
EMP02720,Isha Kapoor,43,Female,Master's,Healthcare,Clinical Research Associate,14.5,7,0,Enterprise,Tier 2,Jaipur,4.6,4469000
EMP02721,Anjali Gupta,50,Female,Master's,Education,Curriculum Designer,24.4,15,2,Enterprise,Tier 1,Delhi,4.0,6412000
EMP02722,Mohit Rao,38,Male,Bachelor's,HR,HRIS Analyst,9.9,6,0,Startup,Tier 1,Pune,1.7,931000
EMP02723,Amit Mishra,56,Male,Master's,Healthcare,Radiologist,20.0,8,1,Enterprise,Tier 2,Chandigarh,4.3,5879000
EMP02724,Sneha Malik,36,Female,Master's,Sales,Inside Sales Representative,13.0,6,2,MNC,Tier 1,Mumbai,2.0,2847000
EMP02725,Krishna Sharma,51,Male,Bachelor's,Education,Curriculum Designer,25.9,7,1,MNC,Tier 1,Pune,3.0,4131000
EMP02726,Tanvi Nair,31,Female,Master's,HR,Payroll Specialist,1.7,2,1,Enterprise,Tier 1,Pune,1.9,703000
EMP02727,Reyansh Singh,47,Male,Master's,Marketing,Content Writer,15.3,5,2,SME,Tier 2,Kochi,4.8,2649000
EMP02728,Krishna Kumar,51,Male,Master's,Education,Research Associate,23.5,5,3,Startup,Tier 3,Raipur,4.7,2568000
EMP02729,Simran Iyer,43,Female,PhD,HR,HRIS Analyst,16.9,7,2,MNC,Tier 2,Jaipur,2.1,2672000
EMP02730,Simran Singh,53,Female,Master's,HR,Training Coordinator,20.6,3,4,SME,Tier 3,Guwahati,2.5,1902000
EMP02731,Reyansh Chopra,35,Male,Bachelor's,Healthcare,Dentist,7.8,5,1,Enterprise,Tier 1,Mumbai,4.2,2583000
EMP02732,Vivaan Iyer,46,Male,Bachelor's,Education,Lecturer,11.1,6,1,SME,Tier 1,Mumbai,4.9,1725000
EMP02733,Arjun Saxena,30,Male,Bachelor's,Operations,Logistics Coordinator,2.2,4,1,MNC,Tier 1,Delhi,2.1,691000
EMP02734,Anjali Saxena,30,Female,Bachelor's,Engineering,Quality Engineer,4.9,4,0,SME,Tier 1,Kolkata,2.4,826000
EMP02735,Priya Bhat,51,Female,Bachelor's,Healthcare,Dentist,21.1,5,4,SME,Tier 2,Lucknow,1.8,4109000
EMP02736,Ayaan Verma,22,Other,Bachelor's,IT,Cloud Architect,0.0,2,0,SME,Tier 3,Guwahati,2.4,297000
EMP02737,Neha Banerjee,58,Other,Master's,Engineering,Project Manager,19.5,9,0,SME,Tier 1,Bangalore,1.9,3124000
EMP02738,Sai Sharma,57,Male,Master's,Marketing,SEO Specialist,25.9,5,0,MNC,Tier 2,Chandigarh,1.7,3653000
EMP02739,Priya Malik,50,Female,Master's,Marketing,SEO Specialist,27.7,11,3,Enterprise,Tier 3,Ranchi,4.8,5566000
EMP02740,Anjali Mehta,25,Female,Master's,Healthcare,Dentist,2.0,3,0,MNC,Tier 1,Kolkata,1.6,864000
EMP02741,Sneha Kumar,33,Female,Bachelor's,Legal,Legal Advisor,10.0,8,0,MNC,Tier 3,Ranchi,2.7,1697000
EMP02742,Deepak Saxena,42,Male,Master's,IT,DevOps Engineer,10.0,2,1,MNC,Tier 3,Raipur,3.3,1897000
EMP02743,Rahul Singh,51,Male,Bachelor's,Operations,Operations Manager,15.8,5,0,MNC,Tier 2,Kochi,1.7,1813000
EMP02744,Aarav Chopra,40,Male,PhD,Legal,Legal Analyst,6.1,4,0,Enterprise,Tier 3,Bhopal,3.1,1823000
EMP02745,Meera Rao,44,Female,Bachelor's,Legal,Legal Analyst,13.4,7,0,MNC,Tier 2,Jaipur,2.6,2085000
EMP02746,Suresh Malik,33,Male,PhD,Engineering,Design Engineer,7.8,5,0,SME,Tier 2,Chandigarh,1.9,1348000
EMP02747,Pooja Deshpande,30,Female,Bachelor's,Marketing,Growth Hacker,3.6,4,1,Enterprise,Tier 2,Indore,2.4,764000
EMP02748,Vihaan Rao,46,Male,Bachelor's,Marketing,Digital Marketing Analyst,18.5,5,2,Startup,Tier 2,Indore,4.1,1890000
EMP02749,Krishna Verma,50,Male,Master's,Sales,Regional Sales Head,20.6,13,2,MNC,Tier 1,Chennai,1.8,4499000
EMP02750,Aadhya Banerjee,49,Female,Bachelor's,Healthcare,Radiologist,16.0,3,3,MNC,Tier 2,Ahmedabad,3.4,3434000
EMP02751,Ira Malik,52,Female,Bachelor's,Healthcare,Hospital Administrator,22.8,3,3,MNC,Tier 1,Kolkata,3.6,7298000
EMP02752,Nikhil Nair,50,Other,Bachelor's,HR,Payroll Specialist,12.0,2,1,MNC,Tier 1,Delhi,1.7,1684000
EMP02753,Karan Chatterjee,47,Male,Master's,Healthcare,Radiologist,23.4,11,1,MNC,Tier 3,Mysuru,4.2,5643000
EMP02754,Divya Kapoor,32,Other,Bachelor's,Marketing,Social Media Manager,8.4,2,0,SME,Tier 3,Patna,5.0,892000
EMP02755,Ayaan Sharma,23,Male,Master's,Education,Teaching Assistant,0.7,3,0,SME,Tier 1,Delhi,2.1,404000
EMP02756,Riya Sharma,22,Female,Master's,IT,Full Stack Developer,0.0,2,1,MNC,Tier 1,Bangalore,1.6,616000
EMP02757,Neha Gupta,37,Female,Master's,Engineering,Project Manager,11.4,3,2,MNC,Tier 1,Chennai,2.4,2447000
EMP02758,Tanvi Malik,50,Female,Master's,IT,Cloud Architect,24.6,8,0,Startup,Tier 1,Hyderabad,1.8,4182000
EMP02759,Ayaan Nair,50,Male,Bachelor's,IT,Backend Developer,23.7,3,3,Enterprise,Tier 3,Ranchi,2.2,3353000
EMP02760,Aanya Agarwal,46,Female,Bachelor's,Legal,Contract Specialist,12.6,3,1,Enterprise,Tier 2,Nagpur,2.6,2738000
EMP02761,Rohan Iyer,45,Male,Master's,Engineering,Design Engineer,10.3,3,1,MNC,Tier 2,Chandigarh,1.7,1754000
EMP02762,Nikhil Chatterjee,36,Male,Master's,HR,Recruiter,11.3,6,2,MNC,Tier 1,Bangalore,4.0,2164000
EMP02763,Sara Gupta,32,Female,Bachelor's,Marketing,Campaign Manager,9.1,6,0,Startup,Tier 2,Jaipur,1.6,886000
EMP02764,Diya Reddy,30,Female,Master's,IT,Backend Developer,6.0,6,1,Enterprise,Tier 1,Hyderabad,4.7,2330000
EMP02765,Rahul Agarwal,39,Male,Bachelor's,Legal,Contract Specialist,10.6,4,1,SME,Tier 2,Lucknow,3.5,1910000
EMP02766,Riya Agarwal,41,Female,Bachelor's,Engineering,Quality Engineer,18.1,12,3,MNC,Tier 1,Delhi,4.4,4531000
EMP02767,Riya Banerjee,38,Female,Bachelor's,Engineering,Mechanical Engineer,11.6,3,0,MNC,Tier 2,Chandigarh,4.5,1941000
EMP02768,Vikram Joshi,43,Male,Master's,Healthcare,Nurse,14.1,2,2,MNC,Tier 2,Ahmedabad,3.4,3640000
EMP02769,Anjali Rao,31,Female,Bachelor's,HR,HR Business Partner,3.4,2,1,Startup,Tier 2,Chandigarh,3.9,490000
EMP02770,Suresh Patel,56,Male,Bachelor's,Marketing,Growth Hacker,23.2,12,2,Startup,Tier 1,Hyderabad,2.0,2798000
EMP02771,Vikram Reddy,24,Male,Bachelor's,Finance,Auditor,0.5,2,0,MNC,Tier 1,Chennai,4.4,665000
EMP02772,Aarav Gupta,28,Male,PhD,Sales,Key Account Manager,4.0,5,1,SME,Tier 2,Chandigarh,3.3,906000
EMP02773,Arjun Saxena,40,Male,Bachelor's,Operations,Inventory Analyst,8.1,2,1,Startup,Tier 2,Chandigarh,2.7,814000
EMP02774,Anjali Reddy,42,Female,Bachelor's,Legal,Legal Consultant,18.6,5,3,MNC,Tier 1,Bangalore,2.6,4037000
EMP02775,Aanya Chopra,49,Other,PhD,Marketing,Brand Manager,23.8,10,4,SME,Tier 3,Raipur,3.0,3435000
EMP02776,Karan Bhat,56,Male,PhD,Education,Lab Instructor,32.1,13,0,MNC,Tier 2,Jaipur,4.2,5378000
EMP02777,Meera Kumar,38,Female,Master's,Operations,Warehouse Manager,12.0,8,2,Enterprise,Tier 2,Ahmedabad,4.3,2521000
EMP02778,Divya Joshi,30,Female,Bachelor's,Education,Lecturer,4.9,5,0,SME,Tier 2,Nagpur,3.6,602000
EMP02779,Sai Sharma,30,Other,Master's,Legal,Legal Advisor,5.2,2,1,Enterprise,Tier 2,Nagpur,1.9,1436000
EMP02780,Pranav Agarwal,51,Male,Bachelor's,Healthcare,Nurse,25.3,14,2,MNC,Tier 2,Indore,2.5,6265000
EMP02781,Amit Patel,41,Male,Master's,HR,Employee Relations Specialist,15.1,4,0,Startup,Tier 1,Hyderabad,2.3,1860000
EMP02782,Tanvi Reddy,44,Female,Bachelor's,Healthcare,Hospital Administrator,11.5,3,1,Startup,Tier 1,Chennai,1.8,1681000
EMP02783,Ayaan Verma,53,Male,Bachelor's,Operations,Operations Analyst,28.2,3,5,SME,Tier 1,Bangalore,4.6,4009000
EMP02784,Reyansh Deshpande,44,Male,Bachelor's,HR,Talent Acquisition Lead,9.2,7,2,SME,Tier 3,Patna,3.3,785000
EMP02785,Sakshi Mishra,51,Female,Bachelor's,HR,HR Business Partner,12.6,5,0,Startup,Tier 2,Ahmedabad,3.2,1089000
EMP02786,Sara Nair,43,Female,Master's,Marketing,Content Writer,17.7,9,3,MNC,Tier 1,Hyderabad,2.7,3575000
EMP02787,Amit Gupta,50,Male,Bachelor's,Education,Teaching Assistant,27.2,7,2,SME,Tier 3,Ranchi,3.1,1948000
EMP02788,Amit Das,49,Male,Bachelor's,Marketing,Campaign Manager,14.9,4,2,Startup,Tier 2,Nagpur,2.0,1217000
EMP02789,Vivaan Bhat,28,Male,Bachelor's,HR,Compensation Analyst,4.2,2,1,Startup,Tier 2,Indore,3.4,519000
EMP02790,Shreya Pillai,33,Female,Master's,Legal,Litigation Associate,4.1,2,0,MNC,Tier 2,Jaipur,2.3,1189000
EMP02791,Kritika Chopra,29,Female,Bachelor's,Legal,Legal Analyst,4.8,4,1,SME,Tier 3,Ranchi,4.3,942000
EMP02792,Gaurav Gupta,48,Male,PhD,Healthcare,Pharmacist,10.5,7,1,Enterprise,Tier 2,Chandigarh,3.6,3470000
EMP02793,Harsh Iyer,38,Male,Bachelor's,HR,Compensation Analyst,9.9,4,1,SME,Tier 1,Pune,3.5,1253000
EMP02794,Swati Gupta,38,Female,Bachelor's,IT,Software Developer,10.6,3,0,Enterprise,Tier 3,Dehradun,4.0,1691000
EMP02795,Sai Malik,54,Male,Bachelor's,Sales,Territory Manager,30.6,7,5,SME,Tier 1,Bangalore,2.2,4206000
EMP02796,Ira Verma,22,Female,Bachelor's,IT,Software Developer,0.0,2,0,SME,Tier 2,Ahmedabad,3.8,412000
EMP02797,Karan Mehta,40,Male,Bachelor's,Sales,Regional Sales Head,8.3,3,2,MNC,Tier 3,Guwahati,1.6,920000
EMP02798,Vikram Bhat,35,Male,Bachelor's,HR,Employee Relations Specialist,7.5,5,2,SME,Tier 3,Bhopal,2.7,582000
EMP02799,Simran Reddy,43,Female,Bachelor's,Education,Teaching Assistant,11.1,8,0,MNC,Tier 2,Jaipur,4.3,1417000
EMP02800,Sneha Banerjee,58,Female,Master's,Education,Instructional Designer,22.6,11,3,SME,Tier 1,Mumbai,4.2,3941000
EMP02801,Bhavna Nair,36,Female,Bachelor's,Education,Research Associate,6.6,5,1,MNC,Tier 2,Jaipur,1.5,754000
EMP02802,Arjun Mehta,27,Male,Master's,Education,Education Consultant,2.4,4,1,MNC,Tier 1,Kolkata,2.0,820000
EMP02803,Vikram Verma,39,Male,Bachelor's,Healthcare,Radiologist,9.7,2,0,MNC,Tier 2,Kochi,1.8,1671000
EMP02804,Myra Patel,57,Female,Bachelor's,IT,Cybersecurity Analyst,30.7,7,5,MNC,Tier 1,Kolkata,2.2,5947000
EMP02805,Suresh Bhat,45,Male,Bachelor's,HR,HRIS Analyst,14.8,4,2,Startup,Tier 3,Guwahati,3.8,1146000
EMP02806,Shreya Reddy,25,Female,PhD,Legal,In-House Counsel,2.8,4,1,MNC,Tier 1,Kolkata,3.7,1466000
EMP02807,Karan Pillai,31,Male,Bachelor's,Engineering,Design Engineer,8.9,5,2,SME,Tier 2,Ahmedabad,4.8,1439000
EMP02808,Isha Mishra,41,Female,Bachelor's,Engineering,Process Engineer,9.3,7,2,SME,Tier 2,Kochi,2.6,1178000
EMP02809,Shreya Bhat,49,Female,Bachelor's,Legal,Paralegal,17.3,11,1,SME,Tier 3,Patna,2.6,2588000
EMP02810,Sara Rao,37,Female,Master's,HR,Employee Relations Specialist,14.2,4,3,Enterprise,Tier 2,Chandigarh,3.1,2257000
EMP02811,Ankit Agarwal,37,Male,Bachelor's,HR,Employee Relations Specialist,9.5,2,0,SME,Tier 3,Ranchi,3.6,790000
EMP02812,Aanya Thakur,25,Female,PhD,Sales,Regional Sales Head,0.5,3,1,Enterprise,Tier 2,Lucknow,2.5,597000
EMP02813,Krishna Sharma,37,Male,Master's,Operations,Process Improvement Analyst,5.4,5,1,SME,Tier 1,Kolkata,2.5,1184000
EMP02814,Pranav Thakur,36,Male,Master's,Marketing,SEO Specialist,9.4,6,0,Startup,Tier 2,Lucknow,2.4,1079000
EMP02815,Aditya Kumar,35,Male,Bachelor's,Legal,Legal Consultant,12.7,5,2,Enterprise,Tier 2,Jaipur,1.8,2929000
EMP02816,Sara Patel,23,Female,Bachelor's,Marketing,SEO Specialist,0.5,3,0,Startup,Tier 2,Lucknow,3.5,355000
EMP02817,Reyansh Gupta,34,Male,Bachelor's,Engineering,Chemical Engineer,9.4,4,0,MNC,Tier 1,Bangalore,3.2,1850000
EMP02818,Vihaan Thakur,49,Male,Bachelor's,IT,Data Scientist,14.3,7,0,Enterprise,Tier 3,Bhopal,3.8,2554000
EMP02819,Deepak Mehta,47,Male,PhD,IT,Software Developer,20.3,13,0,MNC,Tier 2,Nagpur,4.1,6743000
EMP02820,Manish Mehta,35,Other,Master's,Healthcare,Hospital Administrator,11.6,6,0,SME,Tier 1,Pune,3.3,2388000
EMP02821,Diya Chatterjee,26,Female,Bachelor's,Legal,Patent Attorney,1.7,2,0,SME,Tier 2,Indore,3.9,638000
EMP02822,Arjun Rao,31,Male,Bachelor's,Healthcare,Doctor,8.0,2,0,MNC,Tier 2,Indore,4.0,1802000
EMP02823,Pranav Kapoor,34,Male,Bachelor's,Operations,Supply Chain Analyst,5.4,3,0,Startup,Tier 2,Jaipur,1.6,554000
EMP02824,Kritika Reddy,33,Female,Bachelor's,Finance,Compliance Officer,5.3,4,0,MNC,Tier 1,Delhi,2.0,1000000
EMP02825,Sara Gupta,36,Female,Bachelor's,Engineering,Quality Engineer,10.1,7,1,Startup,Tier 3,Guwahati,2.3,907000
EMP02826,Sneha Agarwal,23,Female,Bachelor's,Finance,Portfolio Manager,0.4,2,0,MNC,Tier 3,Dehradun,4.3,497000
EMP02827,Meera Kapoor,30,Female,PhD,IT,DevOps Engineer,3.2,3,0,MNC,Tier 3,Mysuru,2.1,1050000
EMP02828,Manish Sharma,32,Male,Bachelor's,Operations,Facility Manager,5.1,5,1,SME,Tier 3,Ranchi,4.8,684000
EMP02829,Reyansh Gupta,55,Male,Bachelor's,Finance,Financial Analyst,26.8,2,3,SME,Tier 1,Chennai,2.4,4367000
EMP02830,Pranav Joshi,48,Male,PhD,Legal,Corporate Lawyer,13.7,9,2,SME,Tier 2,Jaipur,4.1,3856000
EMP02831,Simran Nair,23,Female,Master's,Engineering,Structural Engineer,0.7,2,1,Enterprise,Tier 1,Delhi,4.0,783000
EMP02832,Mohit Patel,50,Male,Bachelor's,Operations,Fleet Manager,15.9,4,1,MNC,Tier 1,Kolkata,3.4,2427000
EMP02833,Aarav Chatterjee,28,Male,Bachelor's,Healthcare,Nurse,5.1,4,0,SME,Tier 1,Hyderabad,3.4,1285000
EMP02834,Suresh Chopra,24,Male,Bachelor's,Healthcare,Hospital Administrator,0.1,3,0,Startup,Tier 2,Indore,4.4,324000
EMP02835,Sneha Gupta,27,Female,Bachelor's,Engineering,Structural Engineer,2.9,3,1,Enterprise,Tier 2,Lucknow,3.7,859000
EMP02836,Krishna Verma,50,Male,Master's,Operations,Operations Manager,16.2,6,0,Enterprise,Tier 2,Indore,3.3,2805000
EMP02837,Diya Singh,39,Female,Master's,Education,Lab Instructor,11.2,7,1,SME,Tier 1,Mumbai,3.5,1904000
EMP02838,Krishna Mishra,47,Male,Master's,Finance,Credit Analyst,10.1,3,0,SME,Tier 1,Mumbai,4.8,2547000
EMP02839,Karan Deshpande,24,Male,Bachelor's,Healthcare,Medical Lab Technician,1.1,3,1,Enterprise,Tier 1,Chennai,4.6,962000
EMP02840,Ankit Kumar,42,Male,Master's,Healthcare,Doctor,15.0,7,1,MNC,Tier 2,Kochi,3.2,3786000
EMP02841,Harsh Pillai,53,Male,Bachelor's,Legal,Paralegal,24.3,5,1,MNC,Tier 1,Hyderabad,4.6,7205000
EMP02842,Sara Saxena,38,Female,Bachelor's,Operations,Procurement Manager,11.8,5,2,SME,Tier 2,Nagpur,3.3,1242000
EMP02843,Pooja Thakur,40,Female,Bachelor's,Legal,Compliance Manager,13.4,5,2,MNC,Tier 1,Kolkata,2.7,3639000
EMP02844,Tanvi Gupta,57,Female,Master's,Engineering,Quality Engineer,22.8,14,1,SME,Tier 1,Pune,2.3,3910000
EMP02845,Ishaan Sharma,46,Male,Master's,IT,Data Scientist,15.2,5,1,SME,Tier 1,Delhi,3.9,3693000
EMP02846,Rahul Banerjee,34,Male,Bachelor's,Education,Research Associate,11.8,5,0,SME,Tier 2,Kochi,3.4,1028000
EMP02847,Reyansh Reddy,45,Male,Bachelor's,HR,HR Business Partner,13.1,7,2,Startup,Tier 3,Guwahati,4.8,1114000
EMP02848,Ishaan Kumar,27,Male,Bachelor's,Legal,Legal Analyst,1.7,3,1,Enterprise,Tier 1,Kolkata,2.5,879000
EMP02849,Aanya Bhat,57,Female,Bachelor's,HR,Training Coordinator,32.2,14,2,SME,Tier 2,Chandigarh,1.8,2705000
EMP02850,Diya Das,39,Female,Master's,Operations,Logistics Coordinator,15.9,8,2,Startup,Tier 2,Kochi,5.0,2301000
EMP02851,Karan Kapoor,35,Male,Bachelor's,Operations,Facility Manager,9.0,5,1,MNC,Tier 2,Jaipur,2.8,1217000
EMP02852,Aadhya Malik,42,Female,Master's,HR,Talent Acquisition Lead,19.8,12,0,MNC,Tier 1,Delhi,3.2,3986000
EMP02853,Isha Nair,25,Female,Bachelor's,Legal,In-House Counsel,0.5,3,0,Enterprise,Tier 1,Chennai,1.8,612000
EMP02854,Ishaan Nair,52,Male,Bachelor's,Engineering,Electrical Engineer,18.2,2,0,Enterprise,Tier 2,Jaipur,3.0,2820000
EMP02855,Swati Banerjee,29,Female,Master's,Engineering,Site Engineer,4.6,3,1,Enterprise,Tier 2,Nagpur,2.0,1207000
EMP02856,Aanya Pillai,53,Female,Master's,IT,QA Engineer,18.8,8,0,MNC,Tier 1,Mumbai,2.7,4732000
EMP02857,Vihaan Patel,42,Male,Bachelor's,Marketing,SEO Specialist,13.0,2,1,MNC,Tier 1,Hyderabad,2.1,1751000
EMP02858,Tanvi Thakur,48,Female,Master's,Sales,Sales Engineer,20.2,3,1,Startup,Tier 1,Mumbai,2.4,2825000
EMP02859,Divya Joshi,31,Female,Bachelor's,Legal,Legal Consultant,5.1,5,1,MNC,Tier 1,Mumbai,4.8,1959000
EMP02860,Pooja Gupta,39,Female,Master's,Healthcare,Hospital Administrator,10.0,7,1,SME,Tier 2,Lucknow,4.0,2294000
EMP02861,Vikram Gupta,44,Male,Master's,Healthcare,Clinical Research Associate,17.9,7,2,SME,Tier 1,Hyderabad,3.9,4836000
EMP02862,Manish Rao,54,Male,Bachelor's,Marketing,Marketing Manager,20.1,9,3,MNC,Tier 2,Kochi,3.7,3322000
EMP02863,Ira Banerjee,50,Female,Bachelor's,Legal,Patent Attorney,23.5,3,0,SME,Tier 1,Delhi,4.1,4626000
EMP02864,Rohan Sharma,39,Male,Master's,Marketing,Campaign Manager,6.1,3,1,Enterprise,Tier 1,Mumbai,4.6,1829000
EMP02865,Manish Thakur,48,Male,Master's,Engineering,Design Engineer,21.5,11,3,SME,Tier 1,Hyderabad,4.7,5269000
EMP02866,Mohit Mehta,27,Male,Master's,Finance,Financial Analyst,0.4,3,0,SME,Tier 2,Ahmedabad,2.6,459000
EMP02867,Diya Pillai,23,Female,Master's,Healthcare,Hospital Administrator,0.3,3,0,MNC,Tier 3,Raipur,3.7,405000
EMP02868,Rahul Nair,43,Male,Bachelor's,HR,Compensation Analyst,14.4,9,2,Startup,Tier 1,Hyderabad,4.7,1807000
EMP02869,Bhavna Deshpande,42,Female,Bachelor's,Marketing,PR Specialist,18.5,6,2,MNC,Tier 2,Chandigarh,1.8,2385000
EMP02870,Rohan Kapoor,57,Male,Master's,Engineering,Quality Engineer,30.8,15,5,Startup,Tier 2,Nagpur,2.6,4840000
EMP02871,Sai Rao,33,Male,Master's,Operations,Inventory Analyst,5.3,3,0,MNC,Tier 1,Delhi,3.9,1273000
EMP02872,Swati Chopra,25,Female,Bachelor's,Marketing,Growth Hacker,1.0,2,1,Startup,Tier 2,Nagpur,1.8,327000
EMP02873,Aanya Kumar,40,Female,Bachelor's,Operations,Process Improvement Analyst,12.2,7,0,MNC,Tier 2,Jaipur,4.0,1522000
EMP02874,Suresh Rao,46,Male,Master's,Education,Research Associate,18.2,8,0,SME,Tier 2,Indore,2.1,1781000
EMP02875,Nikhil Chatterjee,31,Male,Bachelor's,Marketing,Brand Manager,4.2,5,0,Startup,Tier 2,Kochi,3.2,584000
EMP02876,Nikhil Patel,46,Male,PhD,Operations,Procurement Manager,18.9,10,0,SME,Tier 2,Kochi,1.7,2569000
EMP02877,Amit Verma,37,Male,Bachelor's,Marketing,Marketing Manager,10.3,4,1,SME,Tier 2,Chandigarh,2.4,1027000
EMP02878,Meera Verma,33,Female,Master's,Operations,Procurement Manager,3.2,3,0,MNC,Tier 2,Jaipur,1.6,655000
EMP02879,Vikram Rao,48,Male,Bachelor's,Legal,Litigation Associate,17.8,8,2,MNC,Tier 2,Chandigarh,2.7,3837000
EMP02880,Suresh Verma,35,Male,Bachelor's,Sales,Account Executive,9.7,7,1,SME,Tier 2,Indore,1.9,1079000
EMP02881,Myra Banerjee,35,Female,Master's,Education,Academic Counselor,5.7,2,0,Startup,Tier 1,Kolkata,4.8,753000
EMP02882,Rahul Agarwal,26,Male,Bachelor's,Sales,Inside Sales Representative,1.3,2,1,Startup,Tier 1,Mumbai,3.0,360000
EMP02883,Meera Sharma,46,Female,Bachelor's,Finance,Tax Consultant,18.9,3,2,SME,Tier 2,Ahmedabad,2.1,2211000
EMP02884,Meera Joshi,57,Female,PhD,HR,Training Coordinator,23.8,11,3,SME,Tier 1,Delhi,1.7,4303000
EMP02885,Sneha Patel,44,Female,Bachelor's,IT,DevOps Engineer,12.0,7,2,MNC,Tier 2,Nagpur,1.9,1662000
EMP02886,Sai Thakur,38,Male,Bachelor's,Sales,Channel Partner Manager,14.9,6,2,Enterprise,Tier 1,Kolkata,2.7,2714000
EMP02887,Simran Saxena,39,Female,Bachelor's,Engineering,Structural Engineer,17.0,8,2,MNC,Tier 1,Pune,3.5,3286000
EMP02888,Aditya Chatterjee,32,Male,Bachelor's,Healthcare,Clinical Research Associate,5.6,4,1,SME,Tier 3,Mysuru,1.7,786000
EMP02889,Bhavna Rao,44,Female,Master's,Finance,Auditor,13.3,2,2,Enterprise,Tier 2,Lucknow,3.0,2714000
EMP02890,Deepak Mehta,24,Male,Master's,Sales,Sales Manager,0.1,3,0,SME,Tier 3,Bhopal,4.4,340000
EMP02891,Krishna Saxena,49,Male,Bachelor's,Marketing,SEO Specialist,17.9,5,2,Startup,Tier 2,Kochi,1.9,1649000
EMP02892,Aanya Banerjee,39,Female,Bachelor's,Education,Research Associate,11.6,4,2,Startup,Tier 2,Indore,4.6,953000
EMP02893,Bhavna Thakur,47,Female,Bachelor's,Sales,Inside Sales Representative,23.8,7,0,SME,Tier 3,Raipur,4.8,2912000
EMP02894,Rahul Kapoor,51,Male,Bachelor's,Education,Education Consultant,26.3,12,3,Startup,Tier 1,Chennai,5.0,3596000
EMP02895,Aadhya Mishra,37,Female,Bachelor's,Marketing,Market Research Analyst,7.9,2,1,MNC,Tier 1,Mumbai,3.9,1531000
EMP02896,Aditya Nair,35,Male,Master's,Engineering,Chemical Engineer,5.3,4,1,Enterprise,Tier 2,Chandigarh,2.9,1733000
EMP02897,Rajesh Kumar,27,Male,PhD,Engineering,Site Engineer,2.3,4,1,MNC,Tier 2,Ahmedabad,3.5,893000
EMP02898,Anjali Rao,58,Female,Master's,Sales,Channel Partner Manager,35.8,13,1,Startup,Tier 1,Bangalore,1.7,5084000
EMP02899,Deepak Verma,38,Male,Master's,Engineering,Site Engineer,14.6,4,1,MNC,Tier 3,Guwahati,1.8,1810000
EMP02900,Ayaan Sharma,29,Male,Bachelor's,HR,Employee Relations Specialist,4.7,2,0,SME,Tier 1,Mumbai,4.1,809000
EMP02901,Nikhil Das,37,Male,Bachelor's,IT,ML Engineer,8.9,4,0,MNC,Tier 1,Pune,2.0,1826000
EMP02902,Vikram Reddy,44,Male,Bachelor's,Marketing,Social Media Manager,15.4,7,3,MNC,Tier 1,Pune,3.6,2740000
EMP02903,Aditya Sharma,41,Male,Master's,IT,Frontend Developer,17.2,4,3,SME,Tier 1,Bangalore,2.6,3610000
EMP02904,Harsh Malik,41,Male,Master's,Engineering,Chemical Engineer,15.9,7,1,MNC,Tier 1,Delhi,4.4,4120000
EMP02905,Pranav Pillai,31,Male,Bachelor's,Marketing,Growth Hacker,2.5,3,1,MNC,Tier 3,Patna,3.8,470000
EMP02906,Ira Bhat,26,Female,Master's,Finance,Investment Banker,2.0,2,1,SME,Tier 2,Nagpur,4.8,826000
EMP02907,Meera Banerjee,47,Female,Bachelor's,Operations,Warehouse Manager,17.5,10,0,MNC,Tier 1,Pune,2.6,2723000
EMP02908,Rohan Sharma,34,Male,Bachelor's,Legal,Legal Consultant,4.4,3,1,Enterprise,Tier 1,Bangalore,3.2,1373000
EMP02909,Deepak Saxena,34,Male,Master's,Finance,Risk Analyst,4.4,4,1,Startup,Tier 2,Indore,2.7,798000
EMP02910,Vihaan Mishra,43,Male,Bachelor's,Marketing,Marketing Manager,13.1,9,2,Startup,Tier 2,Lucknow,4.0,1713000
EMP02911,Shreya Kumar,40,Female,Master's,Operations,Warehouse Manager,15.5,3,2,Startup,Tier 2,Kochi,2.3,1649000
EMP02912,Sai Sharma,26,Male,Bachelor's,HR,HRIS Analyst,1.9,3,1,SME,Tier 1,Hyderabad,4.0,586000
EMP02913,Rahul Malik,48,Male,Master's,Healthcare,Clinical Research Associate,24.4,4,1,MNC,Tier 3,Dehradun,1.9,4253000
EMP02914,Shreya Agarwal,39,Female,Master's,Operations,Operations Manager,15.7,4,2,MNC,Tier 1,Pune,2.5,3106000
EMP02915,Simran Iyer,42,Female,Bachelor's,Engineering,Design Engineer,8.9,3,2,MNC,Tier 1,Kolkata,2.7,1791000
EMP02916,Aadhya Saxena,27,Female,Master's,Operations,Process Improvement Analyst,3.6,4,1,MNC,Tier 1,Bangalore,3.5,1267000
EMP02917,Simran Deshpande,45,Female,PhD,Operations,Procurement Manager,14.1,2,0,MNC,Tier 1,Bangalore,3.7,3244000
EMP02918,Amit Singh,57,Male,Master's,Marketing,Market Research Analyst,15.2,10,3,MNC,Tier 3,Dehradun,2.0,2097000
EMP02919,Ananya Nair,35,Female,Master's,Sales,Account Executive,12.5,4,0,MNC,Tier 2,Ahmedabad,2.9,2079000
EMP02920,Ayaan Malik,32,Male,PhD,Marketing,PR Specialist,3.8,3,0,Enterprise,Tier 1,Hyderabad,3.2,1531000
EMP02921,Vihaan Mishra,22,Male,Bachelor's,Education,Teaching Assistant,0.0,2,1,SME,Tier 1,Delhi,2.9,296000
EMP02922,Suresh Nair,26,Male,Bachelor's,Operations,Operations Manager,2.4,4,1,SME,Tier 1,Chennai,3.8,702000
EMP02923,Ayaan Saxena,25,Male,Master's,Sales,Pre-Sales Consultant,1.3,2,0,MNC,Tier 1,Mumbai,2.0,609000
EMP02924,Sara Das,48,Female,Bachelor's,HR,Payroll Specialist,22.7,2,0,MNC,Tier 2,Chandigarh,1.5,2191000
EMP02925,Ishaan Banerjee,29,Male,Master's,Operations,Fleet Manager,5.5,2,0,Startup,Tier 3,Guwahati,1.7,541000
EMP02926,Aadhya Malik,35,Female,Bachelor's,Education,Curriculum Designer,7.8,3,2,SME,Tier 2,Lucknow,4.5,936000
EMP02927,Priya Mishra,24,Female,Master's,HR,Recruiter,0.4,3,1,SME,Tier 2,Lucknow,1.9,355000
EMP02928,Harsh Joshi,30,Other,PhD,Sales,Key Account Manager,5.6,3,1,MNC,Tier 1,Chennai,3.8,1770000
EMP02929,Rahul Chopra,41,Male,Master's,IT,Cybersecurity Analyst,10.2,7,2,SME,Tier 3,Ranchi,3.5,1937000
EMP02930,Simran Mishra,24,Female,Master's,Marketing,Content Writer,0.5,3,1,Enterprise,Tier 1,Hyderabad,1.6,649000
EMP02931,Sara Kapoor,55,Female,Master's,Education,Lecturer,30.9,14,2,Startup,Tier 1,Chennai,4.4,4600000
EMP02932,Reyansh Thakur,51,Male,Bachelor's,Marketing,Marketing Manager,21.2,10,1,SME,Tier 1,Pune,3.5,3059000
EMP02933,Suresh Agarwal,50,Male,Master's,Healthcare,Radiologist,23.8,5,4,Startup,Tier 1,Mumbai,2.7,5370000
EMP02934,Aditya Thakur,42,Male,Bachelor's,Marketing,SEO Specialist,8.9,5,2,SME,Tier 1,Pune,3.1,1424000
EMP02935,Sneha Gupta,30,Female,PhD,Sales,Pre-Sales Consultant,5.2,2,0,Startup,Tier 1,Hyderabad,2.6,1124000
EMP02936,Vivaan Chatterjee,54,Male,Master's,Healthcare,Medical Lab Technician,25.9,2,1,SME,Tier 1,Hyderabad,3.4,7364000
EMP02937,Deepak Patel,39,Male,Master's,Legal,Paralegal,9.8,4,1,Startup,Tier 3,Ranchi,3.5,1431000
EMP02938,Krishna Saxena,45,Male,Bachelor's,HR,Talent Acquisition Lead,12.6,7,0,SME,Tier 2,Nagpur,2.5,1195000
EMP02939,Anjali Thakur,31,Female,PhD,Education,Research Associate,6.9,6,2,Enterprise,Tier 2,Nagpur,3.3,1308000
EMP02940,Bhavna Singh,29,Female,Bachelor's,Engineering,Quality Engineer,6.4,3,1,Startup,Tier 2,Chandigarh,4.1,892000
EMP02941,Vivaan Bhat,45,Male,Bachelor's,Engineering,Process Engineer,9.6,6,2,SME,Tier 2,Jaipur,4.5,1638000
EMP02942,Vikram Mehta,25,Male,Bachelor's,Legal,Legal Analyst,1.5,3,0,SME,Tier 2,Indore,4.1,625000
EMP02943,Reyansh Saxena,37,Male,Master's,Sales,Channel Partner Manager,6.1,4,1,Startup,Tier 2,Ahmedabad,1.7,815000
EMP02944,Rohan Kapoor,52,Male,Master's,Healthcare,Radiologist,15.5,10,0,MNC,Tier 1,Bangalore,4.9,5513000
EMP02945,Kritika Kumar,51,Other,Bachelor's,Finance,Compliance Officer,24.8,8,1,MNC,Tier 2,Indore,2.8,4331000
EMP02946,Simran Iyer,52,Female,Bachelor's,Healthcare,Medical Lab Technician,23.8,2,1,MNC,Tier 1,Delhi,3.1,5457000
EMP02947,Bhavna Saxena,33,Female,Bachelor's,Finance,Treasury Analyst,10.9,3,0,MNC,Tier 1,Kolkata,3.5,2183000
EMP02948,Manish Saxena,33,Male,PhD,Marketing,Content Writer,6.8,2,1,Startup,Tier 1,Chennai,2.4,939000
EMP02949,Anjali Chatterjee,39,Female,Bachelor's,HR,Recruiter,15.4,4,2,MNC,Tier 2,Lucknow,1.8,1643000
EMP02950,Aadhya Nair,44,Female,Bachelor's,IT,Frontend Developer,20.8,4,4,Startup,Tier 2,Chandigarh,3.8,2861000
EMP02951,Ananya Joshi,50,Female,Master's,Sales,Regional Sales Head,17.1,3,3,MNC,Tier 2,Indore,3.0,3334000
EMP02952,Reyansh Kumar,45,Male,Bachelor's,Engineering,Electrical Engineer,21.0,8,4,SME,Tier 1,Kolkata,2.2,3461000
EMP02953,Vivaan Agarwal,55,Male,Master's,Sales,Business Development Manager,17.6,11,1,Enterprise,Tier 2,Lucknow,3.3,3827000
EMP02954,Sakshi Joshi,47,Female,Bachelor's,Marketing,Market Research Analyst,13.5,8,1,SME,Tier 3,Ranchi,2.9,1396000
EMP02955,Sai Kapoor,47,Male,PhD,Healthcare,Clinical Research Associate,21.4,5,1,MNC,Tier 1,Chennai,1.7,6419000
EMP02956,Pooja Agarwal,53,Female,Bachelor's,Finance,Accountant,21.1,5,2,Enterprise,Tier 2,Nagpur,5.0,5240000
EMP02957,Vihaan Verma,28,Male,Bachelor's,Marketing,Market Research Analyst,3.2,2,1,SME,Tier 1,Mumbai,2.5,685000
EMP02958,Deepak Mehta,51,Male,Master's,Engineering,Electrical Engineer,14.3,7,0,MNC,Tier 1,Mumbai,3.3,3149000
EMP02959,Aditya Verma,46,Male,Master's,Engineering,Mechanical Engineer,20.1,2,1,Enterprise,Tier 3,Ranchi,3.0,3307000
EMP02960,Vihaan Malik,38,Male,Master's,Education,Academic Counselor,10.6,7,2,Startup,Tier 3,Dehradun,4.6,969000
EMP02961,Ishaan Iyer,26,Male,PhD,Engineering,Design Engineer,2.5,4,1,SME,Tier 2,Lucknow,4.5,928000
EMP02962,Aditya Das,44,Male,Bachelor's,Healthcare,Hospital Administrator,11.0,3,2,MNC,Tier 1,Kolkata,2.4,2390000
EMP02963,Nisha Gupta,26,Female,Master's,IT,Cloud Architect,3.0,4,1,Startup,Tier 1,Kolkata,1.6,807000
EMP02964,Gaurav Sharma,49,Male,Bachelor's,Finance,Auditor,19.9,5,1,MNC,Tier 2,Ahmedabad,4.2,3314000
EMP02965,Rajesh Deshpande,42,Male,Bachelor's,Finance,Investment Banker,14.8,10,1,SME,Tier 2,Lucknow,2.0,2109000
EMP02966,Sara Pillai,57,Female,Bachelor's,Healthcare,Doctor,25.4,15,2,Startup,Tier 3,Mysuru,2.9,3682000
EMP02967,Sai Das,49,Male,Bachelor's,IT,Full Stack Developer,23.3,9,1,Enterprise,Tier 1,Kolkata,4.7,7203000
EMP02968,Suresh Joshi,37,Male,Bachelor's,Healthcare,Physiotherapist,5.9,3,1,SME,Tier 1,Bangalore,4.3,1333000
EMP02969,Ayaan Pillai,40,Male,Bachelor's,Marketing,PR Specialist,14.1,7,2,SME,Tier 2,Chandigarh,2.0,1280000
EMP02970,Bhavna Chatterjee,55,Female,Bachelor's,Marketing,Marketing Manager,24.2,12,2,MNC,Tier 1,Hyderabad,3.8,4897000
EMP02971,Swati Bhat,24,Female,Bachelor's,IT,Full Stack Developer,1.9,3,1,MNC,Tier 1,Mumbai,4.4,881000
EMP02972,Arjun Reddy,51,Male,Bachelor's,Finance,Financial Analyst,22.6,9,2,SME,Tier 2,Indore,2.3,3091000
EMP02973,Aditya Rao,29,Male,Bachelor's,HR,HR Manager,1.7,3,1,SME,Tier 2,Kochi,3.9,406000
EMP02974,Anjali Banerjee,43,Female,Master's,Legal,Compliance Manager,14.0,6,3,SME,Tier 3,Dehradun,2.0,2517000
EMP02975,Gaurav Verma,40,Male,Master's,Legal,Patent Attorney,7.2,2,2,Startup,Tier 1,Hyderabad,3.3,1861000
EMP02976,Deepak Kumar,44,Male,Master's,Healthcare,Clinical Research Associate,17.5,11,2,Startup,Tier 1,Bangalore,4.2,4794000
EMP02977,Aarav Kumar,47,Male,Master's,Education,Teaching Assistant,24.6,7,1,MNC,Tier 1,Chennai,2.5,4354000
EMP02978,Aadhya Reddy,28,Female,Bachelor's,Engineering,Quality Engineer,3.6,3,1,Startup,Tier 3,Raipur,1.7,400000
EMP02979,Mohit Banerjee,39,Male,Bachelor's,Sales,Sales Engineer,14.4,5,0,SME,Tier 2,Chandigarh,2.3,1622000
EMP02980,Gaurav Saxena,47,Male,Bachelor's,Sales,Inside Sales Representative,13.2,9,0,SME,Tier 3,Bhopal,1.8,1163000
EMP02981,Tanvi Rao,41,Female,Bachelor's,Education,Curriculum Designer,15.9,5,3,Enterprise,Tier 1,Pune,3.6,2638000
EMP02982,Swati Das,51,Female,Bachelor's,Operations,Warehouse Manager,18.5,8,2,MNC,Tier 3,Patna,3.6,2469000
EMP02983,Vivaan Agarwal,34,Male,Master's,HR,HR Manager,6.1,3,1,MNC,Tier 3,Raipur,1.8,788000
EMP02984,Gaurav Sharma,40,Male,Master's,Legal,Legal Analyst,11.2,7,1,Enterprise,Tier 1,Pune,4.0,4148000
EMP02985,Vihaan Agarwal,54,Male,Master's,Sales,Territory Manager,25.6,14,0,MNC,Tier 1,Chennai,3.6,5472000
EMP02986,Nikhil Malik,33,Male,Bachelor's,Marketing,Digital Marketing Analyst,9.2,2,0,SME,Tier 3,Dehradun,5.0,894000
EMP02987,Meera Malik,29,Female,PhD,Engineering,Project Manager,5.8,3,0,MNC,Tier 1,Pune,3.6,1879000
EMP02988,Mohit Deshpande,57,Male,Master's,Sales,Pre-Sales Consultant,22.0,12,1,SME,Tier 3,Raipur,1.7,2485000
EMP02989,Ananya Bhat,55,Female,Bachelor's,Education,Dean,28.9,7,1,SME,Tier 1,Kolkata,4.3,3144000
EMP02990,Vikram Reddy,29,Male,Bachelor's,Education,Instructional Designer,3.7,3,0,SME,Tier 1,Pune,3.7,747000
EMP02991,Pranav Saxena,28,Male,Bachelor's,HR,HR Manager,1.0,3,0,MNC,Tier 1,Mumbai,2.0,536000
EMP02992,Diya Verma,49,Female,Bachelor's,IT,Cloud Architect,23.4,11,3,Startup,Tier 1,Kolkata,2.1,4253000
EMP02993,Anjali Agarwal,43,Female,Master's,HR,Training Coordinator,13.6,5,2,SME,Tier 2,Ahmedabad,3.5,1777000
EMP02994,Myra Chatterjee,29,Female,Master's,Operations,Fleet Manager,5.0,5,1,MNC,Tier 3,Ranchi,3.1,836000
EMP02995,Anjali Malik,57,Female,Master's,Marketing,PR Specialist,33.2,2,5,SME,Tier 3,Guwahati,3.9,3255000
EMP02996,Harsh Mishra,25,Male,Master's,Legal,Litigation Associate,0.4,3,0,MNC,Tier 1,Kolkata,1.9,736000
EMP02997,Ayaan Saxena,23,Male,Bachelor's,Healthcare,Physiotherapist,0.4,2,0,SME,Tier 1,Mumbai,2.9,432000
EMP02998,Mohit Malik,44,Male,Bachelor's,IT,Cloud Architect,10.4,3,1,MNC,Tier 2,Indore,3.1,1765000
EMP02999,Reyansh Kapoor,42,Male,Bachelor's,HR,Training Coordinator,20.0,9,1,MNC,Tier 2,Jaipur,3.9,2832000
EMP03000,Pranav Bhat,28,Male,Bachelor's,Engineering,Quality Engineer,3.0,2,1,Startup,Tier 2,Chandigarh,2.4,520000
EMP03001,Deepak Nair,58,Male,Bachelor's,Sales,Key Account Manager,35.9,6,3,Startup,Tier 1,Pune,2.5,3307000
EMP03002,Anjali Patel,24,Female,Master's,Engineering,Site Engineer,0.0,2,1,MNC,Tier 2,Jaipur,3.8,539000
EMP03003,Aditya Nair,38,Male,Bachelor's,Operations,Fleet Manager,8.3,3,0,MNC,Tier 2,Nagpur,4.3,1254000
EMP03004,Karan Das,47,Male,PhD,HR,HR Manager,14.5,4,2,Startup,Tier 3,Bhopal,3.9,1907000
EMP03005,Rajesh Iyer,36,Male,Bachelor's,Healthcare,Clinical Research Associate,11.7,2,1,MNC,Tier 1,Chennai,4.6,3270000
EMP03006,Nikhil Verma,43,Male,Bachelor's,Healthcare,Nurse,11.3,8,1,Enterprise,Tier 2,Indore,3.5,2413000
EMP03007,Rohan Chatterjee,30,Male,Bachelor's,Education,Lecturer,2.2,2,1,MNC,Tier 3,Bhopal,2.8,398000
EMP03008,Nisha Chatterjee,24,Other,Master's,Sales,Territory Manager,1.8,3,1,Startup,Tier 2,Chandigarh,4.7,490000
EMP03009,Kritika Thakur,49,Female,Master's,Education,Dean,17.1,4,3,SME,Tier 1,Mumbai,2.8,2520000
EMP03010,Ankit Chatterjee,26,Male,Bachelor's,Legal,Legal Consultant,3.5,3,1,Startup,Tier 2,Ahmedabad,4.6,825000
EMP03011,Rohan Reddy,26,Male,Master's,Healthcare,Dentist,3.2,3,1,MNC,Tier 1,Kolkata,1.6,1037000
EMP03012,Mohit Das,32,Male,Bachelor's,HR,Employee Relations Specialist,8.3,5,1,MNC,Tier 1,Bangalore,4.8,1721000
EMP03013,Meera Deshpande,43,Female,Bachelor's,Healthcare,Pharmacist,19.1,6,3,Startup,Tier 2,Jaipur,4.9,3338000
EMP03014,Krishna Pillai,28,Male,Bachelor's,Legal,Legal Advisor,4.1,4,0,MNC,Tier 2,Indore,2.4,902000
EMP03015,Ishaan Thakur,29,Male,Master's,Engineering,Process Engineer,1.2,2,0,MNC,Tier 2,Jaipur,2.6,618000
EMP03016,Rajesh Chopra,22,Male,Bachelor's,Sales,Sales Manager,0.0,3,0,Startup,Tier 1,Pune,1.6,294000
EMP03017,Shreya Kapoor,29,Other,Master's,IT,Full Stack Developer,2.9,4,0,SME,Tier 2,Indore,4.4,864000
EMP03018,Rajesh Mishra,24,Male,Master's,Finance,Risk Analyst,2.0,2,1,MNC,Tier 2,Ahmedabad,1.6,540000
EMP03019,Deepak Gupta,32,Male,PhD,HR,Employee Relations Specialist,9.7,5,1,Startup,Tier 1,Kolkata,3.9,1676000
EMP03020,Swati Pillai,34,Female,Bachelor's,Healthcare,Doctor,7.7,4,2,MNC,Tier 2,Nagpur,2.4,1597000
EMP03021,Simran Mehta,26,Female,Master's,Engineering,Mechanical Engineer,3.4,2,0,SME,Tier 1,Pune,2.4,950000
EMP03022,Vikram Agarwal,44,Male,Bachelor's,Finance,Portfolio Manager,14.1,9,0,SME,Tier 1,Chennai,3.7,2404000
EMP03023,Pooja Nair,54,Female,Master's,Engineering,Structural Engineer,25.3,8,2,SME,Tier 2,Lucknow,4.6,4539000
EMP03024,Swati Mehta,34,Female,Master's,Healthcare,Pharmacist,10.6,2,1,Enterprise,Tier 3,Guwahati,4.9,2765000
EMP03025,Sneha Banerjee,38,Female,Bachelor's,Healthcare,Radiologist,7.0,3,2,Enterprise,Tier 1,Pune,4.8,1919000
EMP03026,Krishna Mehta,56,Male,Bachelor's,Sales,Sales Manager,28.1,15,4,SME,Tier 1,Mumbai,3.3,4715000
EMP03027,Deepak Iyer,31,Male,Master's,Legal,In-House Counsel,5.5,2,0,Startup,Tier 2,Chandigarh,2.8,1099000
EMP03028,Rahul Agarwal,48,Male,Master's,Legal,Contract Specialist,21.0,4,1,SME,Tier 1,Pune,2.1,4800000
EMP03029,Krishna Singh,56,Male,Bachelor's,Operations,Process Improvement Analyst,33.3,12,3,MNC,Tier 3,Mysuru,4.8,3964000
EMP03030,Arjun Pillai,23,Male,Bachelor's,Legal,Litigation Associate,0.1,2,1,Startup,Tier 1,Pune,4.7,550000
EMP03031,Amit Agarwal,58,Male,Bachelor's,Legal,Compliance Manager,31.5,12,1,SME,Tier 3,Mysuru,3.7,3556000
EMP03032,Tanvi Gupta,23,Female,Master's,Healthcare,Medical Lab Technician,0.7,2,1,MNC,Tier 2,Ahmedabad,4.5,628000
EMP03033,Meera Das,53,Female,PhD,HR,Payroll Specialist,21.4,12,1,MNC,Tier 2,Jaipur,1.8,3771000
EMP03034,Pooja Sharma,57,Female,Bachelor's,HR,Compensation Analyst,30.0,15,4,Startup,Tier 1,Mumbai,3.7,3487000
EMP03035,Harsh Rao,44,Male,Master's,Marketing,Digital Marketing Analyst,10.0,4,0,MNC,Tier 3,Patna,2.0,1181000
EMP03036,Manish Rao,52,Male,Bachelor's,Healthcare,Dentist,20.8,7,3,MNC,Tier 1,Mumbai,3.8,6374000
EMP03037,Rahul Patel,27,Male,Bachelor's,HR,HR Generalist,1.9,2,0,MNC,Tier 1,Bangalore,3.5,615000
EMP03038,Manish Thakur,53,Male,Bachelor's,Sales,Key Account Manager,16.6,2,2,SME,Tier 3,Guwahati,3.9,1716000
EMP03039,Divya Nair,45,Female,Master's,Operations,Warehouse Manager,15.0,9,0,Enterprise,Tier 2,Indore,4.4,2825000
EMP03040,Sara Pillai,43,Female,Bachelor's,IT,DevOps Engineer,20.9,7,2,SME,Tier 3,Guwahati,3.8,2871000
EMP03041,Swati Joshi,48,Female,Master's,Legal,Litigation Associate,18.4,3,3,SME,Tier 1,Mumbai,4.6,5528000
EMP03042,Shreya Chopra,40,Female,Master's,Education,Instructional Designer,7.6,2,0,MNC,Tier 1,Hyderabad,2.1,1186000
EMP03043,Ankit Bhat,25,Other,Bachelor's,HR,Payroll Specialist,0.6,3,1,Startup,Tier 2,Kochi,4.7,344000
EMP03044,Kavya Joshi,58,Female,PhD,Legal,Litigation Associate,27.0,13,3,MNC,Tier 2,Nagpur,4.5,7500000
EMP03045,Vivaan Thakur,29,Male,Bachelor's,IT,Data Scientist,5.6,3,1,MNC,Tier 2,Ahmedabad,2.1,1199000
EMP03046,Mohit Mehta,43,Male,Bachelor's,Operations,Operations Manager,15.6,8,3,Startup,Tier 2,Indore,5.0,1686000
EMP03047,Nikhil Sharma,22,Male,Master's,Education,Dean,0.0,2,1,Startup,Tier 1,Pune,3.9,404000
EMP03048,Simran Saxena,47,Female,Bachelor's,Healthcare,Public Health Specialist,14.8,10,1,Enterprise,Tier 3,Ranchi,1.9,2434000
EMP03049,Karan Kumar,43,Male,Bachelor's,Marketing,Digital Marketing Analyst,11.1,3,1,SME,Tier 1,Delhi,3.9,1665000
EMP03050,Sneha Malik,35,Female,Bachelor's,Healthcare,Radiologist,11.3,8,1,MNC,Tier 2,Jaipur,2.2,2402000
EMP03051,Ishaan Saxena,50,Male,Master's,HR,HR Manager,19.0,9,0,MNC,Tier 2,Lucknow,4.5,2867000
EMP03052,Vikram Gupta,58,Male,Master's,Legal,Patent Attorney,35.9,8,5,Enterprise,Tier 2,Ahmedabad,4.4,7500000
EMP03053,Arjun Kapoor,27,Male,Bachelor's,Healthcare,Hospital Administrator,4.0,4,1,SME,Tier 2,Lucknow,4.2,871000
EMP03054,Ira Kumar,44,Female,Master's,Engineering,Site Engineer,13.2,4,1,SME,Tier 1,Kolkata,4.6,2554000
EMP03055,Rohan Kapoor,22,Male,Bachelor's,Sales,Account Executive,0.0,3,0,MNC,Tier 1,Chennai,2.5,460000
EMP03056,Amit Iyer,48,Male,Master's,Finance,Investment Banker,20.9,3,2,MNC,Tier 2,Kochi,2.2,3535000
EMP03057,Ayaan Singh,58,Male,Bachelor's,Legal,Legal Analyst,23.9,6,2,SME,Tier 3,Bhopal,3.5,3439000
EMP03058,Suresh Mehta,47,Male,Master's,Engineering,Chemical Engineer,25.0,2,3,SME,Tier 1,Mumbai,4.3,5275000
EMP03059,Ankit Gupta,46,Male,Bachelor's,Legal,In-House Counsel,16.5,2,2,MNC,Tier 2,Jaipur,2.2,2751000
EMP03060,Bhavna Deshpande,34,Female,Master's,Legal,Compliance Manager,8.4,4,0,SME,Tier 2,Lucknow,4.2,1854000
EMP03061,Swati Kapoor,56,Female,Bachelor's,Legal,Litigation Associate,28.2,7,2,SME,Tier 2,Indore,4.2,5479000
EMP03062,Sai Saxena,46,Male,Master's,Operations,Supply Chain Analyst,13.9,4,3,Startup,Tier 2,Kochi,2.4,1590000
EMP03063,Diya Reddy,30,Female,Bachelor's,Operations,Procurement Manager,4.8,4,1,Startup,Tier 1,Hyderabad,4.2,830000
EMP03064,Pooja Gupta,45,Female,Bachelor's,Finance,Investment Banker,19.5,3,2,Startup,Tier 2,Chandigarh,1.7,1972000
EMP03065,Meera Deshpande,27,Female,Bachelor's,Education,Education Consultant,3.0,2,0,SME,Tier 1,Bangalore,3.9,504000
EMP03066,Mohit Agarwal,23,Male,Master's,Engineering,Chemical Engineer,0.0,2,0,MNC,Tier 3,Patna,3.6,453000
EMP03067,Ayaan Chatterjee,31,Male,Bachelor's,Legal,In-House Counsel,6.5,2,1,MNC,Tier 1,Pune,4.7,2277000
EMP03068,Pooja Rao,32,Female,Bachelor's,HR,Payroll Specialist,4.9,4,1,SME,Tier 2,Lucknow,4.6,745000
EMP03069,Manish Sharma,29,Male,PhD,Education,Professor,3.9,2,1,SME,Tier 2,Nagpur,4.8,880000
EMP03070,Aarav Kapoor,43,Male,Bachelor's,IT,Full Stack Developer,15.1,3,0,MNC,Tier 2,Indore,4.4,3159000
EMP03071,Mohit Iyer,38,Male,Bachelor's,Finance,Treasury Analyst,8.1,6,2,MNC,Tier 1,Bangalore,4.4,1829000
EMP03072,Pooja Banerjee,43,Female,Bachelor's,Marketing,Brand Manager,12.3,9,1,SME,Tier 2,Lucknow,2.2,1536000
EMP03073,Arjun Kumar,49,Male,PhD,Healthcare,Clinical Research Associate,12.4,3,1,Startup,Tier 1,Delhi,2.2,2939000
EMP03074,Sneha Nair,40,Female,PhD,IT,Full Stack Developer,17.6,3,2,Startup,Tier 3,Bhopal,2.4,2972000
EMP03075,Vikram Sharma,52,Male,Master's,Operations,Inventory Analyst,14.9,3,2,SME,Tier 2,Ahmedabad,2.3,1745000
EMP03076,Manish Sharma,58,Other,Bachelor's,Education,Instructional Designer,18.3,10,0,SME,Tier 1,Kolkata,2.3,2255000
EMP03077,Reyansh Chopra,50,Male,Master's,Sales,Inside Sales Representative,19.9,6,2,Enterprise,Tier 3,Dehradun,1.9,2995000
EMP03078,Deepak Chopra,56,Male,Bachelor's,HR,HR Business Partner,33.2,13,4,Enterprise,Tier 1,Hyderabad,2.4,5231000
EMP03079,Sara Mehta,52,Female,Bachelor's,Legal,Litigation Associate,17.7,9,1,Startup,Tier 1,Delhi,3.3,3520000
EMP03080,Amit Gupta,27,Male,PhD,Operations,Operations Analyst,2.3,3,1,MNC,Tier 2,Nagpur,4.9,1013000
EMP03081,Sai Chopra,24,Male,Master's,IT,Software Developer,0.6,2,1,SME,Tier 2,Ahmedabad,2.3,605000
EMP03082,Rahul Joshi,24,Male,Bachelor's,Operations,Supply Chain Analyst,1.1,3,1,Enterprise,Tier 1,Bangalore,4.5,750000
EMP03083,Sneha Singh,30,Female,Bachelor's,Marketing,Brand Manager,7.6,2,1,SME,Tier 1,Pune,2.2,848000
EMP03084,Tanvi Rao,42,Female,PhD,Operations,Operations Analyst,7.3,5,0,MNC,Tier 2,Jaipur,3.6,1512000
EMP03085,Anjali Rao,57,Female,Bachelor's,Education,Teaching Assistant,25.3,15,4,Startup,Tier 2,Ahmedabad,4.9,3005000
EMP03086,Vikram Nair,25,Male,Master's,Legal,Litigation Associate,0.7,2,1,MNC,Tier 1,Chennai,3.2,927000
EMP03087,Sneha Pillai,42,Female,PhD,IT,Software Developer,15.9,6,2,Enterprise,Tier 2,Ahmedabad,4.0,5252000
EMP03088,Sara Chopra,23,Female,Master's,IT,Cloud Architect,0.6,2,0,SME,Tier 1,Chennai,2.1,692000
EMP03089,Ayaan Sharma,43,Male,Master's,Finance,Tax Consultant,13.2,3,0,SME,Tier 1,Chennai,3.4,2130000
EMP03090,Simran Malik,32,Female,Bachelor's,Education,Dean,3.6,4,1,MNC,Tier 3,Guwahati,3.3,508000
EMP03091,Rohan Saxena,42,Male,Master's,Sales,Sales Manager,11.7,7,1,SME,Tier 2,Lucknow,3.0,1480000
EMP03092,Suresh Chatterjee,24,Male,Master's,IT,Full Stack Developer,0.2,2,0,SME,Tier 1,Bangalore,1.7,586000
EMP03093,Vihaan Mehta,46,Male,Bachelor's,Sales,Territory Manager,20.9,4,3,Enterprise,Tier 2,Chandigarh,2.3,3207000
EMP03094,Divya Deshpande,31,Female,Bachelor's,Operations,Logistics Coordinator,4.5,3,1,Startup,Tier 1,Pune,4.6,851000
EMP03095,Swati Verma,55,Female,Bachelor's,Marketing,Marketing Manager,22.0,6,4,SME,Tier 3,Mysuru,4.8,2351000
EMP03096,Vihaan Das,50,Male,Bachelor's,Sales,Regional Sales Head,18.8,12,3,Startup,Tier 1,Hyderabad,2.8,3007000
EMP03097,Swati Chatterjee,50,Female,Master's,Education,Curriculum Designer,12.7,2,1,Enterprise,Tier 2,Indore,4.6,2250000
EMP03098,Ankit Kumar,44,Male,PhD,HR,HR Manager,10.5,7,2,MNC,Tier 2,Kochi,3.4,2203000
EMP03099,Pranav Mehta,42,Male,Bachelor's,Healthcare,Medical Lab Technician,12.1,6,1,MNC,Tier 2,Jaipur,3.3,2518000
EMP03100,Vihaan Sharma,40,Male,Bachelor's,IT,Cloud Architect,15.1,6,1,Startup,Tier 1,Chennai,3.8,2827000
EMP03101,Ankit Singh,27,Male,Bachelor's,Education,Lab Instructor,4.9,2,0,MNC,Tier 1,Delhi,3.0,763000
EMP03102,Aadhya Verma,24,Female,Master's,HR,Talent Acquisition Lead,1.1,2,0,Startup,Tier 2,Ahmedabad,4.6,482000
EMP03103,Isha Verma,46,Female,Bachelor's,HR,HRIS Analyst,13.4,8,2,MNC,Tier 3,Guwahati,4.4,1791000
EMP03104,Isha Nair,47,Female,Bachelor's,Marketing,Market Research Analyst,14.7,4,1,SME,Tier 1,Chennai,4.7,2440000
EMP03105,Vivaan Pillai,36,Male,Bachelor's,Finance,Auditor,12.8,4,1,SME,Tier 2,Nagpur,3.6,1704000
EMP03106,Meera Banerjee,37,Female,Master's,IT,Software Developer,12.2,6,1,SME,Tier 3,Guwahati,3.4,1966000
EMP03107,Gaurav Thakur,56,Male,Master's,Engineering,Quality Engineer,26.6,15,2,Startup,Tier 1,Chennai,2.8,4268000
EMP03108,Aadhya Mishra,54,Female,PhD,Marketing,SEO Specialist,22.5,2,4,MNC,Tier 1,Hyderabad,4.9,6827000
EMP03109,Shreya Singh,36,Other,Master's,Marketing,Growth Hacker,6.9,6,0,MNC,Tier 2,Chandigarh,1.7,1151000
EMP03110,Rohan Iyer,48,Male,Bachelor's,Healthcare,Physiotherapist,17.6,3,1,Enterprise,Tier 1,Mumbai,1.9,3516000
EMP03111,Nikhil Malik,47,Male,Bachelor's,Healthcare,Public Health Specialist,15.6,9,2,SME,Tier 1,Chennai,1.7,2714000
EMP03112,Anjali Chopra,50,Female,Bachelor's,Marketing,Brand Manager,13.4,7,3,Startup,Tier 1,Delhi,2.1,1555000
EMP03113,Aanya Iyer,38,Female,Bachelor's,Engineering,Project Manager,6.4,4,1,MNC,Tier 1,Hyderabad,2.4,1263000
EMP03114,Swati Agarwal,54,Other,Master's,Healthcare,Public Health Specialist,30.2,8,5,MNC,Tier 2,Chandigarh,2.4,6932000
EMP03115,Swati Singh,36,Female,PhD,Legal,In-House Counsel,4.4,5,1,Startup,Tier 2,Nagpur,3.4,1339000
EMP03116,Ayaan Chopra,47,Male,PhD,Healthcare,Hospital Administrator,23.4,9,3,Startup,Tier 3,Ranchi,3.8,5287000
EMP03117,Vikram Iyer,39,Male,Bachelor's,Healthcare,Radiologist,13.8,5,2,Startup,Tier 1,Delhi,2.7,2434000
EMP03118,Reyansh Kumar,49,Male,Master's,Finance,Risk Analyst,19.3,3,2,SME,Tier 3,Raipur,3.8,2522000
EMP03119,Arjun Bhat,45,Male,Master's,Legal,Legal Analyst,8.6,5,2,MNC,Tier 1,Delhi,3.8,3177000
EMP03120,Sai Saxena,22,Male,Bachelor's,Legal,Legal Advisor,0.0,2,0,SME,Tier 2,Lucknow,3.8,501000
EMP03121,Nikhil Singh,37,Male,Bachelor's,Legal,Paralegal,9.8,3,0,Enterprise,Tier 1,Hyderabad,4.7,2824000
EMP03122,Ishaan Das,43,Male,PhD,Sales,Account Executive,15.3,6,3,MNC,Tier 1,Kolkata,3.1,3927000
EMP03123,Ankit Kumar,58,Male,Bachelor's,Operations,Facility Manager,19.9,3,1,SME,Tier 1,Hyderabad,2.0,2427000
EMP03124,Simran Deshpande,47,Female,Bachelor's,HR,HRIS Analyst,24.5,2,2,SME,Tier 2,Ahmedabad,3.8,2552000
EMP03125,Sai Verma,34,Male,Bachelor's,Finance,Risk Analyst,11.0,5,1,MNC,Tier 1,Delhi,1.6,1890000
EMP03126,Ankit Thakur,36,Male,Bachelor's,Finance,Tax Consultant,12.2,3,2,Startup,Tier 1,Delhi,3.4,1962000
EMP03127,Ayaan Das,30,Male,Bachelor's,Finance,Treasury Analyst,3.3,4,1,Enterprise,Tier 1,Delhi,2.5,878000
EMP03128,Priya Mishra,52,Female,Bachelor's,Finance,Tax Consultant,21.2,6,0,Enterprise,Tier 2,Jaipur,1.6,3571000
EMP03129,Vikram Sharma,54,Male,Bachelor's,Healthcare,Medical Lab Technician,26.9,7,0,SME,Tier 1,Bangalore,2.9,5572000
EMP03130,Rahul Kumar,41,Other,Master's,Legal,In-House Counsel,14.5,4,1,Enterprise,Tier 3,Bhopal,3.7,3115000
EMP03131,Kritika Kumar,49,Female,PhD,Finance,Risk Analyst,16.1,8,1,Startup,Tier 2,Jaipur,1.8,2563000
EMP03132,Tanvi Mishra,53,Female,PhD,IT,QA Engineer,15.0,10,0,Startup,Tier 3,Dehradun,3.7,2633000
EMP03133,Vikram Pillai,47,Male,Bachelor's,Education,Professor,24.7,5,3,MNC,Tier 2,Kochi,4.8,3000000
EMP03134,Sara Singh,40,Female,Bachelor's,Marketing,PR Specialist,17.8,2,3,Startup,Tier 1,Bangalore,3.5,2516000
EMP03135,Aarav Chopra,31,Male,Bachelor's,IT,Full Stack Developer,8.0,7,2,SME,Tier 1,Mumbai,3.2,1734000
EMP03136,Sakshi Joshi,53,Female,Bachelor's,Education,Teaching Assistant,24.4,13,4,MNC,Tier 2,Jaipur,2.3,3199000
EMP03137,Pranav Singh,43,Male,PhD,Healthcare,Public Health Specialist,18.1,5,1,Startup,Tier 2,Indore,2.1,3960000
EMP03138,Neha Verma,29,Female,Bachelor's,Marketing,Growth Hacker,5.3,4,1,MNC,Tier 1,Bangalore,3.7,1052000
EMP03139,Amit Joshi,45,Male,Master's,Legal,In-House Counsel,9.3,5,2,MNC,Tier 2,Indore,4.9,2964000
EMP03140,Ira Banerjee,48,Female,PhD,Sales,Sales Engineer,17.6,7,2,Enterprise,Tier 2,Indore,1.6,3584000
EMP03141,Shreya Thakur,37,Female,Bachelor's,Education,Professor,5.6,5,1,Enterprise,Tier 2,Jaipur,4.1,1002000
EMP03142,Arjun Singh,26,Male,Master's,Education,Instructional Designer,2.8,2,1,Startup,Tier 1,Pune,4.2,525000
EMP03143,Swati Das,38,Female,Bachelor's,IT,Data Scientist,9.1,2,0,Enterprise,Tier 2,Lucknow,2.6,1731000
EMP03144,Vikram Patel,33,Male,Master's,Engineering,Mechanical Engineer,8.3,3,0,Enterprise,Tier 2,Lucknow,4.2,1810000
EMP03145,Ayaan Nair,29,Male,Bachelor's,HR,HR Manager,6.5,3,0,Startup,Tier 1,Mumbai,3.9,883000
EMP03146,Rajesh Joshi,42,Male,Bachelor's,HR,HR Manager,12.0,3,2,MNC,Tier 2,Jaipur,3.4,1597000
EMP03147,Kritika Sharma,22,Female,Master's,Education,Lab Instructor,0.0,2,1,Startup,Tier 1,Bangalore,2.8,315000
EMP03148,Mohit Das,37,Male,Bachelor's,HR,Recruiter,7.8,2,0,MNC,Tier 3,Raipur,4.2,830000
EMP03149,Vihaan Verma,47,Male,Bachelor's,Engineering,Mechanical Engineer,12.9,4,0,SME,Tier 1,Hyderabad,2.5,1772000
EMP03150,Swati Verma,45,Female,Bachelor's,Legal,Legal Analyst,12.1,4,2,SME,Tier 2,Kochi,4.5,2194000
EMP03151,Ankit Deshpande,44,Male,Bachelor's,Finance,Tax Consultant,15.9,10,0,SME,Tier 2,Nagpur,2.4,2233000
EMP03152,Vihaan Mehta,29,Male,Bachelor's,HR,Training Coordinator,5.5,2,0,SME,Tier 3,Ranchi,5.0,602000
EMP03153,Meera Malik,35,Female,Bachelor's,Marketing,PR Specialist,5.1,5,1,Startup,Tier 3,Bhopal,3.9,437000
EMP03154,Rohan Joshi,42,Male,Master's,Sales,Inside Sales Representative,13.2,2,0,SME,Tier 3,Guwahati,4.9,1613000
EMP03155,Mohit Banerjee,27,Male,Bachelor's,Engineering,Civil Engineer,1.4,2,0,Startup,Tier 1,Bangalore,3.4,490000
EMP03156,Isha Pillai,27,Female,Bachelor's,IT,Frontend Developer,4.8,5,1,SME,Tier 3,Ranchi,1.5,574000
EMP03157,Aditya Agarwal,42,Male,Bachelor's,Healthcare,Radiologist,16.7,9,1,Enterprise,Tier 1,Hyderabad,4.5,4860000
EMP03158,Manish Saxena,33,Male,Bachelor's,Finance,Accountant,5.4,5,1,Enterprise,Tier 2,Ahmedabad,2.0,1086000
EMP03159,Anjali Kumar,30,Female,Bachelor's,IT,QA Engineer,7.4,4,0,MNC,Tier 2,Ahmedabad,4.7,1891000
EMP03160,Vivaan Nair,55,Male,Master's,Operations,Process Improvement Analyst,15.4,7,1,SME,Tier 3,Dehradun,2.9,1710000
EMP03161,Manish Rao,40,Male,Bachelor's,Education,Academic Counselor,15.4,5,0,Enterprise,Tier 2,Chandigarh,3.5,1816000
EMP03162,Vikram Verma,42,Male,Master's,HR,Recruiter,8.2,3,1,Enterprise,Tier 3,Bhopal,4.8,1352000
EMP03163,Pooja Bhat,49,Female,Master's,Marketing,SEO Specialist,23.0,2,3,MNC,Tier 3,Bhopal,3.7,3126000
EMP03164,Rajesh Agarwal,42,Male,Bachelor's,Engineering,Mechanical Engineer,9.3,6,0,Enterprise,Tier 1,Kolkata,3.9,1987000
EMP03165,Neha Bhat,40,Female,Bachelor's,Legal,Compliance Manager,9.6,7,0,SME,Tier 2,Indore,4.5,1726000
EMP03166,Vikram Deshpande,52,Male,Bachelor's,Engineering,Process Engineer,26.1,4,2,MNC,Tier 1,Pune,4.4,4614000
EMP03167,Rohan Verma,38,Male,PhD,Operations,Procurement Manager,10.2,2,2,Startup,Tier 1,Hyderabad,3.4,1828000
EMP03168,Neha Bhat,23,Female,Master's,Education,Research Associate,0.6,3,1,Startup,Tier 1,Chennai,2.0,368000
EMP03169,Krishna Malik,31,Male,Bachelor's,Sales,Sales Manager,5.1,3,0,SME,Tier 1,Kolkata,1.8,742000
EMP03170,Neha Verma,46,Female,Bachelor's,Legal,In-House Counsel,19.0,11,0,MNC,Tier 2,Indore,4.1,4361000
EMP03171,Nikhil Reddy,27,Male,Master's,Healthcare,Nurse,2.3,4,1,MNC,Tier 3,Patna,4.2,710000
EMP03172,Ira Nair,27,Female,Bachelor's,Engineering,Quality Engineer,2.7,3,0,MNC,Tier 2,Lucknow,3.3,771000
EMP03173,Manish Das,29,Male,Bachelor's,Legal,Legal Advisor,6.8,4,0,Startup,Tier 2,Ahmedabad,3.8,1052000
EMP03174,Arjun Reddy,42,Male,Master's,Marketing,PR Specialist,18.2,4,0,MNC,Tier 1,Bangalore,1.5,3069000
EMP03175,Vivaan Malik,37,Male,Master's,HR,Recruiter,8.4,6,1,Startup,Tier 2,Chandigarh,2.0,835000
EMP03176,Ankit Mehta,58,Male,Bachelor's,Education,Academic Counselor,35.0,12,0,Enterprise,Tier 2,Chandigarh,3.9,3865000
EMP03177,Divya Rao,53,Female,Master's,Operations,Procurement Manager,19.8,12,1,SME,Tier 2,Chandigarh,3.1,2575000
EMP03178,Gaurav Bhat,28,Male,Bachelor's,Finance,Investment Banker,3.9,2,0,SME,Tier 1,Kolkata,1.8,719000
EMP03179,Aadhya Singh,23,Female,Bachelor's,Marketing,Social Media Manager,0.9,2,0,Enterprise,Tier 1,Chennai,2.5,615000
EMP03180,Manish Joshi,28,Male,Bachelor's,Healthcare,Pharmacist,1.9,2,0,MNC,Tier 2,Kochi,4.1,719000
EMP03181,Sneha Verma,58,Female,Bachelor's,Operations,Supply Chain Analyst,21.0,2,4,Enterprise,Tier 2,Ahmedabad,4.9,4082000
EMP03182,Suresh Patel,29,Male,Bachelor's,Finance,Portfolio Manager,6.0,6,0,Startup,Tier 2,Kochi,1.5,761000
EMP03183,Meera Reddy,50,Other,Bachelor's,Finance,Treasury Analyst,15.7,9,2,SME,Tier 2,Kochi,4.3,2333000
EMP03184,Divya Sharma,34,Female,Bachelor's,HR,Payroll Specialist,11.1,8,0,MNC,Tier 1,Pune,2.2,1518000
EMP03185,Krishna Mishra,39,Male,Bachelor's,HR,Talent Acquisition Lead,9.8,2,1,Enterprise,Tier 3,Bhopal,1.6,851000
EMP03186,Kavya Mehta,54,Female,Bachelor's,Marketing,Digital Marketing Analyst,23.9,3,0,MNC,Tier 1,Chennai,4.3,4603000
EMP03187,Simran Nair,55,Female,PhD,IT,DevOps Engineer,27.7,10,2,SME,Tier 2,Kochi,4.2,6520000
EMP03188,Priya Rao,44,Other,Bachelor's,Finance,Tax Consultant,14.5,6,0,SME,Tier 3,Patna,2.3,1539000
EMP03189,Manish Sharma,46,Male,Bachelor's,Legal,Corporate Lawyer,19.0,12,3,SME,Tier 3,Bhopal,1.8,2792000
EMP03190,Aanya Saxena,49,Female,Master's,Finance,Treasury Analyst,16.0,5,0,MNC,Tier 2,Indore,1.9,3112000
EMP03191,Ankit Verma,36,Male,Bachelor's,Operations,Supply Chain Analyst,13.8,2,1,SME,Tier 2,Lucknow,1.6,1238000
EMP03192,Pranav Mishra,30,Male,Master's,IT,Backend Developer,7.9,4,2,Startup,Tier 2,Nagpur,1.8,1353000
EMP03193,Krishna Malik,41,Male,Bachelor's,Engineering,Process Engineer,10.6,5,0,Startup,Tier 3,Ranchi,1.7,996000
EMP03194,Rohan Kumar,58,Male,Master's,IT,Full Stack Developer,30.0,5,3,MNC,Tier 3,Raipur,3.7,5223000
EMP03195,Karan Patel,24,Male,Master's,Legal,In-House Counsel,1.6,2,0,SME,Tier 3,Ranchi,1.5,426000
EMP03196,Reyansh Mishra,48,Other,Bachelor's,HR,HR Business Partner,15.8,7,3,Enterprise,Tier 2,Indore,3.4,1974000
EMP03197,Gaurav Malik,38,Male,Bachelor's,Healthcare,Doctor,15.7,6,0,Enterprise,Tier 2,Jaipur,4.9,4293000
EMP03198,Kritika Agarwal,42,Female,Bachelor's,HR,HR Manager,14.8,4,0,Startup,Tier 1,Hyderabad,4.3,1454000
EMP03199,Tanvi Agarwal,37,Female,Bachelor's,IT,Data Scientist,7.6,4,2,Startup,Tier 3,Ranchi,4.1,1004000
EMP03200,Amit Bhat,52,Male,Bachelor's,Finance,Auditor,26.3,6,3,SME,Tier 2,Jaipur,4.9,4586000
EMP03201,Ishaan Verma,23,Male,Bachelor's,Engineering,Structural Engineer,0.8,3,1,SME,Tier 2,Chandigarh,4.1,506000
EMP03202,Karan Chatterjee,32,Male,Bachelor's,IT,Backend Developer,10.0,6,2,MNC,Tier 3,Dehradun,3.0,1663000
EMP03203,Vikram Verma,27,Male,PhD,Sales,Sales Manager,3.5,4,1,MNC,Tier 1,Chennai,1.9,1141000
EMP03204,Diya Banerjee,44,Female,Bachelor's,Education,Professor,16.2,3,2,MNC,Tier 2,Chandigarh,2.3,1862000
EMP03205,Aarav Malik,26,Male,Master's,HR,Recruiter,2.5,4,1,SME,Tier 3,Mysuru,4.2,474000
EMP03206,Riya Reddy,28,Female,Master's,Marketing,Content Writer,4.2,2,1,SME,Tier 1,Delhi,2.6,830000
EMP03207,Vikram Pillai,38,Male,PhD,HR,Employee Relations Specialist,11.5,4,1,MNC,Tier 2,Kochi,4.7,2229000
EMP03208,Ankit Joshi,27,Male,PhD,Sales,Sales Engineer,0.9,2,0,Enterprise,Tier 2,Nagpur,3.1,744000
EMP03209,Gaurav Agarwal,39,Male,Master's,Operations,Logistics Coordinator,14.5,9,2,Enterprise,Tier 1,Pune,2.4,3340000
EMP03210,Anjali Mishra,41,Female,Bachelor's,IT,Cybersecurity Analyst,15.1,8,2,Enterprise,Tier 3,Ranchi,4.6,3096000
EMP03211,Rajesh Kumar,40,Male,Master's,Sales,Territory Manager,12.7,9,0,SME,Tier 2,Indore,4.3,2300000
EMP03212,Krishna Mishra,52,Male,PhD,Legal,In-House Counsel,12.8,5,1,Enterprise,Tier 1,Chennai,1.8,3948000
EMP03213,Vihaan Das,30,Male,Master's,Operations,Fleet Manager,3.1,3,1,SME,Tier 2,Ahmedabad,4.1,839000
EMP03214,Aanya Mishra,29,Female,Master's,Education,Research Associate,3.0,3,0,SME,Tier 2,Kochi,2.2,555000
EMP03215,Rajesh Rao,22,Male,Bachelor's,Education,Lab Instructor,0.0,3,1,MNC,Tier 1,Delhi,4.5,471000
EMP03216,Reyansh Kapoor,48,Male,Bachelor's,HR,HR Business Partner,22.8,9,3,Enterprise,Tier 3,Ranchi,1.6,2644000
EMP03217,Nisha Verma,30,Female,PhD,IT,Data Scientist,3.5,3,1,MNC,Tier 1,Pune,4.2,1621000
EMP03218,Divya Mehta,51,Female,Master's,Healthcare,Physiotherapist,18.3,12,1,SME,Tier 3,Ranchi,4.8,3706000
EMP03219,Rahul Mehta,43,Male,Master's,Legal,Contract Specialist,20.2,12,3,SME,Tier 3,Guwahati,2.5,3381000
EMP03220,Harsh Mehta,23,Male,PhD,Education,Academic Counselor,0.8,3,0,SME,Tier 2,Lucknow,3.3,497000
EMP03221,Bhavna Kumar,52,Female,Bachelor's,Education,Dean,28.0,9,0,Enterprise,Tier 2,Chandigarh,4.4,3459000
EMP03222,Simran Bhat,49,Female,Master's,IT,Frontend Developer,17.3,8,0,MNC,Tier 1,Hyderabad,3.0,4946000
EMP03223,Neha Thakur,33,Female,Master's,Operations,Warehouse Manager,4.2,4,0,Startup,Tier 2,Nagpur,2.9,747000
EMP03224,Rahul Nair,52,Male,Bachelor's,Legal,In-House Counsel,17.4,6,3,Startup,Tier 3,Raipur,5.0,2800000
EMP03225,Riya Reddy,49,Female,Master's,IT,Cloud Architect,23.7,7,4,Startup,Tier 1,Hyderabad,3.6,5700000
EMP03226,Suresh Rao,55,Male,Bachelor's,Operations,Operations Analyst,17.1,2,3,MNC,Tier 1,Mumbai,2.2,2371000
EMP03227,Simran Joshi,23,Female,Bachelor's,Legal,Patent Attorney,0.2,3,0,MNC,Tier 1,Delhi,1.8,535000
EMP03228,Harsh Banerjee,58,Male,Master's,Operations,Facility Manager,17.5,4,2,SME,Tier 1,Bangalore,1.7,2725000
EMP03229,Arjun Thakur,51,Male,PhD,Finance,Auditor,19.1,7,2,Startup,Tier 1,Bangalore,1.6,3883000
EMP03230,Ayaan Mishra,25,Male,PhD,Operations,Inventory Analyst,3.0,4,1,MNC,Tier 1,Bangalore,3.5,1228000
EMP03231,Ira Thakur,35,Female,Master's,Education,Curriculum Designer,11.9,6,2,SME,Tier 1,Kolkata,3.2,1659000
EMP03232,Pranav Bhat,42,Male,Bachelor's,Marketing,Marketing Manager,17.8,4,3,SME,Tier 1,Pune,1.8,1827000
EMP03233,Reyansh Gupta,47,Male,Bachelor's,IT,Full Stack Developer,15.6,4,3,SME,Tier 2,Chandigarh,4.5,2589000
EMP03234,Pooja Agarwal,54,Female,Bachelor's,Legal,Paralegal,21.1,10,3,MNC,Tier 2,Lucknow,4.1,6205000
EMP03235,Anjali Mishra,39,Female,Master's,Finance,Investment Banker,15.3,8,3,Startup,Tier 2,Chandigarh,3.2,2208000
EMP03236,Suresh Gupta,25,Male,Bachelor's,Legal,Contract Specialist,2.1,2,1,Enterprise,Tier 3,Dehradun,2.6,680000
EMP03237,Pooja Singh,42,Female,Bachelor's,Finance,Compliance Officer,8.6,2,1,Startup,Tier 1,Mumbai,3.1,1397000
EMP03238,Aditya Kumar,39,Male,Bachelor's,Marketing,PR Specialist,7.1,3,1,SME,Tier 2,Jaipur,2.5,752000
EMP03239,Rahul Mehta,23,Male,Bachelor's,Marketing,Social Media Manager,0.2,2,0,Startup,Tier 1,Delhi,3.3,367000
EMP03240,Karan Nair,27,Male,Master's,Legal,Corporate Lawyer,3.5,4,0,Enterprise,Tier 2,Chandigarh,3.5,1457000
EMP03241,Karan Chatterjee,48,Male,PhD,Legal,Compliance Manager,10.1,2,2,Enterprise,Tier 3,Mysuru,4.9,3092000
EMP03242,Reyansh Nair,52,Male,Master's,IT,Data Scientist,27.1,15,0,Startup,Tier 3,Ranchi,3.5,4956000
EMP03243,Aditya Thakur,32,Male,PhD,Healthcare,Hospital Administrator,2.1,2,1,Startup,Tier 2,Chandigarh,2.4,587000
EMP03244,Meera Banerjee,25,Female,Bachelor's,Education,Lecturer,2.9,3,0,SME,Tier 2,Nagpur,2.5,455000
EMP03245,Aditya Thakur,23,Male,PhD,IT,Backend Developer,0.3,2,1,MNC,Tier 3,Guwahati,1.9,572000
EMP03246,Tanvi Bhat,48,Female,Bachelor's,Healthcare,Dentist,17.1,5,2,MNC,Tier 3,Dehradun,5.0,3660000
EMP03247,Meera Verma,42,Female,Bachelor's,Sales,Inside Sales Representative,12.5,7,1,SME,Tier 3,Patna,2.1,1162000
EMP03248,Krishna Deshpande,25,Male,Bachelor's,HR,HR Generalist,1.2,2,1,SME,Tier 1,Mumbai,4.1,477000
EMP03249,Manish Rao,28,Male,Master's,HR,HR Generalist,3.3,2,1,Startup,Tier 3,Bhopal,4.8,532000
EMP03250,Isha Mehta,44,Female,PhD,IT,ML Engineer,10.4,5,2,MNC,Tier 3,Ranchi,4.6,2333000
EMP03251,Gaurav Joshi,27,Male,PhD,HR,Training Coordinator,3.1,3,0,MNC,Tier 2,Indore,1.6,795000
EMP03252,Harsh Chatterjee,24,Male,Bachelor's,Finance,Risk Analyst,0.9,3,0,SME,Tier 1,Chennai,4.8,650000
EMP03253,Ishaan Kumar,38,Male,Bachelor's,Operations,Operations Analyst,7.2,3,0,SME,Tier 1,Chennai,1.8,962000
EMP03254,Aadhya Das,56,Female,Bachelor's,HR,Compensation Analyst,23.1,11,3,Startup,Tier 3,Raipur,4.1,2261000
EMP03255,Riya Das,28,Female,Master's,Education,Curriculum Designer,0.7,3,0,SME,Tier 1,Hyderabad,3.0,458000
EMP03256,Karan Chatterjee,29,Male,Master's,Sales,Sales Manager,0.5,3,1,MNC,Tier 1,Delhi,4.9,721000
EMP03257,Vikram Singh,55,Male,Master's,Legal,Litigation Associate,29.1,8,3,SME,Tier 2,Kochi,4.0,6159000
EMP03258,Sara Thakur,36,Female,Bachelor's,Finance,Auditor,6.8,6,0,Startup,Tier 1,Bangalore,4.1,1157000
EMP03259,Divya Nair,34,Female,Bachelor's,Legal,Patent Attorney,10.3,2,2,MNC,Tier 1,Kolkata,4.2,3089000
EMP03260,Rajesh Iyer,40,Male,Master's,Engineering,Site Engineer,14.8,10,0,Startup,Tier 2,Lucknow,2.7,2237000
EMP03261,Arjun Verma,56,Male,Bachelor's,Finance,Financial Analyst,31.3,10,0,Startup,Tier 2,Indore,1.6,2977000
EMP03262,Amit Bhat,32,Male,Master's,Engineering,Chemical Engineer,5.7,3,1,Enterprise,Tier 2,Kochi,1.9,1231000
EMP03263,Karan Banerjee,26,Male,Bachelor's,Engineering,Electrical Engineer,3.9,3,1,MNC,Tier 1,Pune,4.1,1056000
EMP03264,Vivaan Kumar,45,Male,Bachelor's,Engineering,Process Engineer,16.1,4,0,MNC,Tier 1,Pune,2.5,2906000
EMP03265,Pranav Sharma,46,Male,Master's,IT,Cybersecurity Analyst,15.6,9,1,MNC,Tier 3,Mysuru,3.5,3219000
EMP03266,Divya Reddy,40,Female,Master's,IT,Software Developer,13.7,8,3,SME,Tier 1,Delhi,5.0,4561000
EMP03267,Mohit Saxena,58,Other,Bachelor's,IT,Software Developer,21.5,2,1,MNC,Tier 1,Kolkata,4.0,4705000
EMP03268,Pranav Chopra,53,Male,Master's,Engineering,Structural Engineer,23.0,12,1,SME,Tier 2,Jaipur,2.5,3504000
EMP03269,Suresh Verma,42,Male,Master's,Marketing,Marketing Manager,10.4,2,0,SME,Tier 2,Jaipur,2.1,1253000
EMP03270,Krishna Chatterjee,29,Male,PhD,IT,Software Developer,2.6,4,0,Enterprise,Tier 1,Chennai,3.4,1732000
EMP03271,Ira Mehta,41,Other,Bachelor's,Sales,Pre-Sales Consultant,16.4,10,2,Startup,Tier 1,Hyderabad,2.1,2062000
EMP03272,Rohan Sharma,50,Male,Bachelor's,Education,Academic Counselor,14.9,7,1,Enterprise,Tier 1,Delhi,4.4,2358000
EMP03273,Diya Reddy,43,Female,Bachelor's,Legal,Legal Advisor,9.6,5,2,MNC,Tier 2,Nagpur,2.7,2152000
EMP03274,Diya Reddy,29,Female,Master's,HR,Recruiter,3.8,3,0,MNC,Tier 1,Mumbai,4.9,1186000
EMP03275,Ananya Rao,38,Female,Master's,IT,Backend Developer,13.1,7,0,SME,Tier 2,Nagpur,2.2,2073000
EMP03276,Myra Rao,48,Female,Master's,Healthcare,Radiologist,19.0,11,2,SME,Tier 2,Nagpur,3.6,5111000
EMP03277,Arjun Agarwal,45,Male,Bachelor's,Marketing,Campaign Manager,10.2,2,1,SME,Tier 1,Mumbai,3.0,1490000
EMP03278,Vihaan Reddy,52,Male,Bachelor's,HR,HRIS Analyst,14.5,7,0,MNC,Tier 3,Dehradun,3.5,1488000
EMP03279,Meera Joshi,35,Female,PhD,Education,Academic Counselor,4.3,4,1,MNC,Tier 2,Nagpur,2.5,924000
EMP03280,Shreya Deshpande,29,Other,Bachelor's,Sales,Channel Partner Manager,3.3,2,1,SME,Tier 1,Kolkata,4.8,825000
EMP03281,Karan Chopra,57,Male,Master's,Engineering,Chemical Engineer,19.4,12,0,Startup,Tier 1,Bangalore,4.3,3472000
EMP03282,Ayaan Saxena,55,Male,Bachelor's,Marketing,SEO Specialist,26.7,8,0,MNC,Tier 1,Chennai,4.0,4695000
EMP03283,Sneha Sharma,38,Female,Bachelor's,HR,Compensation Analyst,13.7,8,3,SME,Tier 1,Mumbai,4.3,1683000
EMP03284,Riya Verma,32,Female,Bachelor's,Legal,In-House Counsel,7.2,5,0,SME,Tier 1,Bangalore,4.9,1958000
EMP03285,Nikhil Verma,57,Male,Master's,Healthcare,Medical Lab Technician,18.4,2,3,Startup,Tier 2,Kochi,3.4,3125000
EMP03286,Mohit Verma,51,Male,Bachelor's,Sales,Regional Sales Head,14.8,2,3,MNC,Tier 1,Chennai,4.8,3399000
EMP03287,Anjali Bhat,26,Female,Master's,Sales,Channel Partner Manager,1.5,2,1,MNC,Tier 3,Mysuru,4.3,533000
EMP03288,Anjali Gupta,32,Female,Bachelor's,IT,Backend Developer,8.1,3,1,Startup,Tier 2,Ahmedabad,2.6,1114000
EMP03289,Meera Thakur,26,Female,Master's,Operations,Logistics Coordinator,0.6,3,0,MNC,Tier 2,Ahmedabad,5.0,597000
EMP03290,Reyansh Singh,24,Male,Master's,Sales,Sales Engineer,0.5,2,1,Enterprise,Tier 1,Chennai,5.0,752000
EMP03291,Aadhya Iyer,56,Female,Bachelor's,HR,Employee Relations Specialist,32.1,7,4,SME,Tier 2,Indore,3.7,3673000
EMP03292,Sai Singh,35,Male,Bachelor's,Sales,Sales Manager,8.1,5,2,MNC,Tier 1,Delhi,4.7,1428000
EMP03293,Swati Rao,41,Female,Bachelor's,IT,ML Engineer,13.2,2,2,SME,Tier 2,Indore,4.2,2461000
EMP03294,Priya Malik,28,Female,Bachelor's,Sales,Pre-Sales Consultant,3.5,3,0,SME,Tier 3,Dehradun,3.4,486000
EMP03295,Priya Bhat,50,Female,Bachelor's,Finance,Auditor,25.1,3,3,MNC,Tier 1,Bangalore,2.4,4388000
EMP03296,Neha Kapoor,38,Female,Bachelor's,Finance,Credit Analyst,15.8,4,3,SME,Tier 3,Ranchi,3.8,1735000
EMP03297,Meera Das,30,Female,Bachelor's,HR,HR Manager,7.5,5,2,SME,Tier 3,Ranchi,4.6,914000
EMP03298,Shreya Malik,50,Female,Bachelor's,Engineering,Electrical Engineer,13.9,9,2,MNC,Tier 1,Bangalore,2.6,2436000
EMP03299,Ishaan Kumar,38,Male,Bachelor's,Engineering,Design Engineer,10.5,6,0,MNC,Tier 1,Hyderabad,2.1,1628000
EMP03300,Aadhya Rao,39,Other,Bachelor's,IT,Data Scientist,9.8,4,0,SME,Tier 1,Kolkata,4.7,2290000
EMP03301,Vikram Agarwal,56,Male,Bachelor's,Marketing,Campaign Manager,17.6,5,3,Startup,Tier 1,Delhi,3.0,2265000
EMP03302,Vikram Patel,58,Male,Bachelor's,Engineering,Civil Engineer,17.2,7,3,SME,Tier 1,Chennai,1.7,2246000
EMP03303,Ira Rao,27,Female,Master's,Operations,Logistics Coordinator,2.1,3,0,MNC,Tier 1,Hyderabad,1.6,723000
EMP03304,Myra Das,48,Female,Master's,Engineering,Mechanical Engineer,19.4,8,0,SME,Tier 2,Kochi,4.7,3128000
EMP03305,Vivaan Chopra,28,Male,Bachelor's,Education,Instructional Designer,5.4,4,1,Enterprise,Tier 3,Patna,1.6,618000
EMP03306,Nikhil Iyer,47,Male,Bachelor's,Legal,Patent Attorney,23.0,12,1,MNC,Tier 1,Kolkata,2.6,6556000
EMP03307,Myra Mehta,57,Female,Master's,Legal,Compliance Manager,15.7,5,1,Startup,Tier 3,Ranchi,4.4,2662000
EMP03308,Swati Singh,24,Female,Master's,IT,ML Engineer,1.4,3,0,Enterprise,Tier 3,Bhopal,2.2,678000
EMP03309,Ananya Bhat,31,Female,Bachelor's,IT,QA Engineer,4.3,3,1,Enterprise,Tier 3,Ranchi,2.4,998000
EMP03310,Sakshi Joshi,48,Female,Bachelor's,Engineering,Project Manager,11.9,4,0,SME,Tier 3,Guwahati,4.5,1333000
EMP03311,Vikram Sharma,32,Male,Bachelor's,Operations,Process Improvement Analyst,4.3,5,1,SME,Tier 2,Kochi,3.2,617000
EMP03312,Gaurav Patel,25,Male,Bachelor's,Finance,Tax Consultant,2.6,2,0,MNC,Tier 1,Pune,1.8,787000
EMP03313,Neha Kapoor,36,Female,Bachelor's,Marketing,Content Writer,10.4,5,1,MNC,Tier 1,Pune,2.5,1942000
EMP03314,Harsh Kumar,41,Male,Bachelor's,Legal,In-House Counsel,12.4,9,2,MNC,Tier 1,Kolkata,1.7,2639000
EMP03315,Sara Malik,30,Other,Bachelor's,Engineering,Structural Engineer,7.5,5,0,MNC,Tier 2,Nagpur,3.3,1251000
EMP03316,Pooja Singh,58,Female,Master's,Engineering,Quality Engineer,28.2,14,5,Enterprise,Tier 1,Chennai,3.5,7500000
EMP03317,Pooja Patel,54,Female,Bachelor's,Operations,Procurement Manager,15.2,6,1,Startup,Tier 2,Ahmedabad,2.7,1480000
EMP03318,Suresh Rao,25,Male,PhD,Healthcare,Hospital Administrator,1.5,2,0,SME,Tier 1,Chennai,3.5,795000
EMP03319,Manish Pillai,38,Male,Bachelor's,Education,Lab Instructor,9.5,2,2,Startup,Tier 2,Chandigarh,2.2,828000
EMP03320,Vivaan Saxena,51,Male,Master's,Sales,Sales Manager,18.8,12,1,Startup,Tier 2,Kochi,2.7,3051000
EMP03321,Priya Mehta,50,Female,Bachelor's,HR,Talent Acquisition Lead,21.9,13,3,SME,Tier 2,Nagpur,1.9,2317000
EMP03322,Aditya Bhat,28,Male,Master's,Healthcare,Radiologist,1.9,2,0,Enterprise,Tier 2,Chandigarh,2.4,713000
EMP03323,Divya Pillai,35,Female,Master's,Legal,Corporate Lawyer,8.1,4,0,SME,Tier 2,Indore,4.0,1602000
EMP03324,Myra Banerjee,35,Female,Bachelor's,Engineering,Electrical Engineer,12.4,5,0,SME,Tier 2,Jaipur,4.9,1847000
EMP03325,Nikhil Verma,38,Male,Master's,IT,Cloud Architect,10.6,8,2,MNC,Tier 1,Chennai,4.7,3942000
EMP03326,Ankit Mehta,32,Male,Master's,Marketing,Campaign Manager,6.7,5,0,SME,Tier 3,Mysuru,3.3,865000
EMP03327,Krishna Singh,56,Male,Master's,Sales,Inside Sales Representative,23.0,13,4,Startup,Tier 1,Pune,2.0,3905000
EMP03328,Diya Das,44,Female,Bachelor's,Operations,Facility Manager,13.1,9,1,SME,Tier 3,Mysuru,4.1,1304000
EMP03329,Vihaan Chatterjee,43,Male,Master's,Marketing,Brand Manager,8.5,7,1,MNC,Tier 2,Jaipur,4.3,1571000
EMP03330,Ishaan Rao,43,Male,Master's,Finance,Treasury Analyst,18.7,3,3,SME,Tier 2,Lucknow,1.9,2959000
EMP03331,Aarav Verma,32,Male,Bachelor's,Engineering,Structural Engineer,7.6,6,1,Enterprise,Tier 3,Guwahati,4.7,1428000
EMP03332,Nisha Verma,22,Female,Bachelor's,Healthcare,Physiotherapist,0.0,2,1,Startup,Tier 2,Jaipur,2.7,242000
EMP03333,Mohit Banerjee,35,Male,Bachelor's,Sales,Territory Manager,9.9,7,0,MNC,Tier 3,Dehradun,2.5,1260000
EMP03334,Riya Deshpande,33,Female,Bachelor's,Sales,Channel Partner Manager,7.1,3,0,Startup,Tier 3,Patna,3.8,709000
EMP03335,Ira Thakur,53,Female,Bachelor's,IT,Cloud Architect,19.2,11,1,MNC,Tier 1,Kolkata,2.5,4889000
EMP03336,Neha Singh,58,Female,Bachelor's,HR,Talent Acquisition Lead,35.4,11,5,SME,Tier 2,Indore,2.2,2849000
EMP03337,Rajesh Saxena,31,Male,Master's,Legal,Legal Advisor,7.8,5,0,MNC,Tier 1,Delhi,1.5,1825000
EMP03338,Rohan Agarwal,29,Male,Master's,Healthcare,Physiotherapist,1.1,2,0,Enterprise,Tier 1,Chennai,3.0,806000
EMP03339,Aarav Rao,44,Male,Master's,HR,HR Business Partner,19.6,7,3,SME,Tier 3,Raipur,2.9,2085000
EMP03340,Karan Agarwal,46,Male,Master's,Finance,Tax Consultant,9.8,4,0,SME,Tier 1,Mumbai,1.5,1867000
EMP03341,Deepak Chatterjee,43,Male,Bachelor's,HR,Payroll Specialist,13.1,8,1,MNC,Tier 3,Guwahati,2.0,1274000
EMP03342,Sneha Joshi,27,Female,Master's,Education,Professor,2.2,3,0,MNC,Tier 3,Patna,2.3,423000
EMP03343,Ishaan Das,33,Male,Bachelor's,Legal,Corporate Lawyer,10.0,8,0,MNC,Tier 3,Ranchi,2.3,1449000
EMP03344,Nisha Nair,22,Female,Bachelor's,HR,Training Coordinator,0.0,2,1,MNC,Tier 1,Pune,3.0,472000
EMP03345,Aadhya Mishra,46,Female,Bachelor's,IT,Cloud Architect,11.6,8,0,SME,Tier 1,Chennai,1.7,1780000
EMP03346,Karan Verma,43,Male,Master's,HR,Recruiter,9.1,7,2,MNC,Tier 2,Ahmedabad,3.6,1792000
EMP03347,Diya Chopra,58,Female,PhD,Engineering,Quality Engineer,15.7,8,0,MNC,Tier 1,Hyderabad,4.4,4621000
EMP03348,Myra Chopra,54,Female,Bachelor's,Sales,Territory Manager,23.7,6,3,SME,Tier 2,Kochi,4.7,4074000
EMP03349,Manish Reddy,51,Male,Bachelor's,Engineering,Process Engineer,24.7,10,3,Enterprise,Tier 1,Delhi,4.7,6776000
EMP03350,Harsh Nair,22,Male,Master's,IT,Cybersecurity Analyst,0.0,2,1,SME,Tier 3,Raipur,5.0,478000
EMP03351,Reyansh Deshpande,35,Male,Bachelor's,Healthcare,Nurse,5.1,4,1,SME,Tier 2,Jaipur,2.5,861000
EMP03352,Pranav Patel,40,Male,Master's,Engineering,Structural Engineer,17.3,3,1,SME,Tier 1,Delhi,1.7,2565000
EMP03353,Deepak Patel,35,Male,Master's,Education,Instructional Designer,7.4,3,1,Enterprise,Tier 1,Bangalore,1.9,1320000
EMP03354,Tanvi Gupta,45,Female,Bachelor's,Finance,Risk Analyst,14.6,2,0,SME,Tier 1,Mumbai,2.6,2125000
EMP03355,Pooja Chopra,38,Female,Bachelor's,Education,Dean,6.6,2,0,MNC,Tier 3,Dehradun,3.5,645000
EMP03356,Kritika Bhat,26,Female,Master's,Healthcare,Radiologist,3.2,4,0,Startup,Tier 2,Ahmedabad,4.9,853000
EMP03357,Vikram Pillai,26,Male,Master's,HR,HR Business Partner,3.4,3,1,Enterprise,Tier 1,Mumbai,3.2,1036000
EMP03358,Arjun Chopra,39,Male,Bachelor's,IT,QA Engineer,15.8,9,0,MNC,Tier 1,Kolkata,3.3,3070000
EMP03359,Shreya Kumar,39,Other,PhD,IT,Backend Developer,12.7,9,1,MNC,Tier 2,Indore,2.6,3620000
EMP03360,Ishaan Sharma,24,Male,Bachelor's,Marketing,SEO Specialist,0.7,3,0,SME,Tier 2,Kochi,3.0,342000
EMP03361,Isha Joshi,41,Female,Master's,Legal,Contract Specialist,9.8,2,2,SME,Tier 3,Ranchi,4.5,1664000
EMP03362,Sara Chatterjee,26,Female,Master's,IT,Data Scientist,0.0,3,0,SME,Tier 3,Mysuru,2.0,313000
EMP03363,Manish Rao,52,Male,Bachelor's,Education,Instructional Designer,18.2,12,1,SME,Tier 1,Chennai,3.8,2035000
EMP03364,Rahul Iyer,34,Male,Master's,HR,HR Generalist,10.1,2,0,MNC,Tier 1,Mumbai,2.6,1480000
EMP03365,Sneha Banerjee,39,Female,Master's,Education,Lecturer,7.9,6,1,Enterprise,Tier 3,Patna,2.0,886000
EMP03366,Sneha Chatterjee,22,Female,Bachelor's,Marketing,Campaign Manager,0.0,2,1,SME,Tier 1,Delhi,2.0,398000
EMP03367,Karan Kumar,39,Other,Bachelor's,Healthcare,Nurse,14.3,7,3,MNC,Tier 3,Ranchi,4.8,2816000
EMP03368,Aarav Rao,34,Male,Master's,Education,Professor,3.1,4,1,Enterprise,Tier 1,Delhi,4.0,993000
EMP03369,Ishaan Pillai,32,Male,Master's,HR,HR Manager,5.8,3,1,Startup,Tier 2,Kochi,3.0,777000
EMP03370,Reyansh Kapoor,50,Male,Bachelor's,Engineering,Electrical Engineer,22.1,7,4,Enterprise,Tier 2,Ahmedabad,1.6,3533000
EMP03371,Rahul Thakur,30,Male,Master's,Healthcare,Radiologist,2.0,2,0,Enterprise,Tier 3,Ranchi,4.5,757000
EMP03372,Rahul Reddy,30,Male,Master's,Legal,Corporate Lawyer,7.9,3,1,MNC,Tier 3,Mysuru,2.5,1386000
EMP03373,Sneha Mehta,46,Female,Master's,Sales,Pre-Sales Consultant,19.4,8,1,MNC,Tier 1,Hyderabad,5.0,5618000
EMP03374,Sneha Sharma,55,Female,Bachelor's,Education,Academic Counselor,23.9,10,4,MNC,Tier 3,Mysuru,2.1,2615000
EMP03375,Manish Nair,46,Male,Master's,Education,Teaching Assistant,19.3,7,1,MNC,Tier 2,Nagpur,2.9,2282000
EMP03376,Shreya Singh,32,Female,Master's,Engineering,Electrical Engineer,9.5,3,0,MNC,Tier 3,Patna,4.2,1422000
EMP03377,Neha Agarwal,39,Female,Master's,Healthcare,Public Health Specialist,12.0,8,0,SME,Tier 1,Mumbai,3.5,2989000
EMP03378,Riya Verma,49,Female,Master's,Marketing,Campaign Manager,20.4,7,0,Startup,Tier 1,Pune,3.4,2801000
EMP03379,Arjun Chopra,31,Male,Bachelor's,Healthcare,Public Health Specialist,5.9,5,0,SME,Tier 1,Chennai,2.8,1269000
EMP03380,Vihaan Deshpande,25,Male,Bachelor's,Marketing,Marketing Manager,1.1,3,1,Enterprise,Tier 1,Mumbai,3.9,663000
EMP03381,Ishaan Gupta,30,Male,Bachelor's,Healthcare,Clinical Research Associate,5.2,2,1,MNC,Tier 2,Jaipur,4.6,1522000
EMP03382,Vihaan Joshi,33,Male,PhD,Marketing,Market Research Analyst,2.7,3,0,MNC,Tier 1,Chennai,3.8,1275000
EMP03383,Manish Iyer,35,Male,Master's,Legal,Paralegal,10.9,8,0,Startup,Tier 3,Guwahati,4.0,1800000
EMP03384,Aadhya Reddy,57,Other,Master's,Marketing,SEO Specialist,29.2,3,5,Enterprise,Tier 1,Delhi,2.3,6223000
EMP03385,Kritika Nair,24,Female,Master's,Legal,Legal Consultant,1.9,3,1,MNC,Tier 2,Lucknow,1.9,919000
EMP03386,Manish Verma,26,Male,Master's,Legal,Patent Attorney,1.9,2,0,Startup,Tier 1,Hyderabad,2.7,743000
EMP03387,Pooja Banerjee,22,Female,Bachelor's,Healthcare,Medical Lab Technician,0.0,2,1,MNC,Tier 1,Pune,1.6,373000
EMP03388,Ayaan Kumar,53,Male,Master's,Sales,Pre-Sales Consultant,22.7,3,4,SME,Tier 3,Bhopal,3.0,2825000
EMP03389,Krishna Singh,46,Male,Bachelor's,Legal,Paralegal,22.3,3,4,Enterprise,Tier 1,Chennai,2.7,6593000
EMP03390,Vivaan Sharma,26,Male,Bachelor's,Healthcare,Physiotherapist,0.3,3,0,Startup,Tier 2,Jaipur,1.8,281000
EMP03391,Aadhya Patel,23,Female,Master's,Sales,Account Executive,0.8,3,0,Startup,Tier 3,Ranchi,2.9,267000
EMP03392,Harsh Nair,47,Male,Bachelor's,Legal,Litigation Associate,12.6,9,0,Startup,Tier 2,Chandigarh,1.7,1596000
EMP03393,Divya Sharma,49,Female,Master's,Marketing,Social Media Manager,14.3,5,2,Startup,Tier 3,Guwahati,2.2,1290000
EMP03394,Aditya Verma,41,Male,Master's,Operations,Warehouse Manager,11.2,2,1,SME,Tier 3,Ranchi,3.8,1261000
EMP03395,Shreya Singh,35,Female,Bachelor's,Healthcare,Doctor,9.5,5,0,Startup,Tier 3,Raipur,4.4,1457000
EMP03396,Myra Joshi,22,Female,Bachelor's,Finance,Risk Analyst,0.0,3,1,SME,Tier 1,Mumbai,2.3,374000
EMP03397,Ankit Pillai,45,Male,Bachelor's,Marketing,Brand Manager,17.7,11,2,Enterprise,Tier 1,Mumbai,1.6,3093000
EMP03398,Diya Banerjee,31,Female,Master's,Legal,Legal Analyst,1.8,3,1,MNC,Tier 2,Chandigarh,2.9,1027000
EMP03399,Aarav Nair,58,Male,Bachelor's,Education,Education Consultant,26.2,12,2,SME,Tier 2,Indore,2.1,2914000
EMP03400,Vihaan Deshpande,23,Male,Bachelor's,Healthcare,Doctor,0.1,3,0,MNC,Tier 2,Kochi,1.5,328000
EMP03401,Tanvi Singh,53,Female,Master's,IT,Cloud Architect,30.4,3,5,MNC,Tier 1,Pune,4.7,7500000
EMP03402,Rahul Sharma,39,Male,Bachelor's,Engineering,Electrical Engineer,13.4,6,1,MNC,Tier 2,Chandigarh,3.0,2164000
EMP03403,Sakshi Thakur,53,Female,Master's,Healthcare,Doctor,15.1,2,2,MNC,Tier 3,Dehradun,1.8,2619000
EMP03404,Ayaan Banerjee,43,Male,Bachelor's,Legal,Contract Specialist,17.9,3,2,SME,Tier 1,Kolkata,4.5,4086000
EMP03405,Ankit Mishra,50,Male,PhD,Education,Academic Counselor,12.1,6,1,MNC,Tier 1,Chennai,4.9,2975000
EMP03406,Deepak Chopra,23,Male,PhD,Operations,Process Improvement Analyst,0.3,2,1,SME,Tier 3,Patna,4.3,359000
EMP03407,Swati Iyer,35,Female,Bachelor's,Finance,Financial Analyst,12.6,2,2,MNC,Tier 1,Delhi,1.7,2266000
EMP03408,Krishna Saxena,49,Male,Master's,Legal,Corporate Lawyer,13.0,5,1,Startup,Tier 1,Hyderabad,1.7,2487000
EMP03409,Sai Patel,45,Male,Bachelor's,Education,Academic Counselor,18.4,3,1,SME,Tier 1,Hyderabad,2.2,1799000
EMP03410,Aarav Mishra,44,Male,Bachelor's,Finance,Credit Analyst,13.8,2,0,SME,Tier 3,Dehradun,3.6,1707000
EMP03411,Pranav Iyer,57,Male,Bachelor's,Finance,Credit Analyst,19.2,5,1,MNC,Tier 2,Ahmedabad,3.7,3156000
EMP03412,Ananya Deshpande,56,Female,Bachelor's,Operations,Inventory Analyst,27.4,7,3,Enterprise,Tier 1,Mumbai,4.2,5402000
EMP03413,Pooja Banerjee,39,Female,Master's,Legal,Contract Specialist,8.5,6,1,SME,Tier 1,Mumbai,3.4,2647000
EMP03414,Aadhya Kapoor,26,Female,Master's,HR,Compensation Analyst,3.2,4,0,SME,Tier 3,Raipur,3.5,481000
EMP03415,Vikram Singh,22,Male,Bachelor's,Education,Education Consultant,0.0,2,1,SME,Tier 2,Lucknow,2.6,243000
EMP03416,Aarav Nair,33,Male,PhD,Sales,Regional Sales Head,5.4,2,0,Enterprise,Tier 2,Nagpur,3.4,1406000
EMP03417,Sara Pillai,35,Female,Master's,IT,Full Stack Developer,5.4,5,1,SME,Tier 1,Kolkata,3.4,1644000
EMP03418,Priya Thakur,55,Female,Bachelor's,Finance,Portfolio Manager,26.3,9,3,MNC,Tier 2,Nagpur,1.7,4200000
EMP03419,Diya Kapoor,23,Female,Bachelor's,Legal,Legal Advisor,0.6,2,1,Enterprise,Tier 1,Pune,2.6,678000
EMP03420,Neha Sharma,49,Female,Master's,Finance,Auditor,14.6,9,3,SME,Tier 2,Chandigarh,2.4,2357000
EMP03421,Sakshi Mehta,45,Female,Bachelor's,Engineering,Site Engineer,13.7,9,1,MNC,Tier 1,Hyderabad,2.3,2341000
EMP03422,Ira Patel,38,Female,PhD,Legal,Corporate Lawyer,7.1,6,0,MNC,Tier 3,Ranchi,2.9,1791000
EMP03423,Isha Singh,38,Female,Bachelor's,Marketing,Digital Marketing Analyst,7.9,5,1,MNC,Tier 3,Patna,4.8,1141000
EMP03424,Nisha Banerjee,57,Female,Bachelor's,Engineering,Mechanical Engineer,33.7,14,5,MNC,Tier 2,Ahmedabad,4.3,6154000
EMP03425,Krishna Patel,37,Male,Bachelor's,Marketing,PR Specialist,7.9,3,1,SME,Tier 1,Bangalore,4.9,1150000
EMP03426,Krishna Reddy,40,Male,Bachelor's,Education,Teaching Assistant,14.9,8,1,SME,Tier 1,Kolkata,5.0,2225000
EMP03427,Sai Sharma,50,Male,Bachelor's,Legal,In-House Counsel,19.7,5,2,SME,Tier 1,Delhi,4.8,4901000
EMP03428,Meera Joshi,50,Female,PhD,Marketing,SEO Specialist,22.1,14,3,MNC,Tier 1,Bangalore,2.9,6742000
EMP03429,Deepak Kapoor,23,Male,Bachelor's,Sales,Channel Partner Manager,0.3,2,0,Startup,Tier 2,Chandigarh,3.2,298000
EMP03430,Diya Banerjee,45,Female,PhD,IT,ML Engineer,16.2,2,2,Enterprise,Tier 2,Kochi,1.6,4386000
EMP03431,Myra Joshi,40,Female,PhD,Healthcare,Clinical Research Associate,12.3,4,1,Startup,Tier 1,Kolkata,2.8,3203000
EMP03432,Divya Malik,35,Female,Master's,Engineering,Chemical Engineer,4.2,3,0,MNC,Tier 1,Bangalore,4.2,1537000
EMP03433,Ira Pillai,22,Female,Bachelor's,IT,Frontend Developer,0.0,2,1,MNC,Tier 2,Ahmedabad,2.5,508000
EMP03434,Rajesh Patel,52,Male,Bachelor's,Engineering,Process Engineer,26.8,5,1,Enterprise,Tier 2,Lucknow,4.6,4887000
EMP03435,Mohit Saxena,57,Male,Bachelor's,Finance,Tax Consultant,22.2,5,4,Startup,Tier 2,Kochi,2.4,3256000
EMP03436,Aanya Reddy,47,Female,Bachelor's,Engineering,Mechanical Engineer,19.9,5,2,Startup,Tier 2,Nagpur,3.3,2507000
EMP03437,Arjun Pillai,53,Male,Bachelor's,IT,Cloud Architect,16.3,6,0,Startup,Tier 2,Lucknow,3.6,2426000
EMP03438,Pranav Gupta,33,Male,Bachelor's,Marketing,PR Specialist,8.1,3,2,MNC,Tier 1,Kolkata,3.5,1353000
EMP03439,Aadhya Deshpande,57,Female,Master's,Healthcare,Dentist,27.7,10,0,SME,Tier 2,Lucknow,3.6,5581000
EMP03440,Manish Das,55,Male,Master's,Marketing,Content Writer,14.3,4,2,MNC,Tier 1,Pune,3.9,3125000
EMP03441,Ankit Deshpande,32,Male,Bachelor's,IT,QA Engineer,6.5,2,0,MNC,Tier 1,Hyderabad,1.6,1376000
EMP03442,Harsh Gupta,31,Male,Master's,IT,Backend Developer,3.7,2,0,Startup,Tier 2,Nagpur,3.0,800000
EMP03443,Karan Joshi,54,Male,Bachelor's,Healthcare,Medical Lab Technician,28.7,10,5,Enterprise,Tier 1,Mumbai,3.2,7500000
EMP03444,Arjun Malik,51,Male,PhD,IT,QA Engineer,28.5,5,4,Enterprise,Tier 2,Indore,1.7,7500000
EMP03445,Pranav Mishra,25,Male,Bachelor's,Legal,Patent Attorney,0.2,3,1,MNC,Tier 3,Dehradun,2.9,464000
EMP03446,Isha Nair,52,Female,Master's,Education,Lab Instructor,26.1,15,4,SME,Tier 1,Hyderabad,3.1,3859000
EMP03447,Anjali Chatterjee,58,Female,Bachelor's,Operations,Warehouse Manager,35.3,10,1,SME,Tier 2,Indore,4.8,4024000
EMP03448,Harsh Reddy,50,Male,Bachelor's,Sales,Channel Partner Manager,26.5,5,4,Enterprise,Tier 1,Delhi,2.0,4577000
EMP03449,Aarav Patel,44,Male,Master's,Engineering,Quality Engineer,17.0,4,0,Enterprise,Tier 3,Patna,3.7,2644000
EMP03450,Swati Thakur,56,Female,PhD,Engineering,Civil Engineer,28.5,5,3,MNC,Tier 1,Bangalore,3.6,7500000
EMP03451,Nikhil Kapoor,23,Male,Bachelor's,Legal,Patent Attorney,0.1,2,1,MNC,Tier 3,Bhopal,3.3,421000
EMP03452,Rohan Singh,22,Male,Bachelor's,Finance,Treasury Analyst,0.0,3,0,Enterprise,Tier 3,Guwahati,3.3,355000
EMP03453,Ira Agarwal,27,Female,Bachelor's,Operations,Warehouse Manager,0.6,3,1,MNC,Tier 1,Mumbai,1.7,471000
EMP03454,Kavya Malik,45,Female,Bachelor's,Legal,Patent Attorney,16.5,5,1,MNC,Tier 3,Guwahati,4.7,2966000
EMP03455,Gaurav Deshpande,22,Male,Master's,Engineering,Mechanical Engineer,0.0,3,1,SME,Tier 2,Indore,4.2,384000
EMP03456,Diya Verma,58,Female,Bachelor's,IT,QA Engineer,34.6,15,0,SME,Tier 3,Guwahati,4.5,5255000
EMP03457,Ira Gupta,50,Female,Bachelor's,IT,DevOps Engineer,16.7,7,3,MNC,Tier 2,Jaipur,3.3,3729000
EMP03458,Ayaan Deshpande,46,Male,Master's,Legal,Legal Analyst,15.9,7,2,SME,Tier 1,Chennai,2.2,3615000
EMP03459,Sara Das,23,Female,Bachelor's,Marketing,Growth Hacker,0.5,3,1,MNC,Tier 1,Mumbai,3.4,553000
EMP03460,Simran Agarwal,29,Female,Bachelor's,Education,Dean,4.6,4,0,SME,Tier 1,Hyderabad,4.9,711000
EMP03461,Anjali Malik,38,Female,Bachelor's,Healthcare,Radiologist,7.2,6,0,Enterprise,Tier 2,Nagpur,2.1,1683000
EMP03462,Tanvi Reddy,23,Female,Master's,HR,HR Business Partner,0.2,2,0,Startup,Tier 1,Pune,4.0,497000
EMP03463,Karan Chopra,23,Male,PhD,Legal,Paralegal,0.3,3,1,Startup,Tier 1,Hyderabad,3.7,791000
EMP03464,Kavya Malik,55,Female,PhD,Legal,Legal Advisor,26.1,7,0,Enterprise,Tier 1,Mumbai,2.3,7500000
EMP03465,Mohit Banerjee,53,Male,Master's,Operations,Procurement Manager,26.3,13,1,SME,Tier 2,Ahmedabad,2.3,3636000
EMP03466,Vikram Rao,42,Male,Bachelor's,Legal,Legal Consultant,19.8,4,0,MNC,Tier 1,Delhi,3.8,4480000
EMP03467,Divya Saxena,39,Female,PhD,Marketing,Growth Hacker,16.1,10,1,SME,Tier 2,Ahmedabad,3.5,2798000
EMP03468,Mohit Agarwal,46,Other,Bachelor's,HR,HR Generalist,17.3,10,3,MNC,Tier 1,Pune,3.2,2885000
EMP03469,Rajesh Gupta,41,Male,Bachelor's,Marketing,Social Media Manager,14.2,6,0,MNC,Tier 2,Chandigarh,3.1,1837000
EMP03470,Vivaan Malik,30,Male,Bachelor's,HR,Talent Acquisition Lead,6.4,5,1,Startup,Tier 2,Chandigarh,3.1,680000
EMP03471,Divya Rao,39,Female,PhD,Legal,Legal Analyst,16.8,11,1,MNC,Tier 3,Dehradun,4.3,4762000
EMP03472,Pranav Patel,57,Male,PhD,IT,Frontend Developer,20.9,10,4,MNC,Tier 1,Mumbai,3.5,7500000
EMP03473,Divya Rao,52,Female,Bachelor's,Legal,Legal Analyst,13.5,5,1,MNC,Tier 2,Lucknow,4.9,3246000
EMP03474,Karan Chopra,52,Male,Master's,HR,Employee Relations Specialist,26.7,3,3,MNC,Tier 1,Hyderabad,2.1,3887000
EMP03475,Karan Kapoor,55,Male,Bachelor's,Engineering,Chemical Engineer,29.2,14,4,SME,Tier 2,Jaipur,2.3,3556000
EMP03476,Myra Kapoor,48,Female,Bachelor's,Operations,Operations Analyst,17.3,2,2,SME,Tier 1,Pune,2.5,1937000
EMP03477,Aarav Deshpande,42,Male,Bachelor's,HR,HR Business Partner,19.6,5,2,Enterprise,Tier 2,Chandigarh,1.9,2543000
EMP03478,Karan Banerjee,32,Male,Bachelor's,Sales,Sales Manager,8.9,7,0,Enterprise,Tier 2,Chandigarh,4.7,1410000
EMP03479,Aarav Sharma,32,Male,Master's,Education,Academic Counselor,8.9,4,0,SME,Tier 1,Chennai,3.0,1336000
EMP03480,Vivaan Verma,27,Male,Master's,Marketing,Brand Manager,0.4,3,0,MNC,Tier 1,Delhi,4.6,778000
EMP03481,Rohan Bhat,51,Male,Bachelor's,HR,Training Coordinator,20.1,10,3,Enterprise,Tier 1,Pune,2.1,3164000
EMP03482,Gaurav Mishra,34,Male,Master's,Marketing,Brand Manager,10.5,5,2,SME,Tier 1,Mumbai,3.4,1474000
EMP03483,Rohan Malik,47,Male,PhD,Finance,Portfolio Manager,23.0,13,1,Enterprise,Tier 3,Guwahati,4.2,5749000
EMP03484,Vikram Joshi,26,Male,Bachelor's,Finance,Compliance Officer,1.2,3,0,MNC,Tier 2,Chandigarh,4.4,652000
EMP03485,Deepak Das,45,Male,Master's,Education,Curriculum Designer,14.7,3,1,MNC,Tier 3,Patna,4.2,1577000
EMP03486,Gaurav Das,51,Male,Master's,Engineering,Structural Engineer,16.8,2,0,Enterprise,Tier 3,Mysuru,3.3,2423000
EMP03487,Nikhil Chopra,29,Male,Master's,Marketing,Social Media Manager,6.9,4,2,SME,Tier 1,Kolkata,4.0,1588000
EMP03488,Myra Thakur,49,Female,Master's,IT,Cloud Architect,21.9,10,0,MNC,Tier 1,Chennai,2.5,6156000
EMP03489,Shreya Gupta,37,Female,Master's,HR,HR Manager,9.4,4,2,Startup,Tier 3,Ranchi,1.6,701000
EMP03490,Divya Kumar,38,Female,Bachelor's,Education,Education Consultant,13.7,8,2,Startup,Tier 1,Chennai,1.6,1105000
EMP03491,Meera Singh,28,Female,Master's,Education,Instructional Designer,2.7,4,1,Startup,Tier 1,Mumbai,2.3,523000
EMP03492,Krishna Banerjee,41,Male,Bachelor's,Operations,Warehouse Manager,10.6,8,0,MNC,Tier 2,Chandigarh,3.9,1600000
EMP03493,Sai Deshpande,35,Male,Bachelor's,Education,Professor,12.6,9,0,Startup,Tier 3,Guwahati,2.2,834000
EMP03494,Vivaan Nair,39,Male,Master's,Marketing,Content Writer,14.1,4,3,Startup,Tier 3,Guwahati,2.8,1319000
EMP03495,Kritika Chatterjee,46,Female,Master's,Sales,Key Account Manager,18.1,7,3,MNC,Tier 2,Ahmedabad,3.4,3673000
EMP03496,Ayaan Chopra,37,Male,Master's,HR,Compensation Analyst,5.3,4,0,Enterprise,Tier 2,Chandigarh,4.2,1333000
EMP03497,Nikhil Patel,55,Male,PhD,IT,Cybersecurity Analyst,20.1,4,4,SME,Tier 1,Bangalore,1.5,5233000
EMP03498,Divya Chopra,57,Female,Bachelor's,Education,Instructional Designer,32.2,12,4,SME,Tier 2,Indore,3.9,3315000
EMP03499,Karan Deshpande,40,Male,Bachelor's,Engineering,Electrical Engineer,14.4,8,3,Startup,Tier 1,Bangalore,3.1,2107000
EMP03500,Sakshi Pillai,50,Female,Bachelor's,Legal,Legal Analyst,12.9,2,2,Startup,Tier 2,Indore,4.7,2157000
EMP03501,Amit Mishra,25,Male,Master's,HR,Compensation Analyst,1.7,3,1,Enterprise,Tier 1,Hyderabad,2.2,805000
EMP03502,Arjun Joshi,38,Male,Master's,HR,HR Manager,12.5,5,2,Startup,Tier 2,Kochi,3.8,1431000
EMP03503,Ananya Singh,26,Female,Bachelor's,Marketing,Market Research Analyst,2.0,2,0,MNC,Tier 2,Indore,2.4,523000
EMP03504,Vikram Gupta,47,Male,Bachelor's,Engineering,Structural Engineer,17.5,2,3,MNC,Tier 1,Bangalore,3.1,3243000
EMP03505,Arjun Saxena,23,Male,Bachelor's,Finance,Risk Analyst,0.0,2,0,MNC,Tier 1,Pune,3.3,516000
EMP03506,Rohan Patel,58,Male,PhD,IT,Cloud Architect,21.2,13,3,Enterprise,Tier 2,Chandigarh,2.2,5959000
EMP03507,Amit Sharma,40,Male,Bachelor's,Marketing,SEO Specialist,11.4,3,0,Startup,Tier 3,Dehradun,4.4,1022000
EMP03508,Krishna Rao,29,Male,Bachelor's,IT,QA Engineer,1.8,3,0,SME,Tier 2,Kochi,4.6,693000
EMP03509,Krishna Singh,56,Male,Bachelor's,IT,Cloud Architect,18.1,11,0,MNC,Tier 1,Chennai,4.3,4948000
EMP03510,Simran Verma,28,Female,Master's,Legal,Corporate Lawyer,4.4,5,1,SME,Tier 3,Dehradun,4.1,979000
EMP03511,Rahul Malik,45,Male,Bachelor's,IT,Frontend Developer,20.4,5,3,MNC,Tier 3,Ranchi,3.7,3746000
EMP03512,Neha Deshpande,53,Female,PhD,Finance,Financial Analyst,27.6,14,4,MNC,Tier 2,Indore,2.3,6562000
EMP03513,Sneha Pillai,40,Female,Bachelor's,Engineering,Project Manager,8.8,2,2,Startup,Tier 1,Bangalore,2.2,1327000
EMP03514,Ananya Iyer,56,Female,Bachelor's,Legal,Corporate Lawyer,15.0,4,3,Enterprise,Tier 2,Chandigarh,2.4,2783000
EMP03515,Harsh Deshpande,49,Male,Master's,Finance,Portfolio Manager,14.0,4,2,Startup,Tier 2,Nagpur,2.0,1922000
EMP03516,Amit Verma,34,Other,Master's,Education,Dean,4.5,5,0,Enterprise,Tier 3,Guwahati,2.4,686000
EMP03517,Manish Verma,38,Male,Master's,IT,ML Engineer,14.8,10,3,Enterprise,Tier 1,Bangalore,4.2,5019000
EMP03518,Ishaan Joshi,36,Male,Bachelor's,Education,Teaching Assistant,13.3,4,0,Startup,Tier 1,Kolkata,2.9,1309000
EMP03519,Rajesh Pillai,28,Male,PhD,Legal,Contract Specialist,5.4,3,1,Startup,Tier 1,Hyderabad,3.2,1854000
EMP03520,Nisha Singh,26,Female,Bachelor's,IT,QA Engineer,2.1,4,1,SME,Tier 3,Mysuru,2.6,418000
EMP03521,Ayaan Chatterjee,41,Male,Bachelor's,Operations,Process Improvement Analyst,9.7,5,1,Enterprise,Tier 1,Delhi,3.1,1885000
EMP03522,Divya Mishra,58,Female,Master's,Legal,Litigation Associate,32.0,5,5,MNC,Tier 1,Hyderabad,3.7,7500000
EMP03523,Ayaan Kapoor,32,Male,PhD,Marketing,PR Specialist,7.9,2,0,SME,Tier 2,Kochi,2.7,1178000
EMP03524,Aadhya Agarwal,50,Female,Master's,Finance,Tax Consultant,22.0,14,0,MNC,Tier 3,Guwahati,3.8,4628000
EMP03525,Myra Nair,25,Female,Master's,Legal,Litigation Associate,0.5,3,0,MNC,Tier 1,Kolkata,3.6,843000
EMP03526,Isha Agarwal,36,Female,Bachelor's,Sales,Key Account Manager,5.8,3,0,SME,Tier 2,Nagpur,3.3,712000
EMP03527,Harsh Kapoor,48,Male,Bachelor's,Marketing,Marketing Manager,25.6,11,4,Startup,Tier 3,Guwahati,3.3,2409000
EMP03528,Reyansh Iyer,58,Male,Bachelor's,Marketing,Social Media Manager,24.7,2,4,SME,Tier 2,Nagpur,4.9,4004000
EMP03529,Mohit Kumar,40,Male,PhD,HR,Recruiter,14.4,9,3,Startup,Tier 3,Dehradun,4.1,1564000
EMP03530,Suresh Das,40,Male,Bachelor's,Healthcare,Public Health Specialist,14.0,4,3,MNC,Tier 2,Kochi,3.2,2756000
EMP03531,Sakshi Patel,43,Female,Bachelor's,Healthcare,Clinical Research Associate,17.4,2,2,SME,Tier 2,Lucknow,2.8,3216000
EMP03532,Reyansh Nair,28,Male,Master's,Healthcare,Physiotherapist,3.1,2,1,SME,Tier 1,Delhi,1.5,950000
EMP03533,Tanvi Malik,38,Female,Bachelor's,Legal,Contract Specialist,9.4,3,0,SME,Tier 3,Dehradun,3.3,1262000
EMP03534,Manish Singh,48,Male,Master's,Finance,Credit Analyst,15.9,9,0,SME,Tier 2,Lucknow,3.7,2526000
EMP03535,Krishna Bhat,51,Male,Bachelor's,Education,Professor,22.8,7,3,SME,Tier 1,Chennai,4.8,3784000
EMP03536,Vikram Joshi,56,Male,Bachelor's,HR,Recruiter,19.3,12,1,Startup,Tier 2,Jaipur,3.2,2160000
EMP03537,Ira Chatterjee,40,Female,Bachelor's,Healthcare,Hospital Administrator,11.0,4,2,MNC,Tier 1,Mumbai,3.8,3064000
EMP03538,Priya Joshi,28,Female,Bachelor's,Education,Curriculum Designer,3.0,3,0,Startup,Tier 2,Indore,1.9,334000
EMP03539,Pooja Agarwal,51,Female,Master's,Operations,Supply Chain Analyst,22.5,11,4,MNC,Tier 1,Pune,2.6,4898000
EMP03540,Pranav Saxena,22,Male,Master's,Healthcare,Dentist,0.0,2,1,Enterprise,Tier 2,Chandigarh,2.8,485000
EMP03541,Rohan Reddy,22,Male,Master's,Finance,Credit Analyst,0.0,3,1,Startup,Tier 2,Indore,2.2,382000
EMP03542,Bhavna Thakur,32,Female,Bachelor's,IT,QA Engineer,4.8,2,1,SME,Tier 2,Jaipur,2.0,932000
EMP03543,Nisha Das,38,Female,Bachelor's,Engineering,Project Manager,11.6,3,2,Startup,Tier 1,Chennai,4.6,1970000
EMP03544,Sai Das,24,Male,PhD,Sales,Sales Manager,0.7,2,0,Enterprise,Tier 2,Kochi,1.5,519000
EMP03545,Ananya Sharma,43,Female,PhD,Legal,In-House Counsel,9.6,5,2,MNC,Tier 2,Nagpur,4.0,3648000
EMP03546,Myra Verma,34,Female,Bachelor's,Finance,Financial Analyst,11.9,6,0,Enterprise,Tier 1,Kolkata,2.1,2373000
EMP03547,Harsh Mishra,51,Male,Bachelor's,Engineering,Electrical Engineer,14.4,6,0,SME,Tier 3,Bhopal,4.9,1771000
EMP03548,Vihaan Malik,22,Other,Master's,Healthcare,Dentist,0.0,2,1,MNC,Tier 3,Guwahati,3.5,431000
EMP03549,Pranav Deshpande,37,Male,Bachelor's,Healthcare,Radiologist,7.4,6,2,MNC,Tier 2,Indore,2.4,1383000
EMP03550,Suresh Gupta,25,Male,Master's,Marketing,Brand Manager,1.1,3,1,MNC,Tier 1,Chennai,3.8,769000
EMP03551,Deepak Reddy,55,Male,Master's,Finance,Portfolio Manager,15.1,2,2,SME,Tier 3,Dehradun,2.8,1803000
EMP03552,Deepak Kumar,48,Male,Bachelor's,Operations,Facility Manager,21.0,2,4,SME,Tier 1,Chennai,2.6,2459000
EMP03553,Sakshi Verma,33,Female,Bachelor's,Sales,Channel Partner Manager,8.6,7,0,SME,Tier 3,Raipur,1.8,786000
EMP03554,Suresh Singh,52,Male,Master's,Sales,Key Account Manager,18.1,10,2,MNC,Tier 2,Kochi,2.4,3897000
EMP03555,Swati Patel,48,Female,Bachelor's,Sales,Regional Sales Head,16.2,10,0,Enterprise,Tier 2,Lucknow,5.0,2679000
EMP03556,Divya Bhat,23,Female,Bachelor's,IT,Data Scientist,0.6,3,1,Enterprise,Tier 3,Guwahati,3.8,565000
EMP03557,Rohan Agarwal,31,Male,Master's,Operations,Logistics Coordinator,4.0,4,1,MNC,Tier 2,Kochi,2.4,915000
EMP03558,Simran Sharma,22,Female,Bachelor's,Sales,Account Executive,0.0,2,1,Enterprise,Tier 1,Bangalore,2.5,450000
EMP03559,Isha Joshi,52,Female,Master's,IT,DevOps Engineer,29.5,7,0,MNC,Tier 1,Kolkata,3.1,7283000
EMP03560,Harsh Iyer,49,Male,Bachelor's,Education,Teaching Assistant,22.2,4,2,MNC,Tier 2,Ahmedabad,2.9,2255000
EMP03561,Vihaan Agarwal,56,Other,Bachelor's,Legal,Paralegal,27.7,11,0,Enterprise,Tier 1,Pune,3.9,7500000
EMP03562,Harsh Das,37,Male,Bachelor's,Legal,Patent Attorney,11.5,7,0,MNC,Tier 3,Mysuru,2.0,1603000
EMP03563,Sara Reddy,22,Female,Bachelor's,Operations,Fleet Manager,0.0,3,0,SME,Tier 2,Ahmedabad,5.0,307000
EMP03564,Bhavna Patel,54,Female,Master's,Engineering,Project Manager,31.2,7,5,SME,Tier 1,Chennai,2.9,6117000
EMP03565,Amit Thakur,45,Male,Bachelor's,Engineering,Design Engineer,13.1,9,2,Startup,Tier 1,Pune,4.9,2441000
EMP03566,Ayaan Verma,25,Male,Bachelor's,Education,Education Consultant,0.8,3,1,MNC,Tier 1,Hyderabad,3.7,504000
EMP03567,Rajesh Iyer,54,Male,Bachelor's,Legal,Corporate Lawyer,19.2,3,2,SME,Tier 1,Kolkata,2.8,3879000
EMP03568,Sneha Verma,49,Female,Master's,Education,Lecturer,24.6,10,0,MNC,Tier 2,Lucknow,3.4,3952000
EMP03569,Rahul Bhat,44,Male,Bachelor's,HR,Training Coordinator,11.3,6,0,MNC,Tier 1,Kolkata,2.0,1536000
EMP03570,Ankit Chopra,51,Male,Master's,Legal,Legal Advisor,12.9,2,0,MNC,Tier 1,Kolkata,4.2,4204000
EMP03571,Reyansh Banerjee,25,Male,Master's,Sales,Channel Partner Manager,2.9,4,1,MNC,Tier 1,Delhi,2.3,865000
EMP03572,Manish Iyer,52,Male,Bachelor's,Operations,Procurement Manager,29.5,6,3,SME,Tier 3,Raipur,3.5,2986000
EMP03573,Meera Gupta,47,Female,Master's,Finance,Compliance Officer,19.8,9,3,SME,Tier 2,Kochi,3.9,3954000
EMP03574,Reyansh Gupta,48,Male,Master's,Healthcare,Nurse,24.5,9,4,MNC,Tier 2,Jaipur,4.5,7500000
EMP03575,Aditya Kumar,48,Male,Bachelor's,Education,Teaching Assistant,15.5,4,2,Enterprise,Tier 2,Kochi,4.2,1912000
EMP03576,Meera Mishra,42,Female,Bachelor's,Finance,Investment Banker,13.0,3,0,Startup,Tier 2,Ahmedabad,4.5,1742000
EMP03577,Nikhil Saxena,37,Male,Bachelor's,HR,Recruiter,7.1,3,2,Enterprise,Tier 1,Kolkata,2.1,1105000
EMP03578,Rahul Saxena,55,Male,Bachelor's,Healthcare,Hospital Administrator,20.9,9,0,Enterprise,Tier 2,Lucknow,4.3,5276000
EMP03579,Manish Reddy,43,Male,Bachelor's,HR,HRIS Analyst,10.1,8,1,SME,Tier 2,Jaipur,2.0,935000
EMP03580,Krishna Bhat,24,Male,Bachelor's,Finance,Financial Analyst,1.9,2,1,SME,Tier 3,Ranchi,2.2,369000
EMP03581,Vikram Sharma,33,Male,Master's,Engineering,Chemical Engineer,4.6,4,1,SME,Tier 2,Indore,2.1,1002000
EMP03582,Isha Rao,24,Female,Master's,Education,Research Associate,0.2,2,1,MNC,Tier 3,Patna,4.8,424000
EMP03583,Diya Rao,30,Female,Master's,Engineering,Process Engineer,3.6,3,1,MNC,Tier 1,Mumbai,3.7,1466000
EMP03584,Simran Nair,43,Female,Bachelor's,Legal,Paralegal,19.5,6,0,Enterprise,Tier 3,Ranchi,4.3,3464000
EMP03585,Aadhya Deshpande,47,Female,Master's,Finance,Risk Analyst,19.0,2,2,SME,Tier 2,Kochi,2.0,2753000
EMP03586,Deepak Patel,34,Male,Bachelor's,Sales,Territory Manager,4.3,4,1,MNC,Tier 3,Guwahati,2.3,537000
EMP03587,Rahul Banerjee,37,Male,Bachelor's,Operations,Operations Analyst,6.1,3,1,Enterprise,Tier 2,Nagpur,3.0,987000
EMP03588,Amit Mishra,57,Male,Bachelor's,Education,Education Consultant,25.0,5,1,Enterprise,Tier 1,Chennai,4.9,4079000
EMP03589,Ananya Bhat,46,Other,Bachelor's,HR,HR Manager,14.3,9,2,Startup,Tier 2,Chandigarh,1.6,1320000
EMP03590,Amit Chatterjee,42,Male,Bachelor's,Operations,Operations Manager,15.7,7,3,Enterprise,Tier 2,Nagpur,4.1,2649000
EMP03591,Sara Reddy,32,Female,Bachelor's,IT,Backend Developer,4.7,2,1,SME,Tier 1,Mumbai,4.5,1358000
EMP03592,Swati Rao,28,Female,Master's,Marketing,Market Research Analyst,4.6,4,0,MNC,Tier 2,Jaipur,4.5,1156000
EMP03593,Ishaan Verma,31,Other,Bachelor's,Finance,Investment Banker,7.8,3,0,MNC,Tier 2,Nagpur,1.9,1402000
EMP03594,Manish Kumar,40,Male,PhD,HR,Training Coordinator,7.7,6,0,Startup,Tier 1,Bangalore,2.3,1095000
EMP03595,Harsh Verma,22,Male,Bachelor's,Marketing,Content Writer,0.0,2,0,SME,Tier 1,Mumbai,3.7,434000
EMP03596,Swati Singh,36,Female,Bachelor's,Healthcare,Public Health Specialist,7.9,5,0,MNC,Tier 2,Ahmedabad,2.1,1588000
EMP03597,Gaurav Saxena,55,Male,Bachelor's,Legal,Contract Specialist,19.8,10,3,SME,Tier 3,Patna,2.8,2717000
EMP03598,Ananya Thakur,34,Female,Bachelor's,Legal,Corporate Lawyer,8.8,5,0,Enterprise,Tier 1,Mumbai,2.0,2327000
EMP03599,Diya Kapoor,43,Female,Bachelor's,Healthcare,Radiologist,9.4,7,0,SME,Tier 2,Chandigarh,2.6,1560000
EMP03600,Divya Mishra,52,Female,Master's,Legal,Compliance Manager,21.8,13,1,MNC,Tier 1,Chennai,2.0,6384000
EMP03601,Sai Chopra,32,Male,Bachelor's,Healthcare,Clinical Research Associate,9.0,3,2,MNC,Tier 1,Chennai,4.8,2412000
EMP03602,Gaurav Patel,35,Male,Bachelor's,IT,QA Engineer,5.7,2,1,Enterprise,Tier 3,Bhopal,4.6,1168000
EMP03603,Neha Joshi,26,Female,Bachelor's,Education,Research Associate,0.7,2,1,MNC,Tier 1,Kolkata,1.6,459000
EMP03604,Sakshi Mishra,36,Female,Master's,Marketing,Social Media Manager,4.3,5,0,MNC,Tier 2,Lucknow,2.2,873000
EMP03605,Pranav Singh,44,Other,PhD,Education,Dean,19.5,5,1,MNC,Tier 1,Kolkata,4.8,4729000
EMP03606,Suresh Gupta,23,Male,Bachelor's,IT,Cybersecurity Analyst,0.6,3,1,MNC,Tier 1,Delhi,1.7,596000
EMP03607,Sara Chatterjee,52,Female,Bachelor's,Healthcare,Medical Lab Technician,13.2,9,0,MNC,Tier 3,Bhopal,3.5,2153000
EMP03608,Pooja Pillai,41,Female,Bachelor's,Legal,Patent Attorney,12.9,7,0,MNC,Tier 1,Chennai,2.4,3223000
EMP03609,Deepak Banerjee,45,Male,Bachelor's,Engineering,Site Engineer,11.3,8,0,SME,Tier 3,Guwahati,1.5,902000
EMP03610,Arjun Agarwal,45,Male,Master's,HR,Recruiter,20.0,13,0,Enterprise,Tier 3,Ranchi,4.1,2905000
EMP03611,Ishaan Gupta,31,Male,Bachelor's,Engineering,Quality Engineer,5.2,2,1,Enterprise,Tier 2,Kochi,2.9,1060000
EMP03612,Ayaan Reddy,49,Male,Master's,Healthcare,Hospital Administrator,24.4,7,1,Enterprise,Tier 1,Hyderabad,2.6,7500000
EMP03613,Simran Nair,30,Female,PhD,Finance,Auditor,7.9,4,0,MNC,Tier 3,Mysuru,4.2,1725000
EMP03614,Sneha Gupta,44,Female,Bachelor's,HR,Compensation Analyst,19.3,2,0,SME,Tier 3,Dehradun,3.4,1532000
EMP03615,Ananya Chopra,45,Female,Bachelor's,Finance,Investment Banker,11.7,4,0,MNC,Tier 2,Chandigarh,3.6,2075000
EMP03616,Pranav Malik,25,Male,Bachelor's,Engineering,Structural Engineer,0.8,3,0,Startup,Tier 3,Guwahati,1.6,288000
EMP03617,Gaurav Verma,26,Male,Master's,Finance,Investment Banker,1.2,3,0,SME,Tier 2,Chandigarh,4.8,619000
EMP03618,Gaurav Pillai,52,Male,Bachelor's,Operations,Operations Manager,13.4,6,0,MNC,Tier 2,Nagpur,4.0,1916000
EMP03619,Harsh Reddy,26,Male,Master's,HR,HRIS Analyst,0.7,2,1,MNC,Tier 1,Kolkata,4.9,788000
EMP03620,Krishna Gupta,30,Male,Bachelor's,Legal,Corporate Lawyer,6.0,4,0,Startup,Tier 3,Ranchi,4.3,965000
EMP03621,Rahul Kapoor,55,Male,Bachelor's,Sales,Inside Sales Representative,15.2,8,0,MNC,Tier 1,Pune,2.8,2323000
EMP03622,Vihaan Iyer,55,Male,Bachelor's,Finance,Tax Consultant,22.0,11,2,Startup,Tier 2,Ahmedabad,3.2,3107000
EMP03623,Aanya Mehta,36,Female,Bachelor's,Finance,Accountant,13.7,3,0,Startup,Tier 2,Lucknow,4.5,1504000
EMP03624,Vihaan Iyer,35,Male,Master's,Operations,Procurement Manager,6.0,2,1,Startup,Tier 3,Ranchi,1.5,573000
EMP03625,Harsh Rao,33,Male,PhD,Education,Academic Counselor,3.5,4,0,SME,Tier 2,Jaipur,2.2,746000
EMP03626,Arjun Mehta,24,Male,Bachelor's,HR,Talent Acquisition Lead,1.6,2,1,Enterprise,Tier 2,Ahmedabad,4.0,543000
EMP03627,Suresh Das,30,Male,Bachelor's,Marketing,Brand Manager,4.4,2,0,Enterprise,Tier 2,Indore,3.6,818000
EMP03628,Aditya Mishra,28,Male,PhD,HR,HR Manager,0.2,2,0,MNC,Tier 3,Dehradun,4.8,533000
EMP03629,Rajesh Kumar,33,Male,Bachelor's,Legal,Patent Attorney,9.0,4,2,MNC,Tier 3,Raipur,2.0,1228000
EMP03630,Deepak Reddy,41,Male,Master's,IT,DevOps Engineer,11.6,4,2,Startup,Tier 1,Kolkata,3.0,2243000
EMP03631,Riya Das,39,Female,Bachelor's,Finance,Financial Analyst,10.0,8,0,MNC,Tier 2,Indore,4.6,2076000
EMP03632,Krishna Reddy,23,Male,Master's,Legal,Litigation Associate,0.5,2,1,SME,Tier 2,Jaipur,3.2,565000
EMP03633,Arjun Iyer,25,Male,Bachelor's,Marketing,Social Media Manager,0.2,2,0,MNC,Tier 1,Delhi,3.1,472000
EMP03634,Pranav Patel,37,Male,Master's,Engineering,Civil Engineer,13.2,8,2,Startup,Tier 1,Pune,4.9,2866000
EMP03635,Rohan Kapoor,29,Male,Master's,Engineering,Design Engineer,0.9,3,1,MNC,Tier 3,Mysuru,4.9,652000
EMP03636,Ananya Agarwal,37,Female,Master's,Operations,Logistics Coordinator,11.4,7,1,SME,Tier 2,Nagpur,2.9,1620000
EMP03637,Meera Nair,35,Female,Bachelor's,Operations,Facility Manager,10.0,4,0,SME,Tier 2,Indore,5.0,1294000
EMP03638,Harsh Mehta,44,Male,Bachelor's,IT,Software Developer,13.4,2,0,MNC,Tier 1,Kolkata,3.7,3064000
EMP03639,Harsh Saxena,54,Male,Master's,Education,Education Consultant,29.9,6,2,MNC,Tier 2,Indore,2.5,3606000
EMP03640,Arjun Iyer,35,Male,Bachelor's,Engineering,Mechanical Engineer,7.7,3,2,MNC,Tier 3,Raipur,4.9,1284000
EMP03641,Aditya Mishra,29,Male,Master's,Sales,Account Executive,5.3,4,0,SME,Tier 2,Kochi,1.6,730000
EMP03642,Aditya Malik,50,Male,Bachelor's,Finance,Accountant,24.3,8,3,SME,Tier 1,Kolkata,5.0,5146000
EMP03643,Neha Reddy,53,Female,Bachelor's,Marketing,SEO Specialist,19.3,9,2,MNC,Tier 2,Lucknow,4.6,2975000
EMP03644,Aadhya Saxena,56,Female,Bachelor's,Sales,Regional Sales Head,15.7,5,0,SME,Tier 2,Kochi,3.0,1811000
EMP03645,Riya Rao,45,Female,Master's,Education,Lecturer,21.4,5,2,MNC,Tier 3,Dehradun,2.5,2116000
EMP03646,Myra Rao,22,Female,Bachelor's,Healthcare,Doctor,0.0,2,0,SME,Tier 2,Nagpur,1.5,241000
EMP03647,Deepak Kumar,22,Male,Bachelor's,Marketing,Digital Marketing Analyst,0.0,3,0,MNC,Tier 2,Kochi,3.1,390000
EMP03648,Nikhil Thakur,44,Male,Bachelor's,Engineering,Design Engineer,10.1,2,1,Enterprise,Tier 1,Delhi,4.6,2356000
EMP03649,Ayaan Mishra,40,Male,Master's,Engineering,Civil Engineer,11.2,7,0,Startup,Tier 1,Hyderabad,3.9,2147000
EMP03650,Myra Das,28,Female,Bachelor's,HR,HR Manager,1.8,3,0,MNC,Tier 1,Kolkata,2.6,560000
EMP03651,Kavya Kapoor,43,Female,Master's,Finance,Compliance Officer,15.4,8,3,Enterprise,Tier 3,Raipur,3.5,3092000
EMP03652,Reyansh Agarwal,50,Male,PhD,Education,Academic Counselor,25.9,3,4,Startup,Tier 1,Delhi,3.4,4257000
EMP03653,Deepak Joshi,41,Male,Bachelor's,Marketing,PR Specialist,17.9,8,0,MNC,Tier 3,Raipur,2.7,1957000
EMP03654,Manish Kapoor,51,Male,Master's,Legal,Contract Specialist,24.7,3,4,MNC,Tier 2,Lucknow,4.0,6712000
EMP03655,Sai Joshi,32,Male,Master's,Sales,Inside Sales Representative,3.3,2,1,SME,Tier 3,Bhopal,2.6,525000
EMP03656,Sara Singh,49,Female,Bachelor's,IT,ML Engineer,25.9,8,0,Startup,Tier 1,Hyderabad,4.6,5126000
EMP03657,Suresh Malik,54,Male,Master's,HR,Training Coordinator,27.0,15,3,SME,Tier 1,Chennai,2.3,4170000
EMP03658,Neha Saxena,24,Female,Master's,HR,HR Business Partner,1.3,2,0,Enterprise,Tier 2,Lucknow,3.3,511000
EMP03659,Simran Iyer,46,Female,PhD,Engineering,Site Engineer,20.3,10,0,Enterprise,Tier 1,Chennai,2.9,6041000
EMP03660,Suresh Saxena,47,Male,Master's,Marketing,Content Writer,20.2,13,1,Enterprise,Tier 1,Bangalore,1.6,4813000
EMP03661,Suresh Singh,24,Male,Master's,Sales,Territory Manager,1.0,2,0,SME,Tier 2,Nagpur,3.7,460000
EMP03662,Ayaan Iyer,42,Male,Bachelor's,Operations,Operations Analyst,9.8,7,2,SME,Tier 1,Mumbai,3.3,1405000
EMP03663,Mohit Thakur,55,Male,Bachelor's,Legal,Patent Attorney,17.2,7,0,SME,Tier 3,Patna,3.3,2441000
EMP03664,Reyansh Chopra,44,Male,Master's,IT,Software Developer,14.2,8,3,SME,Tier 1,Mumbai,1.6,3047000
EMP03665,Gaurav Mehta,52,Male,Master's,Engineering,Mechanical Engineer,23.7,8,3,SME,Tier 3,Bhopal,2.4,3239000
EMP03666,Sara Iyer,27,Other,PhD,Finance,Portfolio Manager,3.7,2,1,SME,Tier 2,Indore,2.5,878000
EMP03667,Kritika Patel,38,Female,Master's,Engineering,Structural Engineer,11.0,2,1,MNC,Tier 2,Indore,2.8,2058000
EMP03668,Reyansh Verma,46,Male,Bachelor's,Engineering,Mechanical Engineer,11.1,7,1,MNC,Tier 2,Chandigarh,1.6,1618000
EMP03669,Aadhya Kapoor,31,Female,Bachelor's,Sales,Sales Engineer,8.4,7,1,Enterprise,Tier 2,Ahmedabad,4.4,1603000
EMP03670,Ayaan Bhat,57,Male,Bachelor's,Legal,Contract Specialist,21.9,2,1,SME,Tier 3,Dehradun,4.2,3283000
EMP03671,Vihaan Reddy,50,Male,Bachelor's,IT,DevOps Engineer,20.5,4,3,MNC,Tier 2,Indore,4.2,4786000
EMP03672,Rahul Mishra,36,Other,PhD,Engineering,Quality Engineer,7.6,3,1,SME,Tier 1,Kolkata,4.4,2203000
EMP03673,Manish Joshi,54,Male,Master's,Operations,Procurement Manager,24.5,7,4,SME,Tier 1,Kolkata,2.5,3826000
EMP03674,Sara Agarwal,25,Female,Master's,HR,Payroll Specialist,0.1,3,1,SME,Tier 1,Chennai,4.6,550000
EMP03675,Tanvi Agarwal,22,Female,Bachelor's,Sales,Territory Manager,0.0,2,1,Startup,Tier 3,Raipur,3.4,219000
EMP03676,Myra Pillai,50,Female,Bachelor's,Education,Dean,15.7,6,1,Startup,Tier 3,Raipur,3.9,1149000
EMP03677,Harsh Nair,57,Male,Bachelor's,HR,Training Coordinator,31.2,2,1,MNC,Tier 3,Ranchi,4.4,2920000
EMP03678,Aarav Joshi,49,Male,Bachelor's,Engineering,Site Engineer,22.5,10,4,Startup,Tier 2,Ahmedabad,2.2,2646000
EMP03679,Neha Agarwal,33,Female,Bachelor's,HR,Payroll Specialist,9.5,2,0,SME,Tier 2,Lucknow,3.2,1053000
EMP03680,Aanya Mehta,48,Female,Bachelor's,Engineering,Electrical Engineer,12.0,9,0,SME,Tier 2,Jaipur,2.3,1458000
EMP03681,Mohit Reddy,26,Male,Bachelor's,Marketing,SEO Specialist,2.3,2,1,SME,Tier 3,Guwahati,1.9,321000
EMP03682,Gaurav Agarwal,47,Male,Master's,Sales,Pre-Sales Consultant,20.7,12,3,SME,Tier 3,Patna,4.8,3132000
EMP03683,Arjun Patel,41,Male,Bachelor's,Healthcare,Pharmacist,10.5,5,2,Enterprise,Tier 3,Dehradun,3.0,1923000
EMP03684,Myra Singh,47,Other,Master's,Finance,Auditor,17.5,11,2,SME,Tier 1,Hyderabad,3.4,4273000
EMP03685,Ira Mehta,31,Female,Master's,IT,Software Developer,7.4,3,1,MNC,Tier 1,Hyderabad,2.3,2102000
EMP03686,Arjun Joshi,52,Male,Master's,Finance,Accountant,18.2,7,1,Enterprise,Tier 3,Raipur,1.9,2646000
EMP03687,Aanya Malik,27,Female,Master's,IT,Cloud Architect,4.1,5,1,SME,Tier 1,Kolkata,3.6,1613000
EMP03688,Diya Reddy,28,Female,Master's,Engineering,Structural Engineer,1.9,2,0,SME,Tier 1,Delhi,2.6,734000
EMP03689,Ayaan Chatterjee,37,Male,Bachelor's,Healthcare,Nurse,5.8,3,1,Enterprise,Tier 2,Ahmedabad,2.6,1426000
EMP03690,Aanya Joshi,44,Female,Master's,Legal,Litigation Associate,8.6,2,2,MNC,Tier 1,Hyderabad,3.4,2682000
EMP03691,Kavya Thakur,34,Female,Bachelor's,Finance,Auditor,10.4,3,1,SME,Tier 1,Pune,2.2,1628000
EMP03692,Mohit Chopra,54,Male,Bachelor's,Marketing,Market Research Analyst,23.0,5,3,MNC,Tier 3,Guwahati,2.6,2707000
EMP03693,Rajesh Pillai,29,Male,Bachelor's,Engineering,Chemical Engineer,5.6,5,1,MNC,Tier 2,Indore,1.6,1016000
EMP03694,Ananya Iyer,30,Female,Master's,Operations,Warehouse Manager,2.0,4,0,MNC,Tier 1,Pune,2.1,812000
EMP03695,Reyansh Bhat,43,Male,Bachelor's,Operations,Fleet Manager,15.3,4,0,MNC,Tier 2,Kochi,3.2,2149000
EMP03696,Diya Kumar,23,Female,Bachelor's,Healthcare,Public Health Specialist,0.6,2,0,Startup,Tier 3,Mysuru,3.8,283000
EMP03697,Kavya Chopra,44,Female,PhD,Legal,Contract Specialist,9.1,6,0,MNC,Tier 3,Raipur,1.6,1824000
EMP03698,Ishaan Kapoor,23,Male,Bachelor's,Education,Curriculum Designer,0.9,2,0,MNC,Tier 2,Jaipur,4.4,446000
EMP03699,Ira Nair,48,Female,Bachelor's,Education,Teaching Assistant,14.9,4,0,MNC,Tier 1,Delhi,2.4,1947000
EMP03700,Deepak Kapoor,30,Male,Master's,Legal,Legal Consultant,6.1,2,1,MNC,Tier 3,Raipur,4.3,1453000
EMP03701,Aditya Nair,46,Male,Bachelor's,Legal,Contract Specialist,14.4,4,0,Enterprise,Tier 3,Raipur,2.6,2537000
EMP03702,Riya Sharma,58,Female,PhD,Finance,Portfolio Manager,32.3,2,0,MNC,Tier 1,Pune,3.8,7500000
EMP03703,Aadhya Sharma,46,Other,Bachelor's,Operations,Warehouse Manager,15.1,5,2,Enterprise,Tier 2,Lucknow,1.7,1839000
EMP03704,Meera Verma,29,Female,Bachelor's,Education,Academic Counselor,5.9,2,1,SME,Tier 2,Chandigarh,4.9,704000
EMP03705,Pooja Agarwal,57,Female,Bachelor's,Sales,Pre-Sales Consultant,15.8,6,3,Startup,Tier 1,Chennai,4.6,2454000
EMP03706,Rahul Singh,47,Male,Master's,Marketing,Content Writer,20.6,2,2,Enterprise,Tier 2,Ahmedabad,4.1,4043000
EMP03707,Pooja Singh,27,Female,PhD,Operations,Procurement Manager,1.8,2,0,SME,Tier 2,Kochi,1.8,545000
EMP03708,Manish Banerjee,53,Male,Bachelor's,IT,Cybersecurity Analyst,28.7,7,1,Startup,Tier 2,Nagpur,2.7,4088000
EMP03709,Amit Pillai,24,Male,Bachelor's,Marketing,Campaign Manager,0.5,2,0,Enterprise,Tier 2,Indore,3.4,495000
EMP03710,Deepak Deshpande,56,Other,Master's,Education,Teaching Assistant,24.3,5,4,MNC,Tier 3,Bhopal,2.2,2664000
EMP03711,Karan Rao,35,Male,Master's,Healthcare,Doctor,7.0,6,2,SME,Tier 2,Chandigarh,3.3,1387000
EMP03712,Vivaan Malik,38,Male,Bachelor's,Sales,Account Executive,14.0,6,0,MNC,Tier 1,Kolkata,1.9,1911000
EMP03713,Rohan Verma,26,Male,Master's,Marketing,Market Research Analyst,0.3,2,0,Startup,Tier 1,Pune,2.8,434000
EMP03714,Diya Kapoor,30,Female,Master's,HR,HR Generalist,7.5,2,2,MNC,Tier 2,Lucknow,2.6,973000
EMP03715,Kritika Mishra,46,Female,Bachelor's,Education,Lab Instructor,11.1,4,0,Enterprise,Tier 2,Indore,4.2,1609000
EMP03716,Swati Thakur,50,Female,Bachelor's,IT,Cybersecurity Analyst,15.1,4,0,SME,Tier 2,Jaipur,3.2,2226000
EMP03717,Vihaan Singh,41,Male,Bachelor's,Marketing,Content Writer,10.4,7,0,MNC,Tier 2,Nagpur,2.0,1659000
EMP03718,Aanya Kumar,29,Female,Bachelor's,Engineering,Site Engineer,3.1,2,0,Startup,Tier 1,Kolkata,2.2,722000
EMP03719,Vivaan Singh,48,Other,Bachelor's,Engineering,Project Manager,25.7,12,3,MNC,Tier 3,Patna,2.3,3273000
EMP03720,Ira Banerjee,54,Female,Bachelor's,HR,Compensation Analyst,19.5,8,1,Startup,Tier 2,Indore,3.2,1825000
EMP03721,Sakshi Verma,42,Female,PhD,Sales,Channel Partner Manager,17.1,2,2,MNC,Tier 1,Chennai,4.2,5094000
EMP03722,Neha Patel,55,Female,Master's,Engineering,Process Engineer,18.0,4,2,Enterprise,Tier 2,Jaipur,1.6,3522000
EMP03723,Sai Malik,40,Male,PhD,Finance,Financial Analyst,16.0,7,0,Enterprise,Tier 3,Guwahati,3.1,2873000
EMP03724,Anjali Kapoor,27,Female,Bachelor's,Education,Lecturer,3.0,4,1,MNC,Tier 2,Lucknow,3.7,515000
EMP03725,Deepak Mehta,30,Male,Bachelor's,Legal,Compliance Manager,2.8,3,0,SME,Tier 2,Indore,3.8,746000
EMP03726,Aadhya Agarwal,32,Female,Bachelor's,Healthcare,Public Health Specialist,3.5,3,0,SME,Tier 2,Indore,3.8,797000
EMP03727,Myra Verma,41,Female,Master's,Legal,In-House Counsel,15.9,5,0,SME,Tier 3,Mysuru,2.8,2531000
EMP03728,Priya Verma,35,Female,Bachelor's,Healthcare,Hospital Administrator,11.7,3,0,Startup,Tier 1,Mumbai,2.5,2046000
EMP03729,Ishaan Patel,27,Male,Bachelor's,Legal,Litigation Associate,2.8,4,0,Enterprise,Tier 1,Kolkata,4.7,1227000
EMP03730,Arjun Rao,52,Male,Bachelor's,Healthcare,Radiologist,13.9,6,3,SME,Tier 3,Dehradun,3.6,1711000
EMP03731,Anjali Malik,33,Female,Bachelor's,Operations,Inventory Analyst,8.4,4,0,Startup,Tier 1,Pune,3.1,1131000
EMP03732,Ishaan Chopra,46,Male,Bachelor's,Legal,Contract Specialist,12.7,8,2,Startup,Tier 1,Mumbai,4.7,2654000
EMP03733,Pooja Rao,42,Female,Bachelor's,Education,Research Associate,9.5,2,0,Startup,Tier 3,Mysuru,3.2,531000
EMP03734,Ananya Kapoor,40,Female,Bachelor's,Education,Instructional Designer,15.0,5,1,SME,Tier 2,Nagpur,2.6,1351000
EMP03735,Vikram Gupta,49,Male,PhD,Operations,Fleet Manager,15.6,6,3,MNC,Tier 1,Mumbai,1.9,3703000
EMP03736,Sakshi Mishra,43,Other,Master's,Finance,Accountant,12.5,9,0,SME,Tier 1,Bangalore,3.2,2536000
EMP03737,Rahul Pillai,47,Male,Bachelor's,Engineering,Structural Engineer,12.4,8,0,MNC,Tier 1,Pune,3.3,2298000
EMP03738,Pooja Saxena,46,Female,Master's,Marketing,PR Specialist,10.0,4,1,MNC,Tier 2,Nagpur,1.6,1428000
EMP03739,Kavya Bhat,51,Female,Master's,Finance,Credit Analyst,20.8,12,2,SME,Tier 1,Kolkata,3.2,4495000
EMP03740,Nikhil Chopra,38,Male,Bachelor's,HR,Compensation Analyst,10.4,8,0,SME,Tier 1,Mumbai,2.5,1123000
EMP03741,Amit Kapoor,51,Male,Bachelor's,Sales,Pre-Sales Consultant,13.8,3,1,MNC,Tier 2,Indore,2.3,1702000
EMP03742,Nisha Joshi,48,Female,Bachelor's,Sales,Key Account Manager,16.6,4,3,Enterprise,Tier 2,Lucknow,3.7,3007000
EMP03743,Sakshi Pillai,55,Female,Bachelor's,Engineering,Quality Engineer,20.6,6,0,MNC,Tier 2,Chandigarh,3.7,3353000
EMP03744,Kavya Mehta,50,Female,Master's,IT,Cloud Architect,21.2,13,0,SME,Tier 1,Mumbai,4.4,5841000
EMP03745,Kavya Mehta,35,Female,Bachelor's,IT,Data Scientist,8.6,2,1,Startup,Tier 2,Chandigarh,3.6,1182000
EMP03746,Sai Mishra,57,Male,Bachelor's,Legal,Paralegal,20.5,7,2,SME,Tier 2,Indore,2.1,3301000
EMP03747,Diya Rao,52,Female,Bachelor's,Sales,Inside Sales Representative,20.3,4,3,SME,Tier 1,Kolkata,2.4,2381000
EMP03748,Arjun Pillai,30,Male,Master's,IT,DevOps Engineer,1.9,3,0,Startup,Tier 1,Chennai,2.9,795000
EMP03749,Amit Mehta,32,Male,Master's,Finance,Auditor,6.1,5,0,MNC,Tier 2,Lucknow,3.0,1536000
EMP03750,Vivaan Mishra,37,Male,PhD,Finance,Treasury Analyst,8.1,7,2,Startup,Tier 1,Delhi,4.1,1900000
EMP03751,Rahul Verma,47,Male,Master's,Engineering,Civil Engineer,19.9,7,2,SME,Tier 1,Bangalore,2.9,3548000
EMP03752,Neha Gupta,28,Female,PhD,IT,Software Developer,4.8,3,0,MNC,Tier 1,Hyderabad,4.1,2173000
EMP03753,Vikram Kumar,37,Male,PhD,Finance,Tax Consultant,5.8,5,1,Startup,Tier 1,Chennai,4.3,1818000
EMP03754,Meera Sharma,43,Female,Bachelor's,Education,Academic Counselor,9.5,4,2,MNC,Tier 1,Bangalore,2.1,1209000
EMP03755,Vivaan Joshi,35,Male,Bachelor's,IT,Cloud Architect,8.4,3,0,MNC,Tier 1,Chennai,4.5,2062000
EMP03756,Swati Reddy,47,Female,Bachelor's,HR,Training Coordinator,18.3,8,0,Startup,Tier 2,Indore,3.7,1481000
EMP03757,Anjali Malik,35,Female,PhD,Sales,Sales Manager,4.6,2,0,Startup,Tier 1,Kolkata,4.8,1198000
EMP03758,Reyansh Pillai,36,Male,Bachelor's,Healthcare,Pharmacist,6.9,5,1,Startup,Tier 1,Chennai,4.3,1692000
EMP03759,Ayaan Bhat,33,Male,Bachelor's,Sales,Channel Partner Manager,6.5,4,1,Startup,Tier 3,Guwahati,2.1,576000
EMP03760,Gaurav Kapoor,45,Male,Bachelor's,HR,Training Coordinator,15.8,5,1,MNC,Tier 2,Jaipur,2.0,1720000
EMP03761,Pooja Agarwal,46,Female,Bachelor's,Engineering,Site Engineer,21.6,2,2,SME,Tier 1,Mumbai,2.0,2964000
EMP03762,Meera Agarwal,45,Female,Bachelor's,Finance,Treasury Analyst,19.6,6,1,SME,Tier 3,Patna,3.7,2282000
EMP03763,Vivaan Mehta,22,Male,Bachelor's,Engineering,Electrical Engineer,0.0,3,0,Enterprise,Tier 1,Kolkata,2.4,508000
EMP03764,Amit Sharma,40,Male,Bachelor's,Education,Lecturer,7.9,6,0,Enterprise,Tier 1,Hyderabad,4.1,1487000
EMP03765,Sai Agarwal,47,Male,Bachelor's,Finance,Accountant,11.6,5,2,SME,Tier 1,Chennai,4.0,2185000
EMP03766,Sara Mishra,26,Female,Bachelor's,HR,Training Coordinator,3.1,2,0,Enterprise,Tier 1,Delhi,1.7,681000
EMP03767,Mohit Banerjee,27,Male,Bachelor's,Education,Teaching Assistant,1.2,3,1,MNC,Tier 3,Raipur,4.9,367000
EMP03768,Meera Das,22,Female,Bachelor's,Sales,Sales Engineer,0.0,3,0,MNC,Tier 2,Nagpur,2.2,360000
EMP03769,Amit Bhat,29,Male,Bachelor's,Operations,Logistics Coordinator,6.2,5,1,SME,Tier 2,Kochi,4.8,1018000
EMP03770,Rahul Das,43,Male,Bachelor's,IT,Software Developer,10.8,3,1,Enterprise,Tier 1,Bangalore,3.9,2712000
EMP03771,Ananya Iyer,52,Female,Master's,Operations,Logistics Coordinator,22.1,5,1,SME,Tier 1,Bangalore,3.9,4176000
EMP03772,Mohit Joshi,50,Male,Master's,Legal,Legal Consultant,14.9,4,1,MNC,Tier 3,Guwahati,3.3,2819000
EMP03773,Rajesh Mehta,38,Male,Bachelor's,Engineering,Electrical Engineer,12.1,5,1,MNC,Tier 3,Raipur,2.2,1293000
EMP03774,Ananya Agarwal,52,Female,Bachelor's,Sales,Account Executive,26.3,11,2,MNC,Tier 1,Kolkata,3.0,4776000
EMP03775,Nikhil Sharma,54,Male,Master's,IT,Cybersecurity Analyst,23.2,13,0,SME,Tier 2,Lucknow,2.9,3977000
EMP03776,Arjun Iyer,41,Male,Bachelor's,Healthcare,Pharmacist,13.1,6,0,SME,Tier 1,Bangalore,3.9,2916000
EMP03777,Sneha Patel,33,Female,Master's,Finance,Tax Consultant,11.0,3,0,SME,Tier 2,Ahmedabad,3.7,1569000
EMP03778,Bhavna Patel,58,Female,PhD,Legal,Patent Attorney,22.6,3,3,SME,Tier 2,Nagpur,4.2,5794000
EMP03779,Pranav Banerjee,33,Male,Master's,HR,HRIS Analyst,9.2,2,0,Startup,Tier 1,Pune,4.0,1083000
EMP03780,Shreya Malik,42,Female,Master's,Operations,Inventory Analyst,12.1,6,1,Startup,Tier 2,Kochi,1.8,1310000
EMP03781,Myra Agarwal,22,Female,Bachelor's,Marketing,Campaign Manager,0.0,2,1,Enterprise,Tier 1,Delhi,4.5,566000
EMP03782,Ira Das,54,Female,Bachelor's,Finance,Portfolio Manager,22.2,13,3,MNC,Tier 1,Chennai,3.7,5299000
EMP03783,Aanya Chopra,46,Female,PhD,Engineering,Site Engineer,15.6,2,1,Startup,Tier 1,Delhi,3.5,2786000
EMP03784,Kavya Agarwal,28,Female,Master's,Marketing,PR Specialist,4.0,4,0,Enterprise,Tier 1,Bangalore,2.5,1011000
EMP03785,Vikram Kumar,49,Male,Bachelor's,Legal,Litigation Associate,18.8,6,2,Startup,Tier 1,Pune,2.2,3387000
EMP03786,Deepak Singh,52,Male,Bachelor's,Sales,Account Executive,24.4,15,4,Startup,Tier 1,Hyderabad,2.2,3476000
EMP03787,Vihaan Verma,33,Male,Master's,Education,Dean,4.5,4,0,MNC,Tier 1,Bangalore,3.2,996000
EMP03788,Rohan Reddy,42,Male,Bachelor's,Marketing,Social Media Manager,15.8,5,2,Enterprise,Tier 1,Hyderabad,4.9,3116000
EMP03789,Sakshi Gupta,46,Female,Bachelor's,Marketing,Social Media Manager,13.7,3,2,Enterprise,Tier 3,Patna,2.4,1540000
EMP03790,Anjali Patel,42,Female,Bachelor's,Legal,Contract Specialist,14.5,4,1,Startup,Tier 3,Patna,3.5,1980000
EMP03791,Simran Iyer,43,Female,Master's,IT,DevOps Engineer,20.0,6,2,SME,Tier 2,Ahmedabad,3.5,4203000
EMP03792,Diya Deshpande,58,Female,Master's,Sales,Account Executive,24.0,4,2,Enterprise,Tier 2,Lucknow,1.9,4095000
EMP03793,Ayaan Kapoor,48,Male,Bachelor's,Marketing,Brand Manager,24.8,8,0,MNC,Tier 1,Kolkata,2.5,4019000
EMP03794,Vikram Singh,49,Male,Master's,Education,Curriculum Designer,14.5,9,0,SME,Tier 2,Indore,4.4,1841000
EMP03795,Aditya Kumar,53,Male,Master's,Legal,Corporate Lawyer,20.2,7,1,MNC,Tier 1,Hyderabad,4.3,6884000
EMP03796,Tanvi Joshi,22,Female,Master's,Engineering,Site Engineer,0.0,2,1,SME,Tier 1,Mumbai,2.5,494000
EMP03797,Sara Chopra,34,Female,Bachelor's,Finance,Portfolio Manager,11.1,6,2,SME,Tier 2,Kochi,2.8,1542000
EMP03798,Krishna Sharma,29,Male,Master's,Healthcare,Physiotherapist,2.7,2,1,Enterprise,Tier 1,Mumbai,2.4,1132000
EMP03799,Meera Singh,40,Female,Master's,Sales,Key Account Manager,6.6,6,1,Startup,Tier 1,Delhi,2.5,1011000
EMP03800,Rajesh Bhat,25,Male,Master's,Finance,Auditor,0.4,2,1,SME,Tier 1,Kolkata,1.7,479000
EMP03801,Deepak Mehta,32,Male,Bachelor's,Sales,Business Development Manager,4.3,3,0,MNC,Tier 3,Dehradun,3.3,563000
EMP03802,Pooja Reddy,44,Female,Bachelor's,Education,Instructional Designer,16.5,11,3,Enterprise,Tier 2,Lucknow,3.3,2040000
EMP03803,Amit Saxena,58,Male,Bachelor's,Education,Curriculum Designer,20.5,13,3,Startup,Tier 1,Chennai,3.2,2183000
EMP03804,Vihaan Das,45,Male,Master's,Education,Instructional Designer,19.5,7,1,MNC,Tier 3,Mysuru,1.7,1911000
EMP03805,Anjali Chopra,43,Female,Bachelor's,Healthcare,Public Health Specialist,11.8,5,0,MNC,Tier 1,Chennai,4.1,2850000
EMP03806,Anjali Mehta,42,Female,Master's,HR,Recruiter,12.8,5,2,MNC,Tier 2,Lucknow,1.8,1783000
EMP03807,Kritika Singh,38,Female,Bachelor's,Finance,Tax Consultant,8.5,7,0,MNC,Tier 2,Ahmedabad,2.0,1353000
EMP03808,Divya Chatterjee,53,Female,Bachelor's,HR,HR Manager,30.1,7,1,MNC,Tier 2,Indore,3.9,3092000
EMP03809,Vivaan Reddy,45,Other,Bachelor's,Legal,Contract Specialist,14.6,5,0,Enterprise,Tier 2,Indore,4.6,3788000
EMP03810,Tanvi Rao,42,Female,Bachelor's,IT,Cybersecurity Analyst,8.3,7,2,SME,Tier 3,Bhopal,3.7,1320000
EMP03811,Mohit Patel,36,Male,Bachelor's,Engineering,Civil Engineer,8.3,2,1,Startup,Tier 2,Ahmedabad,1.7,791000
EMP03812,Arjun Kumar,25,Male,Master's,Education,Lecturer,2.3,2,0,Startup,Tier 2,Chandigarh,1.7,387000
EMP03813,Aanya Joshi,50,Female,Bachelor's,Legal,Paralegal,21.9,2,2,Enterprise,Tier 1,Bangalore,3.2,5526000
EMP03814,Suresh Sharma,38,Male,Master's,Legal,Legal Analyst,10.3,8,1,SME,Tier 3,Ranchi,2.5,1695000
EMP03815,Priya Reddy,35,Female,Master's,Marketing,Growth Hacker,8.7,4,2,Enterprise,Tier 1,Chennai,4.7,2095000
EMP03816,Ishaan Thakur,34,Male,Master's,Sales,Business Development Manager,5.7,3,0,Startup,Tier 2,Ahmedabad,3.8,747000
EMP03817,Isha Kapoor,38,Female,Master's,IT,Frontend Developer,9.0,7,2,SME,Tier 3,Bhopal,4.9,1699000
EMP03818,Simran Bhat,34,Female,Bachelor's,Marketing,Marketing Manager,11.7,7,1,Startup,Tier 2,Lucknow,4.4,1370000
EMP03819,Pranav Patel,27,Male,Master's,IT,QA Engineer,3.3,4,0,Enterprise,Tier 1,Hyderabad,3.1,1416000
EMP03820,Anjali Singh,27,Female,Master's,IT,ML Engineer,4.0,2,0,Enterprise,Tier 1,Chennai,3.4,1449000
EMP03821,Swati Agarwal,52,Female,PhD,Healthcare,Physiotherapist,20.1,7,1,MNC,Tier 1,Delhi,3.8,7500000
EMP03822,Tanvi Bhat,34,Female,Bachelor's,Legal,Paralegal,8.2,3,2,Enterprise,Tier 2,Lucknow,2.6,1894000
EMP03823,Sai Nair,54,Male,Master's,Operations,Logistics Coordinator,14.1,3,3,MNC,Tier 2,Chandigarh,2.6,2247000
EMP03824,Tanvi Bhat,23,Female,Master's,Operations,Process Improvement Analyst,0.8,2,1,MNC,Tier 2,Lucknow,3.5,592000
EMP03825,Aanya Sharma,46,Female,Master's,Legal,Compliance Manager,12.3,4,1,SME,Tier 3,Mysuru,2.3,1732000
EMP03826,Divya Agarwal,25,Female,Master's,HR,HRIS Analyst,1.2,2,0,Enterprise,Tier 1,Delhi,4.0,843000
EMP03827,Ananya Gupta,22,Female,Master's,Finance,Tax Consultant,0.0,3,1,MNC,Tier 1,Chennai,2.0,536000
EMP03828,Vivaan Chatterjee,28,Male,Master's,Sales,Territory Manager,0.1,2,0,Startup,Tier 2,Ahmedabad,3.1,337000
EMP03829,Aadhya Kumar,44,Female,Master's,Operations,Operations Analyst,11.4,2,0,Enterprise,Tier 1,Mumbai,3.9,2727000
EMP03830,Vivaan Nair,53,Male,Bachelor's,Finance,Financial Analyst,30.8,14,4,SME,Tier 2,Nagpur,4.4,5293000
EMP03831,Rahul Singh,31,Male,Bachelor's,Legal,Corporate Lawyer,6.7,5,2,SME,Tier 3,Guwahati,4.1,1125000
EMP03832,Aarav Patel,32,Male,Bachelor's,Legal,Contract Specialist,6.0,6,0,Startup,Tier 1,Delhi,3.0,1184000
EMP03833,Reyansh Reddy,41,Male,Bachelor's,Education,Dean,9.5,6,1,Enterprise,Tier 3,Dehradun,2.1,984000
EMP03834,Sara Chopra,42,Female,Master's,IT,Cybersecurity Analyst,18.7,11,2,Enterprise,Tier 1,Delhi,3.2,5423000
EMP03835,Bhavna Malik,49,Female,Master's,Legal,In-House Counsel,25.5,15,1,SME,Tier 1,Delhi,4.2,7357000
EMP03836,Vikram Joshi,53,Male,Bachelor's,Operations,Process Improvement Analyst,29.2,7,5,SME,Tier 2,Chandigarh,1.9,2960000
EMP03837,Rahul Verma,47,Male,Bachelor's,Operations,Inventory Analyst,23.9,7,0,Startup,Tier 2,Jaipur,2.6,2549000
EMP03838,Rohan Das,54,Male,Bachelor's,HR,Training Coordinator,21.6,8,4,SME,Tier 1,Pune,4.1,3309000
EMP03839,Manish Joshi,47,Male,Bachelor's,IT,QA Engineer,13.7,4,2,Startup,Tier 1,Hyderabad,2.0,1910000
EMP03840,Aarav Bhat,32,Male,Bachelor's,Operations,Logistics Coordinator,4.3,3,0,Startup,Tier 2,Lucknow,3.5,578000
EMP03841,Ankit Kapoor,40,Male,Bachelor's,Engineering,Electrical Engineer,16.9,8,1,SME,Tier 2,Nagpur,2.5,1978000
EMP03842,Rajesh Rao,27,Male,Bachelor's,Finance,Investment Banker,3.5,3,1,SME,Tier 3,Raipur,2.3,492000
EMP03843,Deepak Nair,36,Other,Bachelor's,HR,HRIS Analyst,10.5,8,2,MNC,Tier 3,Bhopal,3.0,1222000
EMP03844,Rahul Deshpande,43,Male,Bachelor's,Sales,Territory Manager,16.7,7,0,Startup,Tier 1,Kolkata,1.7,1665000
EMP03845,Mohit Agarwal,41,Male,Master's,Legal,Compliance Manager,16.1,3,0,SME,Tier 2,Lucknow,2.2,3184000
EMP03846,Swati Thakur,28,Female,PhD,IT,Full Stack Developer,4.0,4,1,MNC,Tier 1,Pune,1.9,1732000
EMP03847,Sakshi Iyer,25,Female,Bachelor's,Education,Instructional Designer,1.5,2,1,Enterprise,Tier 3,Ranchi,3.6,438000
EMP03848,Aditya Sharma,41,Male,Bachelor's,Sales,Key Account Manager,16.9,10,1,MNC,Tier 3,Dehradun,2.6,1929000
EMP03849,Nisha Thakur,50,Female,Bachelor's,Education,Professor,23.3,6,0,SME,Tier 3,Raipur,1.7,1492000
EMP03850,Rahul Malik,51,Male,PhD,Legal,Legal Consultant,28.9,12,0,Enterprise,Tier 2,Jaipur,4.7,7500000
EMP03851,Krishna Singh,35,Male,Master's,Finance,Investment Banker,11.3,4,2,SME,Tier 3,Ranchi,4.9,1711000
EMP03852,Swati Chatterjee,56,Female,PhD,Legal,Litigation Associate,28.7,13,3,MNC,Tier 3,Patna,3.0,7500000
EMP03853,Diya Chatterjee,46,Female,Master's,HR,HRIS Analyst,9.4,2,2,MNC,Tier 2,Jaipur,1.6,1376000
EMP03854,Ayaan Chatterjee,26,Male,Master's,IT,Cybersecurity Analyst,3.1,3,1,Enterprise,Tier 2,Ahmedabad,3.5,1137000
EMP03855,Manish Rao,35,Male,Master's,Operations,Warehouse Manager,11.9,6,1,Enterprise,Tier 2,Lucknow,2.2,1935000
EMP03856,Nikhil Saxena,39,Male,Master's,Finance,Risk Analyst,13.9,9,3,Enterprise,Tier 1,Chennai,1.8,3443000
EMP03857,Kritika Saxena,27,Female,Bachelor's,Marketing,Brand Manager,4.1,4,0,SME,Tier 1,Bangalore,2.1,610000
EMP03858,Karan Sharma,51,Male,Master's,Finance,Investment Banker,20.1,9,4,SME,Tier 1,Chennai,3.2,4734000
EMP03859,Sakshi Verma,54,Female,Master's,Marketing,Content Writer,16.3,2,1,Startup,Tier 1,Delhi,3.3,2162000
EMP03860,Kritika Nair,42,Female,Bachelor's,Legal,In-House Counsel,17.3,10,0,SME,Tier 1,Delhi,3.2,3630000
EMP03861,Aadhya Joshi,31,Female,Master's,Education,Instructional Designer,5.9,2,0,MNC,Tier 1,Delhi,4.2,1163000
EMP03862,Harsh Singh,56,Male,Master's,Marketing,SEO Specialist,18.8,9,2,SME,Tier 1,Mumbai,4.4,3446000
EMP03863,Sneha Mishra,32,Female,Bachelor's,Finance,Credit Analyst,4.6,3,1,MNC,Tier 1,Chennai,2.1,1064000
EMP03864,Aditya Bhat,43,Male,Master's,Operations,Fleet Manager,15.8,10,2,Enterprise,Tier 1,Mumbai,1.8,3162000
EMP03865,Aarav Bhat,25,Other,Bachelor's,IT,ML Engineer,0.4,2,0,SME,Tier 2,Nagpur,3.8,479000
EMP03866,Gaurav Bhat,43,Male,Master's,Marketing,Market Research Analyst,9.6,6,0,Startup,Tier 2,Indore,2.7,1092000
EMP03867,Diya Singh,37,Female,Bachelor's,Operations,Inventory Analyst,10.6,7,2,SME,Tier 2,Nagpur,3.5,1384000
EMP03868,Anjali Joshi,54,Female,PhD,Operations,Warehouse Manager,19.8,12,2,MNC,Tier 1,Delhi,2.5,5606000
EMP03869,Isha Deshpande,25,Female,Bachelor's,HR,HR Business Partner,3.0,4,0,SME,Tier 1,Bangalore,3.5,635000
EMP03870,Neha Banerjee,42,Female,Bachelor's,HR,HR Business Partner,11.1,5,2,MNC,Tier 2,Kochi,1.7,1349000
EMP03871,Rohan Patel,42,Male,Bachelor's,Sales,Pre-Sales Consultant,14.4,8,2,SME,Tier 3,Raipur,3.6,1374000
EMP03872,Neha Nair,27,Female,Bachelor's,Sales,Key Account Manager,1.2,2,0,SME,Tier 1,Chennai,3.7,499000
EMP03873,Krishna Pillai,36,Male,Master's,Legal,Litigation Associate,8.8,3,2,MNC,Tier 1,Mumbai,5.0,2933000
EMP03874,Arjun Patel,38,Male,Bachelor's,Education,Professor,13.2,5,1,MNC,Tier 1,Hyderabad,2.0,1428000
EMP03875,Karan Kumar,24,Male,Bachelor's,Finance,Treasury Analyst,1.0,2,1,Startup,Tier 2,Nagpur,3.0,393000
EMP03876,Suresh Chopra,57,Male,Master's,Sales,Territory Manager,33.7,5,1,Enterprise,Tier 1,Mumbai,3.4,7500000
EMP03877,Ira Bhat,51,Female,Bachelor's,Sales,Business Development Manager,28.5,5,1,Enterprise,Tier 2,Chandigarh,4.3,5181000
EMP03878,Kavya Singh,25,Female,Master's,Education,Dean,1.7,2,0,Enterprise,Tier 2,Kochi,3.7,623000
EMP03879,Vihaan Rao,57,Male,Bachelor's,Healthcare,Doctor,23.5,5,1,MNC,Tier 2,Indore,4.6,5149000
EMP03880,Reyansh Joshi,34,Male,Bachelor's,Operations,Fleet Manager,9.7,6,1,Startup,Tier 1,Mumbai,4.4,1380000
EMP03881,Isha Reddy,33,Female,Bachelor's,HR,Compensation Analyst,9.7,2,0,MNC,Tier 1,Kolkata,4.9,1684000
EMP03882,Vihaan Banerjee,34,Male,Bachelor's,HR,Compensation Analyst,4.0,5,0,SME,Tier 2,Lucknow,4.4,660000
EMP03883,Sneha Singh,30,Female,Bachelor's,Healthcare,Physiotherapist,5.0,5,0,Startup,Tier 1,Mumbai,3.5,879000
EMP03884,Ankit Patel,52,Male,Master's,HR,HR Business Partner,23.7,7,1,Enterprise,Tier 1,Chennai,3.5,4519000
EMP03885,Kavya Kumar,56,Female,Bachelor's,Finance,Treasury Analyst,23.8,10,4,SME,Tier 1,Delhi,4.5,5115000
EMP03886,Vihaan Thakur,25,Male,Bachelor's,HR,HR Business Partner,2.9,2,1,SME,Tier 1,Kolkata,4.5,705000
EMP03887,Amit Kumar,43,Male,Master's,Education,Lecturer,7.8,2,0,SME,Tier 3,Mysuru,3.4,615000
EMP03888,Ishaan Nair,52,Male,PhD,Marketing,Growth Hacker,16.9,9,0,MNC,Tier 2,Nagpur,4.7,3868000
EMP03889,Amit Nair,25,Male,PhD,Finance,Investment Banker,1.8,2,0,Startup,Tier 1,Pune,3.2,837000
EMP03890,Vihaan Gupta,30,Male,Master's,Sales,Sales Manager,6.2,3,0,Startup,Tier 1,Bangalore,3.0,1100000
EMP03891,Amit Malik,40,Male,Master's,Healthcare,Physiotherapist,7.9,3,2,Startup,Tier 1,Pune,2.9,1820000
EMP03892,Simran Saxena,39,Other,Bachelor's,Marketing,SEO Specialist,11.0,2,1,SME,Tier 3,Mysuru,1.7,887000
EMP03893,Ayaan Chatterjee,40,Male,Bachelor's,Marketing,PR Specialist,8.8,4,1,SME,Tier 3,Guwahati,4.5,890000
EMP03894,Harsh Rao,46,Male,Bachelor's,HR,Payroll Specialist,18.2,6,2,Enterprise,Tier 1,Bangalore,4.1,2781000
EMP03895,Manish Patel,24,Male,Bachelor's,Engineering,Structural Engineer,1.9,2,1,SME,Tier 1,Mumbai,2.8,609000
EMP03896,Aditya Chopra,47,Male,Bachelor's,Marketing,Digital Marketing Analyst,22.8,14,4,MNC,Tier 3,Patna,1.7,2822000
EMP03897,Vihaan Chatterjee,46,Male,Master's,Marketing,Campaign Manager,18.0,4,0,Startup,Tier 2,Indore,4.8,2673000
EMP03898,Sai Iyer,22,Male,Bachelor's,IT,Backend Developer,0.0,3,0,MNC,Tier 1,Chennai,1.6,555000
EMP03899,Priya Mehta,55,Female,Master's,Education,Education Consultant,32.7,12,1,SME,Tier 1,Kolkata,3.5,4479000
EMP03900,Suresh Malik,58,Male,Master's,Legal,Patent Attorney,17.8,6,1,MNC,Tier 2,Jaipur,4.1,5004000
EMP03901,Ira Banerjee,55,Female,Bachelor's,Legal,Legal Analyst,22.0,6,4,Enterprise,Tier 3,Raipur,2.6,3980000
EMP03902,Nisha Pillai,49,Female,PhD,Legal,Paralegal,23.1,5,0,MNC,Tier 1,Chennai,1.5,6898000
EMP03903,Nisha Pillai,38,Female,Bachelor's,Finance,Treasury Analyst,15.0,4,2,SME,Tier 1,Kolkata,3.7,2962000
EMP03904,Myra Malik,43,Female,Bachelor's,Legal,Legal Advisor,8.8,2,2,Startup,Tier 2,Nagpur,2.8,1240000
EMP03905,Riya Reddy,42,Female,Bachelor's,Sales,Territory Manager,12.2,2,1,SME,Tier 1,Chennai,4.0,2080000
EMP03906,Ayaan Agarwal,23,Male,Bachelor's,HR,Employee Relations Specialist,0.3,2,1,Startup,Tier 2,Indore,2.5,267000
EMP03907,Ira Das,53,Female,Bachelor's,IT,QA Engineer,23.4,13,1,Startup,Tier 2,Nagpur,4.0,4373000
EMP03908,Neha Verma,26,Female,PhD,Legal,Legal Advisor,3.3,2,0,Enterprise,Tier 2,Kochi,3.1,1323000
EMP03909,Vikram Malik,25,Male,Master's,Legal,Compliance Manager,1.4,2,1,MNC,Tier 2,Ahmedabad,2.7,865000
EMP03910,Ishaan Das,25,Male,Bachelor's,IT,QA Engineer,1.9,3,1,SME,Tier 1,Kolkata,3.1,720000
EMP03911,Reyansh Kumar,45,Male,Master's,Engineering,Design Engineer,19.3,3,0,SME,Tier 1,Delhi,4.3,3255000
EMP03912,Aadhya Sharma,53,Female,Bachelor's,IT,Data Scientist,13.6,4,1,Startup,Tier 1,Kolkata,2.9,2229000
EMP03913,Tanvi Verma,42,Female,Bachelor's,IT,Data Scientist,19.1,3,0,MNC,Tier 2,Nagpur,2.4,3410000
EMP03914,Ananya Banerjee,51,Female,Bachelor's,Sales,Territory Manager,26.4,2,0,SME,Tier 1,Mumbai,4.3,3706000
EMP03915,Meera Nair,33,Female,Master's,Healthcare,Physiotherapist,3.5,3,1,MNC,Tier 3,Raipur,4.8,872000
EMP03916,Amit Singh,49,Male,Bachelor's,Finance,Accountant,25.4,9,0,Enterprise,Tier 1,Delhi,2.4,5264000
EMP03917,Suresh Banerjee,42,Male,Bachelor's,Healthcare,Hospital Administrator,19.1,4,0,MNC,Tier 2,Nagpur,2.0,3441000
EMP03918,Krishna Bhat,55,Male,Bachelor's,Legal,Legal Analyst,25.9,7,0,Enterprise,Tier 1,Bangalore,4.9,7500000
EMP03919,Myra Das,35,Female,Bachelor's,Education,Research Associate,6.4,5,1,SME,Tier 1,Mumbai,4.5,1035000
EMP03920,Ishaan Sharma,31,Other,Bachelor's,Finance,Risk Analyst,6.5,3,0,SME,Tier 2,Ahmedabad,3.1,966000
EMP03921,Nisha Iyer,41,Female,Bachelor's,Healthcare,Pharmacist,13.4,9,0,SME,Tier 1,Mumbai,1.7,2776000
EMP03922,Pooja Chopra,49,Female,Bachelor's,Operations,Inventory Analyst,18.0,9,3,Startup,Tier 1,Kolkata,2.0,2185000
EMP03923,Tanvi Das,41,Female,Master's,Operations,Supply Chain Analyst,17.8,2,2,MNC,Tier 2,Ahmedabad,2.5,2615000
EMP03924,Deepak Iyer,42,Other,Master's,HR,HR Business Partner,18.8,7,3,SME,Tier 3,Patna,3.9,1834000
EMP03925,Nisha Singh,44,Female,Bachelor's,Healthcare,Dentist,15.5,5,1,MNC,Tier 3,Mysuru,2.3,2312000
EMP03926,Bhavna Patel,51,Female,Master's,Engineering,Project Manager,16.0,10,2,Startup,Tier 3,Mysuru,3.6,1926000
EMP03927,Meera Saxena,41,Female,Bachelor's,HR,HR Manager,9.7,7,0,MNC,Tier 1,Mumbai,4.5,1839000
EMP03928,Vikram Mehta,58,Male,Bachelor's,Marketing,Growth Hacker,35.8,4,1,Startup,Tier 1,Pune,4.8,4201000
EMP03929,Ira Chatterjee,46,Female,Bachelor's,Healthcare,Pharmacist,20.8,10,4,Enterprise,Tier 2,Nagpur,2.8,4891000
EMP03930,Rahul Joshi,31,Male,Master's,Marketing,Campaign Manager,5.6,2,0,SME,Tier 2,Indore,2.9,870000
EMP03931,Aanya Chatterjee,51,Female,Bachelor's,IT,Data Scientist,27.6,3,0,Enterprise,Tier 1,Pune,3.3,6586000
EMP03932,Myra Reddy,26,Female,Bachelor's,Operations,Warehouse Manager,0.6,2,0,SME,Tier 2,Indore,4.7,467000
EMP03933,Rajesh Deshpande,26,Male,Bachelor's,Operations,Fleet Manager,3.5,3,0,SME,Tier 1,Kolkata,3.6,777000
EMP03934,Myra Singh,45,Female,Bachelor's,Operations,Operations Analyst,20.7,2,0,MNC,Tier 3,Ranchi,2.3,2060000
EMP03935,Karan Rao,36,Male,Bachelor's,IT,QA Engineer,8.0,6,1,Startup,Tier 2,Indore,2.2,1129000
EMP03936,Deepak Pillai,33,Male,Bachelor's,Marketing,Content Writer,10.0,8,1,SME,Tier 1,Kolkata,1.9,1343000
EMP03937,Aditya Kapoor,25,Male,Bachelor's,Marketing,Campaign Manager,1.5,3,0,SME,Tier 1,Bangalore,3.0,565000
EMP03938,Myra Mishra,36,Female,Bachelor's,Engineering,Structural Engineer,11.6,2,1,Enterprise,Tier 2,Lucknow,4.4,1901000
EMP03939,Simran Gupta,48,Female,Bachelor's,Healthcare,Clinical Research Associate,21.9,7,2,Enterprise,Tier 1,Delhi,3.8,6735000
EMP03940,Pranav Mishra,40,Male,Bachelor's,Education,Research Associate,15.8,9,1,MNC,Tier 1,Chennai,3.1,2116000
EMP03941,Swati Thakur,33,Female,Bachelor's,HR,Talent Acquisition Lead,6.1,4,0,MNC,Tier 3,Patna,1.9,637000
EMP03942,Ishaan Bhat,47,Male,Bachelor's,Legal,Litigation Associate,18.1,6,2,SME,Tier 2,Indore,1.6,3011000
EMP03943,Harsh Chopra,56,Male,Bachelor's,Healthcare,Radiologist,26.3,15,1,SME,Tier 1,Bangalore,4.7,6968000
EMP03944,Ananya Verma,30,Female,Master's,Education,Academic Counselor,5.2,3,1,SME,Tier 1,Pune,4.4,793000
EMP03945,Ira Singh,33,Female,Master's,Healthcare,Hospital Administrator,5.6,5,0,Startup,Tier 3,Guwahati,4.3,929000
EMP03946,Rahul Singh,53,Male,Bachelor's,Marketing,Social Media Manager,23.3,8,1,Enterprise,Tier 3,Guwahati,2.1,2816000
EMP03947,Rohan Das,41,Male,Bachelor's,Sales,Territory Manager,17.7,9,0,SME,Tier 1,Delhi,4.8,3182000
EMP03948,Ira Chatterjee,54,Female,Master's,Finance,Financial Analyst,30.4,14,2,MNC,Tier 2,Lucknow,2.7,6235000
EMP03949,Mohit Reddy,49,Male,Master's,Marketing,Brand Manager,24.6,8,0,MNC,Tier 1,Chennai,3.7,5127000
EMP03950,Meera Agarwal,56,Female,Master's,Legal,In-House Counsel,19.9,12,3,SME,Tier 1,Bangalore,2.9,4950000
EMP03951,Arjun Verma,50,Male,Master's,Education,Professor,25.1,8,4,MNC,Tier 2,Indore,1.9,3593000
EMP03952,Shreya Kapoor,47,Female,Bachelor's,Operations,Warehouse Manager,14.7,8,2,MNC,Tier 1,Mumbai,4.2,2636000
EMP03953,Rohan Banerjee,56,Male,Bachelor's,IT,DevOps Engineer,22.3,4,0,MNC,Tier 1,Kolkata,3.8,6079000
EMP03954,Ayaan Deshpande,48,Male,Bachelor's,Marketing,Social Media Manager,22.1,10,2,Enterprise,Tier 1,Kolkata,1.8,3960000
EMP03955,Riya Gupta,34,Female,Master's,IT,Cloud Architect,9.6,3,2,MNC,Tier 1,Kolkata,3.8,2761000
EMP03956,Ankit Mehta,39,Male,Bachelor's,Marketing,Marketing Manager,6.5,4,1,MNC,Tier 2,Ahmedabad,4.1,1067000
EMP03957,Ishaan Singh,40,Male,Master's,Education,Lecturer,12.0,3,1,SME,Tier 2,Chandigarh,2.3,1224000
EMP03958,Priya Saxena,49,Female,Bachelor's,Education,Teaching Assistant,22.9,9,4,MNC,Tier 1,Mumbai,3.1,3500000
EMP03959,Rohan Sharma,51,Male,Master's,Engineering,Design Engineer,19.0,8,2,Startup,Tier 3,Guwahati,2.0,2134000
EMP03960,Vivaan Das,54,Male,Master's,Education,Education Consultant,29.3,13,1,Startup,Tier 2,Chandigarh,3.2,3089000
EMP03961,Sakshi Saxena,38,Female,Bachelor's,HR,HR Manager,12.7,6,0,MNC,Tier 2,Kochi,4.5,1653000
EMP03962,Manish Banerjee,25,Male,Bachelor's,Finance,Compliance Officer,2.0,2,0,Enterprise,Tier 2,Ahmedabad,3.7,870000
EMP03963,Pranav Singh,35,Male,Master's,Operations,Logistics Coordinator,8.0,6,0,MNC,Tier 2,Lucknow,3.5,1479000
EMP03964,Tanvi Thakur,52,Female,Master's,Healthcare,Nurse,19.4,2,0,MNC,Tier 3,Dehradun,4.1,4265000
EMP03965,Gaurav Sharma,28,Male,Bachelor's,Sales,Regional Sales Head,4.6,4,0,Startup,Tier 1,Chennai,4.2,763000
EMP03966,Ankit Pillai,36,Male,Bachelor's,Finance,Portfolio Manager,12.9,7,2,Startup,Tier 3,Patna,1.8,1202000
EMP03967,Suresh Deshpande,51,Male,PhD,Operations,Procurement Manager,13.5,7,1,MNC,Tier 2,Ahmedabad,3.9,3028000
EMP03968,Sai Chatterjee,43,Male,Master's,Legal,Contract Specialist,16.4,3,0,Enterprise,Tier 3,Ranchi,3.0,2781000
EMP03969,Sakshi Deshpande,43,Female,Bachelor's,Marketing,Campaign Manager,9.9,3,1,Startup,Tier 1,Chennai,3.9,1522000
EMP03970,Pranav Gupta,34,Male,Bachelor's,Marketing,Social Media Manager,4.2,3,1,SME,Tier 2,Chandigarh,5.0,844000
EMP03971,Deepak Pillai,50,Male,Bachelor's,HR,HR Business Partner,18.8,7,2,MNC,Tier 2,Jaipur,3.3,2374000
EMP03972,Sneha Reddy,57,Female,Master's,Finance,Investment Banker,32.8,7,4,MNC,Tier 2,Ahmedabad,2.5,5359000
EMP03973,Manish Chatterjee,25,Male,Bachelor's,Finance,Tax Consultant,0.2,3,1,SME,Tier 2,Indore,3.0,411000
EMP03974,Tanvi Mishra,49,Female,Master's,Marketing,Growth Hacker,18.6,6,2,SME,Tier 2,Lucknow,2.6,2493000
EMP03975,Gaurav Nair,55,Male,Master's,Marketing,Digital Marketing Analyst,30.3,3,0,SME,Tier 2,Nagpur,4.6,4104000
EMP03976,Simran Chopra,50,Female,Bachelor's,Engineering,Project Manager,18.7,4,0,Enterprise,Tier 3,Guwahati,1.7,2086000
EMP03977,Suresh Nair,35,Male,PhD,Legal,Litigation Associate,7.8,4,0,Startup,Tier 2,Indore,3.5,1912000
EMP03978,Mohit Singh,29,Male,Bachelor's,IT,Software Developer,2.7,3,0,MNC,Tier 1,Kolkata,4.1,1241000
EMP03979,Gaurav Agarwal,29,Male,PhD,Legal,Compliance Manager,5.0,3,0,SME,Tier 2,Ahmedabad,2.9,1475000
EMP03980,Vikram Saxena,45,Male,Bachelor's,Sales,Key Account Manager,15.9,10,3,MNC,Tier 2,Ahmedabad,3.3,2420000
EMP03981,Ishaan Chatterjee,54,Male,Master's,Legal,Legal Consultant,26.9,7,3,MNC,Tier 2,Jaipur,2.5,7411000
EMP03982,Nisha Chopra,40,Female,Bachelor's,Operations,Operations Manager,17.2,11,1,MNC,Tier 2,Kochi,4.3,3169000
EMP03983,Pranav Bhat,35,Male,PhD,Legal,In-House Counsel,12.6,8,2,Enterprise,Tier 2,Indore,4.9,6382000
EMP03984,Pooja Kumar,23,Female,Bachelor's,Healthcare,Radiologist,0.9,3,0,MNC,Tier 3,Ranchi,4.7,425000
EMP03985,Vihaan Iyer,32,Male,Bachelor's,Legal,Contract Specialist,5.6,2,0,SME,Tier 1,Chennai,2.5,1212000
EMP03986,Vikram Verma,37,Male,Master's,Operations,Inventory Analyst,13.6,3,0,MNC,Tier 2,Indore,3.9,1889000
EMP03987,Harsh Mishra,52,Male,Bachelor's,Education,Academic Counselor,21.9,8,4,SME,Tier 1,Kolkata,4.1,3170000
EMP03988,Mohit Banerjee,31,Male,Bachelor's,Marketing,Social Media Manager,4.5,4,1,MNC,Tier 3,Guwahati,2.3,583000
EMP03989,Kavya Kapoor,34,Female,PhD,Sales,Sales Engineer,9.2,4,2,MNC,Tier 2,Nagpur,3.6,2474000
EMP03990,Priya Gupta,33,Female,Master's,IT,Software Developer,6.9,4,2,Enterprise,Tier 1,Pune,1.6,1884000
EMP03991,Vihaan Agarwal,50,Male,Bachelor's,Engineering,Structural Engineer,14.9,5,3,MNC,Tier 1,Bangalore,2.5,2346000
EMP03992,Pooja Gupta,40,Female,Master's,Legal,Legal Advisor,15.6,9,3,Startup,Tier 1,Hyderabad,4.2,3992000
EMP03993,Ankit Kapoor,40,Male,Master's,Operations,Logistics Coordinator,7.2,2,1,Startup,Tier 3,Raipur,4.2,704000
EMP03994,Rohan Gupta,52,Male,Master's,IT,Cloud Architect,24.3,8,1,Startup,Tier 1,Kolkata,1.7,4728000
EMP03995,Neha Mishra,46,Female,Master's,Operations,Inventory Analyst,19.5,12,2,Startup,Tier 1,Bangalore,3.2,2662000
EMP03996,Mohit Verma,49,Male,Bachelor's,Sales,Regional Sales Head,23.6,8,1,MNC,Tier 3,Patna,3.0,2928000
EMP03997,Manish Malik,51,Male,Bachelor's,Legal,Legal Advisor,15.4,5,0,SME,Tier 2,Ahmedabad,1.5,1789000
EMP03998,Sneha Bhat,22,Female,Bachelor's,Healthcare,Dentist,0.0,3,0,MNC,Tier 1,Bangalore,3.0,443000
EMP03999,Rajesh Reddy,22,Other,Master's,IT,Frontend Developer,0.0,3,0,SME,Tier 2,Chandigarh,3.0,566000
EMP04000,Kavya Joshi,27,Other,Master's,Sales,Regional Sales Head,2.7,4,1,MNC,Tier 2,Indore,2.5,752000
EMP04001,Kritika Patel,22,Female,Bachelor's,Operations,Logistics Coordinator,0.0,3,1,Startup,Tier 2,Ahmedabad,2.8,263000
EMP04002,Kritika Rao,56,Other,Bachelor's,HR,Talent Acquisition Lead,24.2,13,3,Enterprise,Tier 1,Chennai,2.0,4046000
EMP04003,Meera Joshi,35,Female,Bachelor's,Sales,Account Executive,6.4,3,0,SME,Tier 2,Jaipur,2.4,771000
EMP04004,Vikram Banerjee,41,Male,Master's,Education,Professor,13.6,7,2,Enterprise,Tier 2,Ahmedabad,2.3,2042000
EMP04005,Rajesh Kumar,49,Male,Bachelor's,Healthcare,Hospital Administrator,19.1,8,0,SME,Tier 2,Nagpur,3.9,3233000
EMP04006,Mohit Gupta,25,Male,Bachelor's,HR,Talent Acquisition Lead,1.6,3,1,Startup,Tier 2,Kochi,2.3,362000
EMP04007,Riya Chopra,52,Female,Master's,Marketing,Campaign Manager,25.8,5,4,Startup,Tier 1,Hyderabad,4.4,3548000
EMP04008,Ira Thakur,47,Female,Bachelor's,Sales,Business Development Manager,15.5,3,3,SME,Tier 3,Dehradun,4.9,1698000
EMP04009,Amit Chatterjee,33,Male,Master's,Marketing,Social Media Manager,2.8,4,0,SME,Tier 3,Patna,4.1,538000
EMP04010,Vihaan Mishra,55,Male,Bachelor's,Sales,Key Account Manager,31.6,11,3,Startup,Tier 1,Bangalore,4.8,5091000
EMP04011,Manish Chopra,44,Male,Bachelor's,Engineering,Quality Engineer,11.0,7,0,SME,Tier 2,Lucknow,3.4,1480000
EMP04012,Nisha Banerjee,50,Female,Bachelor's,Legal,In-House Counsel,25.7,9,1,MNC,Tier 2,Kochi,5.0,5920000
EMP04013,Aditya Chatterjee,58,Other,Bachelor's,Engineering,Process Engineer,35.0,11,4,SME,Tier 1,Bangalore,3.9,5041000
EMP04014,Ankit Das,32,Male,PhD,Healthcare,Radiologist,2.9,4,0,SME,Tier 1,Chennai,3.9,1240000
EMP04015,Amit Chatterjee,28,Male,Bachelor's,HR,HRIS Analyst,1.6,3,1,Startup,Tier 1,Delhi,1.6,383000
EMP04016,Rahul Rao,33,Male,Bachelor's,Engineering,Chemical Engineer,8.0,4,1,MNC,Tier 3,Guwahati,3.9,1101000
EMP04017,Aarav Malik,30,Male,Master's,HR,Compensation Analyst,4.6,4,0,Startup,Tier 2,Kochi,4.7,729000
EMP04018,Ankit Saxena,58,Male,Bachelor's,HR,Talent Acquisition Lead,29.8,7,0,Enterprise,Tier 2,Chandigarh,3.3,3869000
EMP04019,Ayaan Chatterjee,53,Male,Bachelor's,Marketing,Digital Marketing Analyst,30.1,7,1,Enterprise,Tier 3,Raipur,3.5,3304000
EMP04020,Vivaan Rao,53,Male,Master's,Operations,Facility Manager,24.3,9,1,Startup,Tier 1,Hyderabad,2.6,3561000
EMP04021,Simran Agarwal,27,Female,Master's,Education,Academic Counselor,1.2,2,0,Startup,Tier 1,Hyderabad,4.2,563000
EMP04022,Sneha Das,52,Female,Master's,Engineering,Site Engineer,16.4,10,0,Enterprise,Tier 1,Delhi,2.3,3324000
EMP04023,Sakshi Chopra,22,Female,Bachelor's,Engineering,Process Engineer,0.0,2,0,MNC,Tier 3,Dehradun,2.7,288000
EMP04024,Aarav Banerjee,27,Male,PhD,Education,Dean,4.4,4,0,Enterprise,Tier 3,Patna,4.5,1002000
EMP04025,Neha Mehta,44,Female,PhD,Education,Research Associate,11.0,3,0,SME,Tier 3,Raipur,2.6,1048000
EMP04026,Ira Chopra,58,Female,Master's,Finance,Credit Analyst,23.4,11,1,SME,Tier 1,Chennai,1.8,4302000
EMP04027,Rohan Mishra,24,Male,Bachelor's,Education,Lab Instructor,1.2,2,0,MNC,Tier 3,Patna,2.9,300000
EMP04028,Aditya Kumar,55,Male,Master's,HR,HR Manager,27.2,10,5,Startup,Tier 2,Lucknow,4.9,3817000
EMP04029,Swati Chopra,36,Female,Master's,Healthcare,Nurse,6.8,3,2,SME,Tier 3,Raipur,3.5,1351000
EMP04030,Swati Banerjee,30,Female,Bachelor's,Marketing,Marketing Manager,6.7,3,2,SME,Tier 1,Mumbai,3.3,1140000
EMP04031,Amit Verma,57,Male,PhD,Finance,Treasury Analyst,16.5,8,0,SME,Tier 2,Chandigarh,4.1,3840000
EMP04032,Vikram Mehta,38,Male,Master's,Sales,Account Executive,11.0,4,1,Enterprise,Tier 2,Lucknow,3.4,1906000
EMP04033,Meera Chatterjee,41,Female,Bachelor's,Operations,Logistics Coordinator,17.9,2,2,SME,Tier 2,Kochi,3.2,1809000
EMP04034,Amit Kumar,36,Male,Bachelor's,IT,Full Stack Developer,8.5,2,2,MNC,Tier 1,Kolkata,2.9,1539000
EMP04035,Aarav Singh,30,Male,Master's,Marketing,Social Media Manager,1.4,3,1,Enterprise,Tier 1,Mumbai,4.5,877000
EMP04036,Ananya Chatterjee,23,Female,Master's,Education,Education Consultant,0.7,3,1,SME,Tier 3,Patna,4.4,372000
EMP04037,Harsh Nair,28,Male,PhD,HR,Payroll Specialist,1.6,3,0,Enterprise,Tier 3,Bhopal,4.0,700000
EMP04038,Arjun Gupta,58,Male,Master's,Engineering,Mechanical Engineer,27.4,2,1,SME,Tier 3,Ranchi,3.2,3020000
EMP04039,Bhavna Joshi,33,Female,Bachelor's,Marketing,Content Writer,4.1,2,0,Startup,Tier 2,Nagpur,3.9,590000
EMP04040,Karan Reddy,57,Male,Bachelor's,Marketing,Brand Manager,15.6,10,1,Startup,Tier 1,Bangalore,2.4,1767000
EMP04041,Manish Sharma,35,Male,Bachelor's,Marketing,Brand Manager,10.8,3,2,SME,Tier 2,Nagpur,2.8,1237000
EMP04042,Pranav Banerjee,48,Male,Master's,IT,Full Stack Developer,24.7,2,0,Startup,Tier 1,Chennai,3.5,5163000
EMP04043,Harsh Deshpande,35,Male,Bachelor's,Education,Teaching Assistant,11.6,8,0,Enterprise,Tier 3,Ranchi,2.3,953000
EMP04044,Harsh Kapoor,43,Male,Bachelor's,Finance,Compliance Officer,16.4,9,3,MNC,Tier 3,Mysuru,2.5,2302000
EMP04045,Diya Joshi,55,Female,PhD,Finance,Tax Consultant,26.6,15,0,Enterprise,Tier 1,Hyderabad,1.8,7500000
EMP04046,Tanvi Mehta,38,Female,Bachelor's,Finance,Financial Analyst,6.0,5,1,SME,Tier 1,Hyderabad,2.9,1109000
EMP04047,Rahul Joshi,42,Male,Master's,Marketing,Market Research Analyst,9.9,5,1,SME,Tier 2,Chandigarh,3.7,1562000
EMP04048,Ankit Nair,39,Male,Bachelor's,Healthcare,Medical Lab Technician,15.9,10,0,MNC,Tier 1,Hyderabad,3.0,4976000
EMP04049,Ishaan Chopra,28,Male,Bachelor's,Engineering,Civil Engineer,2.6,2,0,SME,Tier 2,Kochi,4.8,667000
EMP04050,Bhavna Reddy,34,Female,Bachelor's,Education,Lecturer,9.0,2,2,Enterprise,Tier 1,Mumbai,4.4,1627000
EMP04051,Ananya Patel,53,Female,Bachelor's,Legal,Compliance Manager,18.7,9,1,SME,Tier 2,Lucknow,4.2,3477000
EMP04052,Simran Singh,52,Female,Master's,Finance,Treasury Analyst,24.6,15,3,MNC,Tier 3,Ranchi,3.3,4885000
EMP04053,Nikhil Iyer,34,Male,Bachelor's,Education,Teaching Assistant,6.4,6,1,SME,Tier 1,Pune,3.1,893000
EMP04054,Myra Mishra,48,Female,Bachelor's,Legal,Legal Analyst,17.1,9,3,MNC,Tier 3,Bhopal,2.8,3062000
EMP04055,Ayaan Kapoor,40,Male,Bachelor's,Education,Lecturer,7.9,2,2,SME,Tier 1,Mumbai,3.5,923000
EMP04056,Myra Joshi,28,Female,Bachelor's,Healthcare,Clinical Research Associate,5.8,3,1,MNC,Tier 1,Hyderabad,4.5,1725000
EMP04057,Karan Verma,46,Male,Bachelor's,Finance,Auditor,14.3,5,1,SME,Tier 3,Mysuru,2.1,1572000
EMP04058,Rahul Banerjee,28,Male,Bachelor's,Finance,Portfolio Manager,4.4,4,0,SME,Tier 2,Lucknow,3.2,815000
EMP04059,Anjali Iyer,22,Female,Master's,Finance,Risk Analyst,0.0,3,0,Startup,Tier 1,Mumbai,3.5,530000
EMP04060,Vihaan Agarwal,41,Male,PhD,Finance,Auditor,13.8,3,2,MNC,Tier 2,Chandigarh,2.6,3082000
EMP04061,Divya Rao,35,Female,Bachelor's,IT,Cloud Architect,6.0,5,1,MNC,Tier 3,Raipur,1.7,989000
EMP04062,Nikhil Pillai,26,Male,Bachelor's,Sales,Key Account Manager,2.1,3,0,Enterprise,Tier 2,Jaipur,4.4,700000
EMP04063,Nisha Sharma,41,Female,Master's,Engineering,Structural Engineer,9.6,2,0,Startup,Tier 1,Kolkata,1.5,1213000
EMP04064,Gaurav Singh,25,Male,Bachelor's,Sales,Territory Manager,0.7,2,0,Startup,Tier 2,Ahmedabad,2.3,297000
EMP04065,Myra Patel,32,Other,Bachelor's,Legal,Compliance Manager,8.8,6,1,Startup,Tier 3,Patna,4.7,1202000
EMP04066,Vivaan Mehta,25,Male,Bachelor's,Marketing,Social Media Manager,0.6,2,0,SME,Tier 3,Ranchi,2.4,256000
EMP04067,Manish Chatterjee,35,Male,PhD,Operations,Fleet Manager,11.9,8,1,MNC,Tier 1,Kolkata,3.8,3229000
EMP04068,Swati Das,40,Female,Bachelor's,IT,QA Engineer,16.1,2,3,Startup,Tier 1,Mumbai,4.0,2997000
EMP04069,Deepak Saxena,37,Male,Bachelor's,Engineering,Structural Engineer,6.4,2,0,MNC,Tier 1,Hyderabad,2.6,1129000
EMP04070,Deepak Deshpande,32,Male,Master's,HR,Training Coordinator,5.4,2,1,Startup,Tier 2,Kochi,3.8,831000
EMP04071,Nikhil Iyer,35,Male,Bachelor's,Legal,Legal Consultant,12.3,5,2,MNC,Tier 1,Chennai,2.6,3109000
EMP04072,Divya Mishra,32,Female,Bachelor's,Finance,Credit Analyst,5.0,5,1,Startup,Tier 1,Hyderabad,3.1,884000
EMP04073,Rohan Singh,32,Male,Bachelor's,Sales,Channel Partner Manager,7.7,5,0,MNC,Tier 1,Hyderabad,3.0,1226000
EMP04074,Aadhya Reddy,27,Female,Master's,Finance,Investment Banker,0.6,2,0,SME,Tier 2,Indore,4.9,588000
EMP04075,Reyansh Bhat,38,Male,Bachelor's,HR,HR Business Partner,13.4,5,2,SME,Tier 2,Chandigarh,4.1,1477000
EMP04076,Rajesh Pillai,55,Male,Master's,Marketing,Campaign Manager,21.8,10,1,MNC,Tier 1,Bangalore,2.8,4489000
EMP04077,Vivaan Chopra,34,Male,PhD,Marketing,Social Media Manager,4.6,2,1,Startup,Tier 1,Delhi,4.3,1128000
EMP04078,Aarav Das,56,Male,Master's,Operations,Logistics Coordinator,33.4,6,3,Startup,Tier 1,Pune,2.6,3525000
EMP04079,Ananya Thakur,24,Female,Master's,Finance,Financial Analyst,1.6,2,0,Startup,Tier 1,Bangalore,2.2,582000
EMP04080,Rahul Singh,33,Male,Bachelor's,Engineering,Site Engineer,7.3,3,0,Startup,Tier 1,Delhi,1.8,916000
EMP04081,Rohan Das,36,Other,Master's,Engineering,Electrical Engineer,5.1,4,1,SME,Tier 2,Chandigarh,3.8,1120000
EMP04082,Vihaan Chopra,47,Male,Bachelor's,Legal,Litigation Associate,18.5,2,0,MNC,Tier 2,Nagpur,3.6,3502000
EMP04083,Vikram Thakur,41,Male,Bachelor's,Healthcare,Radiologist,9.7,4,1,SME,Tier 2,Lucknow,2.2,1681000
EMP04084,Gaurav Mishra,34,Male,Bachelor's,Education,Teaching Assistant,4.7,5,0,Startup,Tier 2,Jaipur,2.7,418000
EMP04085,Arjun Malik,57,Male,Master's,Engineering,Electrical Engineer,27.4,2,1,Enterprise,Tier 1,Delhi,1.6,5701000
EMP04086,Priya Sharma,56,Female,Bachelor's,Operations,Supply Chain Analyst,26.4,7,0,SME,Tier 2,Ahmedabad,4.8,3327000
EMP04087,Kavya Mishra,58,Other,Bachelor's,Sales,Account Executive,36.0,12,0,Enterprise,Tier 2,Chandigarh,3.5,5629000
EMP04088,Isha Malik,39,Female,Bachelor's,Healthcare,Medical Lab Technician,16.6,3,0,Startup,Tier 1,Delhi,2.7,2796000
EMP04089,Rohan Pillai,47,Male,PhD,Legal,Compliance Manager,14.7,5,1,Enterprise,Tier 1,Chennai,4.2,6838000
EMP04090,Riya Das,49,Female,Bachelor's,Sales,Inside Sales Representative,24.1,15,2,SME,Tier 1,Bangalore,4.7,4666000
EMP04091,Ankit Saxena,47,Male,Bachelor's,Finance,Auditor,20.7,6,3,SME,Tier 2,Ahmedabad,4.1,3012000
EMP04092,Pooja Kapoor,34,Female,Bachelor's,Education,Education Consultant,7.5,2,2,Startup,Tier 1,Mumbai,5.0,1097000
EMP04093,Nisha Mehta,58,Female,Bachelor's,Sales,Pre-Sales Consultant,35.8,14,2,MNC,Tier 2,Kochi,2.2,4547000
EMP04094,Nikhil Joshi,35,Male,Bachelor's,Healthcare,Medical Lab Technician,5.3,4,1,Startup,Tier 1,Delhi,4.0,1160000
EMP04095,Shreya Das,24,Other,Bachelor's,IT,Cybersecurity Analyst,1.8,2,0,MNC,Tier 1,Chennai,4.6,1095000
EMP04096,Simran Chopra,29,Female,Bachelor's,HR,Recruiter,3.1,3,0,MNC,Tier 1,Mumbai,4.0,728000
EMP04097,Sneha Bhat,39,Female,Master's,Operations,Inventory Analyst,16.0,8,2,Startup,Tier 1,Pune,2.9,2531000
EMP04098,Rohan Saxena,39,Male,Master's,Operations,Logistics Coordinator,8.8,3,2,Enterprise,Tier 1,Pune,2.5,1812000
EMP04099,Pranav Gupta,51,Male,Bachelor's,HR,Training Coordinator,18.6,5,3,MNC,Tier 1,Kolkata,2.2,2587000
EMP04100,Meera Pillai,33,Female,Bachelor's,Finance,Compliance Officer,8.4,2,0,Startup,Tier 2,Nagpur,2.8,1005000
EMP04101,Krishna Patel,56,Male,Bachelor's,Legal,Corporate Lawyer,18.1,11,3,MNC,Tier 1,Hyderabad,3.9,4790000
EMP04102,Vihaan Agarwal,42,Male,Master's,Finance,Credit Analyst,11.4,3,0,Startup,Tier 1,Kolkata,4.5,2045000
EMP04103,Priya Rao,52,Female,Bachelor's,Engineering,Mechanical Engineer,18.2,12,1,SME,Tier 2,Chandigarh,3.4,2846000
EMP04104,Rahul Reddy,51,Male,Bachelor's,Healthcare,Doctor,23.8,7,1,SME,Tier 1,Bangalore,4.7,6551000
EMP04105,Amit Mishra,48,Male,Bachelor's,HR,Recruiter,13.9,5,0,Enterprise,Tier 1,Chennai,3.0,2133000
EMP04106,Ishaan Thakur,41,Male,Bachelor's,Engineering,Design Engineer,9.8,4,1,Enterprise,Tier 1,Pune,3.7,2195000
EMP04107,Anjali Bhat,41,Other,Master's,Finance,Risk Analyst,7.5,5,2,SME,Tier 3,Guwahati,2.8,1061000
EMP04108,Reyansh Banerjee,41,Male,Bachelor's,Marketing,Social Media Manager,8.5,4,1,Startup,Tier 2,Indore,2.0,909000
EMP04109,Rohan Agarwal,35,Male,Master's,Sales,Inside Sales Representative,10.4,8,2,MNC,Tier 2,Kochi,2.2,1784000
EMP04110,Vikram Chatterjee,50,Male,Bachelor's,Sales,Sales Engineer,28.0,5,2,Startup,Tier 2,Ahmedabad,1.5,2595000
EMP04111,Pooja Sharma,49,Female,Bachelor's,Healthcare,Medical Lab Technician,25.9,14,0,SME,Tier 1,Delhi,2.4,6214000
EMP04112,Reyansh Sharma,50,Male,Master's,IT,Data Scientist,17.8,4,3,MNC,Tier 3,Guwahati,2.4,2906000
EMP04113,Vihaan Sharma,44,Male,Bachelor's,Operations,Inventory Analyst,11.6,5,1,Startup,Tier 3,Guwahati,1.8,940000
EMP04114,Riya Iyer,42,Female,PhD,Marketing,Market Research Analyst,13.3,9,2,Enterprise,Tier 2,Chandigarh,2.9,2670000
EMP04115,Sara Banerjee,54,Female,Bachelor's,Marketing,Marketing Manager,30.1,3,5,SME,Tier 1,Hyderabad,3.7,4762000
EMP04116,Simran Thakur,30,Female,Master's,Legal,Corporate Lawyer,2.2,3,1,Startup,Tier 2,Jaipur,2.5,677000
EMP04117,Tanvi Singh,56,Female,Bachelor's,HR,Payroll Specialist,21.7,3,3,MNC,Tier 2,Kochi,2.5,2519000
EMP04118,Kritika Kumar,47,Female,Bachelor's,Engineering,Process Engineer,23.3,4,4,SME,Tier 1,Hyderabad,1.8,2821000
EMP04119,Bhavna Sharma,58,Female,PhD,Engineering,Civil Engineer,29.1,7,4,Startup,Tier 3,Patna,4.1,4107000
EMP04120,Diya Pillai,24,Other,PhD,Sales,Inside Sales Representative,1.6,2,1,MNC,Tier 1,Pune,4.0,903000
EMP04121,Pooja Kapoor,52,Female,Master's,Finance,Accountant,15.3,4,3,SME,Tier 3,Guwahati,2.0,1766000
EMP04122,Nikhil Bhat,45,Male,Master's,Education,Lecturer,18.6,4,1,Enterprise,Tier 1,Bangalore,2.0,2873000
EMP04123,Reyansh Nair,45,Male,Master's,Healthcare,Medical Lab Technician,11.8,6,2,MNC,Tier 1,Kolkata,1.9,3438000
EMP04124,Manish Chopra,53,Male,Master's,Legal,Compliance Manager,22.5,12,3,MNC,Tier 1,Hyderabad,2.9,7500000
EMP04125,Pranav Patel,37,Male,Bachelor's,Sales,Key Account Manager,7.2,6,1,MNC,Tier 2,Nagpur,2.9,1171000
EMP04126,Krishna Agarwal,38,Male,Master's,Engineering,Project Manager,10.1,3,0,Enterprise,Tier 1,Mumbai,2.8,2129000
EMP04127,Ankit Agarwal,57,Male,Master's,Operations,Facility Manager,27.3,11,4,MNC,Tier 1,Bangalore,4.5,6308000
EMP04128,Aditya Reddy,22,Male,Master's,Sales,Key Account Manager,0.0,2,0,Enterprise,Tier 3,Raipur,4.0,455000
EMP04129,Aditya Saxena,50,Male,Master's,Marketing,Brand Manager,11.4,4,0,Enterprise,Tier 2,Chandigarh,3.5,1940000
EMP04130,Ishaan Joshi,37,Male,Master's,Healthcare,Dentist,5.5,3,0,Startup,Tier 2,Indore,2.4,1095000
EMP04131,Meera Gupta,46,Female,Master's,Engineering,Electrical Engineer,13.1,2,2,MNC,Tier 2,Nagpur,1.9,2080000
EMP04132,Sakshi Das,36,Female,Bachelor's,Sales,Account Executive,6.8,2,2,SME,Tier 2,Chandigarh,1.8,788000
EMP04133,Vikram Patel,33,Male,Bachelor's,Education,Instructional Designer,5.5,4,0,SME,Tier 3,Raipur,2.2,491000
EMP04134,Vikram Nair,42,Male,Bachelor's,Finance,Accountant,12.9,6,2,SME,Tier 3,Ranchi,4.3,1802000
EMP04135,Reyansh Patel,25,Male,Master's,Finance,Financial Analyst,2.7,4,0,Enterprise,Tier 2,Nagpur,4.7,1121000
EMP04136,Shreya Agarwal,29,Female,Master's,Sales,Inside Sales Representative,3.9,2,0,Startup,Tier 1,Bangalore,2.2,685000
EMP04137,Priya Mehta,47,Female,Bachelor's,Sales,Channel Partner Manager,10.7,8,1,Enterprise,Tier 2,Nagpur,2.0,1600000
EMP04138,Vikram Nair,27,Male,Bachelor's,Engineering,Design Engineer,0.7,3,0,SME,Tier 2,Ahmedabad,3.4,459000
EMP04139,Divya Iyer,51,Female,Bachelor's,Legal,Legal Advisor,21.5,11,1,MNC,Tier 2,Chandigarh,3.2,5234000
EMP04140,Simran Verma,44,Female,PhD,IT,Backend Developer,14.6,2,0,Startup,Tier 2,Jaipur,2.3,2522000
EMP04141,Kritika Joshi,54,Female,Bachelor's,Finance,Auditor,27.3,2,2,MNC,Tier 1,Chennai,3.1,5411000
EMP04142,Pooja Kumar,42,Female,Master's,Marketing,Digital Marketing Analyst,14.5,2,0,Enterprise,Tier 2,Ahmedabad,3.3,2762000
EMP04143,Priya Nair,39,Female,Bachelor's,IT,Backend Developer,7.6,4,0,MNC,Tier 1,Mumbai,2.3,1731000
EMP04144,Amit Banerjee,26,Male,Bachelor's,Engineering,Civil Engineer,1.6,3,1,Enterprise,Tier 1,Kolkata,3.4,869000
EMP04145,Sakshi Sharma,55,Female,Bachelor's,Sales,Key Account Manager,28.7,15,0,MNC,Tier 2,Kochi,2.9,3813000
EMP04146,Manish Iyer,38,Male,Master's,IT,Full Stack Developer,9.1,3,1,SME,Tier 2,Jaipur,4.3,1532000
EMP04147,Meera Reddy,47,Female,Bachelor's,Operations,Supply Chain Analyst,16.4,6,2,Enterprise,Tier 2,Indore,2.1,2344000
EMP04148,Suresh Sharma,26,Male,Bachelor's,Engineering,Design Engineer,4.0,5,0,MNC,Tier 1,Kolkata,3.4,1074000
EMP04149,Pranav Mishra,35,Male,Master's,Sales,Key Account Manager,10.4,8,2,Startup,Tier 3,Dehradun,1.6,964000
EMP04150,Kavya Saxena,51,Female,Bachelor's,Healthcare,Radiologist,17.7,7,3,Enterprise,Tier 2,Jaipur,3.9,4765000
EMP04151,Amit Das,51,Male,Bachelor's,Legal,Legal Advisor,28.5,15,0,Startup,Tier 3,Bhopal,1.9,3229000
EMP04152,Ananya Saxena,43,Female,Master's,Operations,Procurement Manager,17.8,11,3,SME,Tier 2,Lucknow,4.3,3291000
EMP04153,Sara Chatterjee,43,Female,Bachelor's,Legal,Contract Specialist,9.5,2,2,MNC,Tier 3,Patna,2.2,1466000
EMP04154,Tanvi Bhat,54,Female,Master's,Sales,Sales Manager,29.0,8,0,MNC,Tier 2,Indore,3.9,4928000
EMP04155,Reyansh Deshpande,22,Male,Master's,Marketing,Digital Marketing Analyst,0.0,2,1,MNC,Tier 1,Pune,4.5,682000
EMP04156,Ananya Gupta,37,Female,Bachelor's,Operations,Operations Analyst,10.9,3,0,MNC,Tier 1,Mumbai,2.4,1592000
EMP04157,Meera Chatterjee,57,Female,Bachelor's,Operations,Operations Manager,17.6,6,0,Enterprise,Tier 1,Kolkata,1.5,2711000
EMP04158,Nisha Thakur,53,Female,Bachelor's,Operations,Operations Manager,24.2,11,0,Startup,Tier 3,Guwahati,3.6,2096000
EMP04159,Amit Reddy,47,Male,Master's,Finance,Treasury Analyst,21.3,3,4,MNC,Tier 2,Ahmedabad,4.6,4829000
EMP04160,Pranav Reddy,46,Male,Bachelor's,Operations,Inventory Analyst,11.1,7,0,SME,Tier 1,Hyderabad,4.6,1768000
EMP04161,Harsh Malik,42,Male,Bachelor's,Engineering,Site Engineer,16.5,4,3,MNC,Tier 1,Delhi,4.0,3398000
EMP04162,Nisha Thakur,56,Female,Master's,HR,Recruiter,27.8,6,2,MNC,Tier 2,Nagpur,4.4,4689000
EMP04163,Vivaan Thakur,52,Male,Bachelor's,Education,Professor,18.5,4,2,SME,Tier 3,Bhopal,3.4,1407000
EMP04164,Kritika Kapoor,56,Other,Bachelor's,Engineering,Quality Engineer,24.8,11,2,Enterprise,Tier 1,Chennai,1.9,4192000
EMP04165,Anjali Malik,25,Female,Bachelor's,HR,Recruiter,0.9,2,0,Startup,Tier 1,Chennai,4.4,414000
EMP04166,Pooja Reddy,57,Female,PhD,Healthcare,Clinical Research Associate,28.1,3,2,Startup,Tier 1,Delhi,3.2,7500000
EMP04167,Gaurav Reddy,44,Male,Master's,Healthcare,Medical Lab Technician,13.7,4,3,Enterprise,Tier 1,Chennai,3.8,4746000
EMP04168,Ishaan Mehta,40,Male,Bachelor's,Sales,Key Account Manager,15.8,5,1,MNC,Tier 3,Bhopal,4.5,2038000
EMP04169,Pooja Chopra,46,Female,Master's,Finance,Credit Analyst,15.9,5,0,MNC,Tier 2,Jaipur,3.5,3406000
EMP04170,Gaurav Mishra,54,Male,Master's,HR,Employee Relations Specialist,21.5,3,3,Startup,Tier 2,Jaipur,1.8,1979000
EMP04171,Harsh Chatterjee,47,Male,Master's,Healthcare,Physiotherapist,17.0,8,1,Startup,Tier 3,Guwahati,3.7,2417000
EMP04172,Nikhil Sharma,44,Male,Bachelor's,Operations,Process Improvement Analyst,13.9,2,0,MNC,Tier 1,Mumbai,2.7,2013000
EMP04173,Bhavna Banerjee,37,Female,Bachelor's,Education,Teaching Assistant,14.0,9,2,SME,Tier 3,Mysuru,2.2,999000
EMP04174,Karan Mehta,56,Male,Master's,Sales,Sales Engineer,25.3,2,2,Startup,Tier 1,Kolkata,2.3,3406000
EMP04175,Amit Saxena,23,Male,PhD,Legal,Paralegal,0.0,2,0,Enterprise,Tier 1,Chennai,2.2,857000
EMP04176,Priya Bhat,51,Female,Master's,Legal,Legal Analyst,18.9,9,2,Enterprise,Tier 1,Chennai,2.6,6518000
EMP04177,Neha Singh,40,Female,Bachelor's,Healthcare,Radiologist,14.1,10,0,Enterprise,Tier 1,Hyderabad,4.5,4431000
EMP04178,Meera Chatterjee,55,Female,Bachelor's,Legal,In-House Counsel,21.4,6,2,Startup,Tier 2,Lucknow,2.5,3310000
EMP04179,Ayaan Iyer,46,Male,Bachelor's,Healthcare,Public Health Specialist,19.4,7,0,SME,Tier 1,Kolkata,3.3,4746000
EMP04180,Vikram Mehta,28,Other,Bachelor's,Legal,Litigation Associate,3.7,2,1,Enterprise,Tier 1,Delhi,3.5,1356000
EMP04181,Mohit Malik,41,Male,Bachelor's,Engineering,Chemical Engineer,14.2,3,0,Startup,Tier 2,Ahmedabad,4.5,1758000
EMP04182,Rahul Rao,53,Other,Master's,Engineering,Mechanical Engineer,28.7,12,4,MNC,Tier 2,Ahmedabad,3.0,5467000
EMP04183,Pooja Kapoor,33,Female,PhD,Education,Professor,8.1,4,1,MNC,Tier 1,Bangalore,2.0,1447000
EMP04184,Reyansh Iyer,48,Male,Bachelor's,Sales,Regional Sales Head,23.9,14,0,SME,Tier 1,Mumbai,2.5,3509000
EMP04185,Ayaan Saxena,55,Male,Bachelor's,Operations,Operations Analyst,26.4,9,4,Startup,Tier 2,Indore,3.0,2826000
EMP04186,Rohan Singh,38,Male,Bachelor's,Engineering,Mechanical Engineer,13.8,3,3,Startup,Tier 2,Chandigarh,3.5,1716000
EMP04187,Nisha Verma,28,Female,PhD,Education,Education Consultant,4.2,3,0,SME,Tier 1,Bangalore,2.4,1014000
EMP04188,Rahul Mehta,31,Male,Master's,Operations,Process Improvement Analyst,6.9,6,1,Enterprise,Tier 3,Patna,4.7,1241000
EMP04189,Pranav Nair,30,Male,Bachelor's,Healthcare,Pharmacist,6.8,5,2,Startup,Tier 1,Mumbai,3.3,1306000
EMP04190,Aditya Kapoor,39,Male,Master's,IT,Software Developer,13.8,6,3,Enterprise,Tier 1,Pune,2.7,4141000
EMP04191,Mohit Nair,40,Male,Master's,Marketing,Content Writer,12.7,5,2,Startup,Tier 1,Kolkata,4.0,2135000
EMP04192,Deepak Nair,48,Male,Bachelor's,HR,HRIS Analyst,18.8,7,0,MNC,Tier 1,Chennai,4.3,3114000
EMP04193,Arjun Mishra,51,Male,Master's,Sales,Key Account Manager,24.7,8,1,SME,Tier 3,Patna,3.1,3398000
EMP04194,Neha Joshi,47,Female,Master's,Sales,Key Account Manager,14.9,10,0,MNC,Tier 1,Pune,1.6,2244000
EMP04195,Nikhil Reddy,25,Male,Master's,Healthcare,Radiologist,0.9,3,1,Startup,Tier 1,Pune,2.6,428000
EMP04196,Priya Gupta,31,Female,Master's,HR,Training Coordinator,6.7,2,2,Enterprise,Tier 2,Kochi,2.4,1113000
EMP04197,Aadhya Mishra,55,Female,Bachelor's,Finance,Investment Banker,17.1,4,0,SME,Tier 1,Bangalore,3.8,3090000
EMP04198,Aditya Reddy,46,Male,Bachelor's,IT,Full Stack Developer,14.1,3,3,MNC,Tier 1,Bangalore,3.2,2874000
EMP04199,Pranav Malik,53,Male,Bachelor's,Finance,Treasury Analyst,14.4,2,1,Startup,Tier 3,Dehradun,1.6,875000
EMP04200,Manish Malik,54,Male,Master's,Marketing,Content Writer,21.1,6,4,SME,Tier 1,Kolkata,2.3,3621000
EMP04201,Ira Kumar,35,Female,PhD,Sales,Inside Sales Representative,11.2,3,1,MNC,Tier 3,Dehradun,2.3,1756000
EMP04202,Divya Mehta,56,Female,Bachelor's,Operations,Inventory Analyst,31.8,6,2,MNC,Tier 2,Kochi,2.0,3236000
EMP04203,Aditya Kumar,27,Male,Bachelor's,Education,Dean,2.8,4,0,MNC,Tier 1,Bangalore,1.6,511000
EMP04204,Krishna Singh,30,Male,PhD,Education,Teaching Assistant,1.1,3,1,Enterprise,Tier 2,Nagpur,3.7,643000
EMP04205,Simran Bhat,33,Female,Master's,HR,HR Business Partner,10.1,8,1,SME,Tier 3,Dehradun,2.6,1029000
EMP04206,Nisha Gupta,28,Female,Bachelor's,Finance,Tax Consultant,5.0,5,1,SME,Tier 2,Lucknow,2.5,782000
EMP04207,Ishaan Mehta,49,Male,Master's,Operations,Warehouse Manager,26.4,10,2,SME,Tier 1,Mumbai,4.3,5328000
EMP04208,Ananya Reddy,44,Female,Master's,Education,Dean,18.0,4,3,Startup,Tier 1,Pune,3.2,1751000
EMP04209,Sai Rao,26,Male,Master's,Engineering,Structural Engineer,0.7,2,0,SME,Tier 2,Nagpur,2.1,434000
EMP04210,Divya Sharma,53,Female,Bachelor's,Engineering,Structural Engineer,23.5,9,0,SME,Tier 2,Chandigarh,3.5,2894000
EMP04211,Simran Kapoor,29,Female,Master's,Engineering,Structural Engineer,1.9,2,1,SME,Tier 1,Delhi,4.3,847000
EMP04212,Aditya Singh,54,Male,Bachelor's,IT,Software Developer,14.7,4,1,Startup,Tier 1,Bangalore,2.0,2061000
EMP04213,Pranav Mishra,37,Male,Master's,Education,Lab Instructor,14.9,2,0,SME,Tier 1,Pune,3.1,1988000
EMP04214,Ananya Gupta,40,Female,Bachelor's,Sales,Business Development Manager,9.9,5,1,Enterprise,Tier 2,Jaipur,4.2,1513000
EMP04215,Ira Mishra,24,Female,Master's,Engineering,Project Manager,0.1,3,1,SME,Tier 1,Mumbai,2.1,514000
EMP04216,Ira Singh,49,Female,Bachelor's,Education,Professor,13.9,6,2,Startup,Tier 3,Patna,1.9,900000
EMP04217,Vivaan Saxena,44,Male,Bachelor's,HR,Recruiter,17.6,8,2,MNC,Tier 2,Chandigarh,3.0,2595000
EMP04218,Pranav Das,46,Male,Bachelor's,HR,Employee Relations Specialist,18.6,3,2,Startup,Tier 2,Jaipur,1.6,1378000
EMP04219,Ananya Saxena,29,Female,Bachelor's,Legal,Patent Attorney,2.6,4,1,SME,Tier 1,Pune,3.2,926000
EMP04220,Sai Reddy,33,Male,Bachelor's,Sales,Sales Engineer,5.2,5,0,MNC,Tier 1,Bangalore,4.0,997000
EMP04221,Vivaan Singh,43,Male,Bachelor's,Legal,Litigation Associate,13.6,9,3,Enterprise,Tier 1,Mumbai,3.9,3500000
EMP04222,Aarav Chatterjee,27,Male,Master's,Finance,Compliance Officer,4.5,3,1,SME,Tier 2,Kochi,2.3,947000
EMP04223,Suresh Pillai,58,Other,Bachelor's,IT,DevOps Engineer,23.9,11,3,Enterprise,Tier 3,Bhopal,4.9,5258000
EMP04224,Harsh Bhat,44,Other,Master's,IT,Software Developer,15.0,7,3,MNC,Tier 2,Jaipur,4.8,4616000
EMP04225,Nikhil Deshpande,36,Male,Master's,Sales,Business Development Manager,13.4,9,0,MNC,Tier 2,Chandigarh,2.4,1999000
EMP04226,Deepak Mehta,23,Male,Bachelor's,Marketing,Growth Hacker,0.1,3,1,Enterprise,Tier 2,Chandigarh,2.1,418000
EMP04227,Amit Kapoor,39,Male,PhD,Legal,Corporate Lawyer,6.3,5,0,SME,Tier 3,Guwahati,1.6,1357000
EMP04228,Rahul Reddy,47,Male,Bachelor's,HR,HRIS Analyst,17.6,4,3,MNC,Tier 1,Mumbai,3.4,2835000
EMP04229,Sara Bhat,52,Female,Bachelor's,Engineering,Site Engineer,23.3,11,0,SME,Tier 1,Mumbai,3.3,3895000
EMP04230,Riya Sharma,45,Female,Bachelor's,Finance,Accountant,20.6,10,1,MNC,Tier 1,Mumbai,4.0,4734000
EMP04231,Deepak Pillai,49,Other,Bachelor's,Education,Dean,24.0,2,4,SME,Tier 1,Bangalore,3.9,2674000
EMP04232,Krishna Mishra,30,Male,Bachelor's,Operations,Inventory Analyst,7.9,2,2,MNC,Tier 1,Hyderabad,2.6,1486000
EMP04233,Vikram Reddy,38,Male,PhD,HR,HRIS Analyst,15.6,6,1,Startup,Tier 1,Pune,4.2,2599000
EMP04234,Swati Agarwal,31,Female,Bachelor's,Education,Dean,7.5,2,0,Startup,Tier 3,Raipur,1.7,475000
EMP04235,Divya Deshpande,51,Female,Bachelor's,Marketing,Digital Marketing Analyst,24.8,11,0,MNC,Tier 3,Raipur,3.3,2580000
EMP04236,Pooja Thakur,56,Female,Bachelor's,Finance,Treasury Analyst,30.8,4,3,MNC,Tier 1,Hyderabad,4.5,5846000
EMP04237,Nisha Pillai,35,Female,Bachelor's,Legal,Legal Consultant,11.6,7,0,Startup,Tier 3,Bhopal,4.8,1835000
EMP04238,Ankit Rao,27,Male,Master's,Legal,Litigation Associate,3.3,2,0,SME,Tier 1,Mumbai,4.9,1280000
EMP04239,Ayaan Das,26,Male,Bachelor's,Education,Teaching Assistant,3.0,3,0,SME,Tier 2,Kochi,2.5,474000
EMP04240,Aarav Verma,23,Male,Master's,Finance,Risk Analyst,0.2,2,0,SME,Tier 2,Jaipur,2.4,431000
EMP04241,Aditya Kapoor,37,Male,Master's,Operations,Logistics Coordinator,5.6,2,0,SME,Tier 2,Lucknow,2.4,696000
EMP04242,Karan Saxena,48,Male,PhD,Education,Lab Instructor,11.2,7,2,Enterprise,Tier 1,Chennai,3.5,2889000
EMP04243,Harsh Bhat,56,Male,Master's,Marketing,Brand Manager,32.2,7,4,MNC,Tier 1,Mumbai,4.8,6743000
EMP04244,Swati Singh,40,Female,Bachelor's,Finance,Treasury Analyst,9.0,7,2,MNC,Tier 3,Mysuru,2.3,1296000
EMP04245,Myra Kapoor,46,Female,Bachelor's,Finance,Treasury Analyst,16.6,11,3,MNC,Tier 1,Hyderabad,2.9,3644000
EMP04246,Swati Singh,46,Female,Master's,Operations,Facility Manager,22.1,13,3,Enterprise,Tier 2,Indore,4.4,4511000
EMP04247,Meera Saxena,46,Female,Bachelor's,HR,HR Generalist,20.3,7,4,SME,Tier 2,Chandigarh,3.6,2401000
EMP04248,Sneha Das,52,Female,Bachelor's,Sales,Sales Manager,13.7,9,2,Startup,Tier 3,Raipur,2.0,1343000
EMP04249,Priya Deshpande,52,Female,Bachelor's,Marketing,Campaign Manager,17.1,9,2,MNC,Tier 3,Guwahati,2.1,1884000
EMP04250,Nikhil Banerjee,43,Male,Bachelor's,Legal,Compliance Manager,16.6,10,2,SME,Tier 1,Kolkata,4.1,4012000
EMP04251,Aditya Malik,35,Male,Bachelor's,Marketing,Brand Manager,4.5,4,1,MNC,Tier 2,Nagpur,3.7,947000
EMP04252,Aarav Patel,32,Male,Master's,Education,Education Consultant,8.2,5,1,MNC,Tier 1,Chennai,3.3,1518000
EMP04253,Ankit Verma,50,Male,Master's,Operations,Supply Chain Analyst,25.2,12,4,MNC,Tier 1,Bangalore,2.2,5474000
EMP04254,Aanya Chatterjee,40,Female,Bachelor's,HR,HR Business Partner,13.9,9,2,Enterprise,Tier 2,Indore,3.4,1881000
EMP04255,Divya Kapoor,47,Female,Bachelor's,Finance,Credit Analyst,21.4,4,2,MNC,Tier 2,Nagpur,3.6,3833000
EMP04256,Reyansh Das,45,Male,Master's,IT,Cybersecurity Analyst,12.1,8,0,MNC,Tier 2,Nagpur,2.9,2966000
EMP04257,Krishna Sharma,54,Male,Master's,Healthcare,Clinical Research Associate,25.6,2,0,Enterprise,Tier 1,Pune,1.9,6748000
EMP04258,Riya Das,50,Female,Bachelor's,Operations,Supply Chain Analyst,20.2,3,3,Startup,Tier 1,Delhi,4.0,3022000
EMP04259,Tanvi Patel,24,Female,Bachelor's,Finance,Compliance Officer,1.7,2,0,Startup,Tier 1,Chennai,3.5,573000
EMP04260,Rohan Verma,34,Male,PhD,Engineering,Civil Engineer,10.8,7,0,SME,Tier 1,Hyderabad,4.6,2610000
EMP04261,Aditya Iyer,48,Male,Master's,Education,Education Consultant,14.8,3,1,Enterprise,Tier 3,Ranchi,2.8,1784000
EMP04262,Manish Joshi,27,Male,Bachelor's,Engineering,Design Engineer,1.4,2,1,Startup,Tier 2,Indore,2.6,415000
EMP04263,Aarav Verma,50,Male,PhD,HR,Compensation Analyst,16.5,7,0,Startup,Tier 2,Ahmedabad,2.8,2214000
EMP04264,Karan Sharma,47,Male,Master's,Operations,Inventory Analyst,22.6,12,3,SME,Tier 2,Nagpur,4.5,3901000
EMP04265,Ishaan Mehta,31,Male,Bachelor's,HR,HR Generalist,8.6,4,2,Startup,Tier 3,Patna,2.7,658000
EMP04266,Aarav Agarwal,38,Male,Bachelor's,Education,Lecturer,14.3,6,0,Enterprise,Tier 1,Bangalore,3.6,2271000
EMP04267,Neha Bhat,47,Female,Bachelor's,Marketing,Content Writer,23.8,3,0,Startup,Tier 2,Kochi,1.9,2079000
EMP04268,Manish Deshpande,39,Male,PhD,Marketing,Growth Hacker,8.6,5,2,Startup,Tier 2,Jaipur,3.5,1215000
EMP04269,Aarav Chatterjee,25,Male,PhD,Finance,Portfolio Manager,2.6,2,0,MNC,Tier 3,Mysuru,2.9,747000
EMP04270,Ayaan Kumar,57,Male,Bachelor's,Legal,Legal Advisor,17.7,11,1,MNC,Tier 3,Guwahati,1.9,2990000
EMP04271,Gaurav Deshpande,35,Male,Bachelor's,IT,QA Engineer,6.0,3,0,MNC,Tier 3,Guwahati,3.7,1063000
EMP04272,Vihaan Das,53,Male,Master's,Legal,Litigation Associate,19.9,12,3,Startup,Tier 2,Jaipur,1.8,3522000
EMP04273,Arjun Nair,36,Male,PhD,Education,Instructional Designer,5.2,3,1,SME,Tier 3,Patna,2.7,604000
EMP04274,Manish Thakur,51,Male,Master's,HR,Talent Acquisition Lead,23.7,12,0,MNC,Tier 2,Indore,1.6,2931000
EMP04275,Krishna Malik,53,Male,Bachelor's,Engineering,Process Engineer,16.4,11,1,Startup,Tier 2,Chandigarh,2.5,1575000
EMP04276,Vihaan Banerjee,34,Male,Bachelor's,Operations,Fleet Manager,4.0,5,1,MNC,Tier 2,Indore,3.7,825000
EMP04277,Ayaan Kumar,32,Male,Bachelor's,Healthcare,Pharmacist,4.8,5,0,SME,Tier 3,Guwahati,2.3,633000
EMP04278,Aditya Patel,43,Male,Bachelor's,HR,Talent Acquisition Lead,21.0,10,3,Enterprise,Tier 2,Ahmedabad,2.7,2773000
EMP04279,Krishna Malik,40,Male,Master's,Legal,Contract Specialist,9.7,4,1,Startup,Tier 1,Chennai,2.5,2021000
EMP04280,Riya Saxena,42,Female,Bachelor's,Education,Academic Counselor,10.1,3,2,Startup,Tier 1,Delhi,3.8,1164000
EMP04281,Neha Kapoor,45,Female,Bachelor's,Operations,Process Improvement Analyst,13.8,2,3,SME,Tier 3,Ranchi,3.2,1486000
EMP04282,Diya Kapoor,42,Female,Master's,IT,QA Engineer,12.5,7,2,Startup,Tier 2,Lucknow,2.2,1777000
EMP04283,Ankit Malik,50,Male,PhD,HR,HRIS Analyst,25.7,10,3,Startup,Tier 2,Kochi,4.9,4805000
EMP04284,Rahul Patel,55,Male,Master's,Marketing,Marketing Manager,19.8,8,1,MNC,Tier 3,Raipur,4.5,3277000
EMP04285,Aarav Kapoor,52,Male,Master's,IT,Cybersecurity Analyst,21.0,4,1,Enterprise,Tier 2,Lucknow,2.7,4586000
EMP04286,Ananya Bhat,39,Female,Master's,Marketing,Social Media Manager,13.3,9,2,Startup,Tier 1,Bangalore,3.2,2148000
EMP04287,Myra Mishra,22,Female,Bachelor's,Finance,Financial Analyst,0.0,2,0,SME,Tier 2,Nagpur,2.0,313000
EMP04288,Karan Mishra,58,Male,Master's,Sales,Sales Engineer,22.0,11,2,Enterprise,Tier 1,Pune,1.6,4947000
EMP04289,Sai Joshi,25,Male,Master's,Legal,Litigation Associate,1.9,2,0,SME,Tier 2,Ahmedabad,1.9,749000
EMP04290,Amit Thakur,42,Male,Bachelor's,Engineering,Mechanical Engineer,14.1,10,2,MNC,Tier 1,Kolkata,1.7,2582000
EMP04291,Rahul Gupta,33,Male,Bachelor's,Sales,Regional Sales Head,10.4,2,0,Enterprise,Tier 2,Indore,3.1,1630000
EMP04292,Swati Iyer,29,Female,Bachelor's,Legal,Legal Advisor,3.6,4,0,SME,Tier 1,Chennai,4.0,1055000
EMP04293,Arjun Saxena,44,Male,Master's,IT,Data Scientist,10.0,6,2,SME,Tier 1,Kolkata,2.2,1947000
EMP04294,Kritika Kumar,58,Female,PhD,Legal,In-House Counsel,34.3,8,5,SME,Tier 1,Kolkata,4.5,7500000
EMP04295,Simran Mishra,43,Female,Master's,Operations,Process Improvement Analyst,18.3,3,2,SME,Tier 3,Dehradun,1.7,1870000
EMP04296,Aditya Chopra,27,Male,Master's,IT,Frontend Developer,1.8,2,1,MNC,Tier 3,Raipur,2.0,566000
EMP04297,Sneha Patel,34,Female,Bachelor's,Education,Lecturer,7.0,6,2,Enterprise,Tier 2,Ahmedabad,3.0,934000
EMP04298,Diya Agarwal,39,Female,Master's,Sales,Territory Manager,6.1,2,0,SME,Tier 1,Mumbai,1.9,1014000
EMP04299,Anjali Deshpande,54,Female,Master's,Education,Instructional Designer,17.9,3,1,MNC,Tier 1,Kolkata,3.5,2703000
EMP04300,Reyansh Nair,47,Male,Master's,Engineering,Structural Engineer,18.0,6,1,Startup,Tier 2,Chandigarh,1.6,1974000
EMP04301,Ananya Saxena,27,Female,Master's,IT,Data Scientist,4.1,2,1,SME,Tier 1,Delhi,4.4,1337000
EMP04302,Amit Chatterjee,38,Male,PhD,Operations,Process Improvement Analyst,5.9,2,1,MNC,Tier 2,Nagpur,2.6,1154000
EMP04303,Meera Singh,44,Other,Bachelor's,Marketing,Market Research Analyst,16.5,2,1,SME,Tier 2,Chandigarh,3.4,1677000
EMP04304,Ananya Joshi,39,Female,Bachelor's,IT,Cybersecurity Analyst,15.7,2,0,SME,Tier 1,Chennai,3.4,2939000
EMP04305,Kritika Reddy,34,Female,PhD,Marketing,SEO Specialist,6.6,6,0,SME,Tier 1,Mumbai,4.2,1471000
EMP04306,Priya Saxena,25,Female,Bachelor's,IT,Full Stack Developer,1.7,2,1,SME,Tier 2,Jaipur,2.8,516000
EMP04307,Rajesh Singh,50,Male,Master's,Education,Lecturer,11.3,8,1,MNC,Tier 3,Bhopal,3.4,1281000
EMP04308,Gaurav Rao,40,Male,Master's,Education,Education Consultant,14.6,5,1,Startup,Tier 1,Pune,4.1,2038000
EMP04309,Harsh Mehta,38,Male,Master's,Marketing,Digital Marketing Analyst,15.1,10,0,MNC,Tier 2,Ahmedabad,3.3,2565000
EMP04310,Vihaan Sharma,52,Male,Master's,Sales,Regional Sales Head,29.9,13,5,MNC,Tier 1,Mumbai,3.6,7166000
EMP04311,Reyansh Sharma,53,Male,Master's,Sales,Account Executive,21.1,8,1,SME,Tier 2,Chandigarh,2.7,3111000
EMP04312,Vihaan Gupta,29,Male,Bachelor's,Legal,Litigation Associate,3.8,3,0,MNC,Tier 1,Chennai,4.5,1203000
EMP04313,Krishna Banerjee,51,Male,Bachelor's,IT,Software Developer,16.7,4,2,MNC,Tier 3,Ranchi,3.2,2649000
EMP04314,Krishna Joshi,44,Male,Bachelor's,Legal,Legal Consultant,17.6,7,0,MNC,Tier 1,Chennai,4.5,5048000
EMP04315,Aanya Agarwal,38,Female,Bachelor's,Operations,Operations Manager,9.3,7,1,SME,Tier 2,Lucknow,3.8,1176000
EMP04316,Myra Singh,48,Female,Bachelor's,Sales,Channel Partner Manager,17.9,5,0,SME,Tier 1,Kolkata,2.9,2672000
EMP04317,Arjun Iyer,41,Male,Bachelor's,Marketing,SEO Specialist,17.1,7,3,MNC,Tier 2,Ahmedabad,4.7,2619000
EMP04318,Pranav Gupta,28,Male,PhD,HR,Talent Acquisition Lead,4.5,5,1,MNC,Tier 1,Delhi,1.6,1246000
EMP04319,Meera Kapoor,54,Female,Bachelor's,Finance,Treasury Analyst,16.5,4,3,Startup,Tier 2,Ahmedabad,2.1,1907000
EMP04320,Tanvi Bhat,36,Female,Bachelor's,Engineering,Mechanical Engineer,5.8,5,0,Enterprise,Tier 1,Chennai,1.7,1181000
EMP04321,Myra Das,28,Female,Bachelor's,HR,Training Coordinator,5.1,2,0,MNC,Tier 3,Mysuru,3.4,626000
EMP04322,Deepak Deshpande,30,Male,Master's,IT,Software Developer,2.2,4,0,Startup,Tier 3,Mysuru,4.0,609000
EMP04323,Ishaan Sharma,51,Male,Bachelor's,Education,Academic Counselor,16.3,3,2,SME,Tier 2,Lucknow,2.6,1588000
EMP04324,Gaurav Thakur,51,Male,Bachelor's,Finance,Compliance Officer,16.8,5,1,SME,Tier 2,Jaipur,2.7,2000000
EMP04325,Swati Das,38,Female,Bachelor's,Sales,Territory Manager,13.5,8,3,Startup,Tier 2,Indore,1.7,1296000
EMP04326,Rohan Singh,49,Other,Master's,Sales,Pre-Sales Consultant,11.3,2,0,MNC,Tier 3,Bhopal,4.4,1810000
EMP04327,Shreya Mehta,53,Female,Bachelor's,Finance,Investment Banker,30.1,14,2,Startup,Tier 1,Chennai,2.2,4020000
EMP04328,Ira Joshi,22,Female,Master's,Finance,Credit Analyst,0.0,2,1,SME,Tier 2,Chandigarh,3.7,508000
EMP04329,Meera Kapoor,46,Female,PhD,Engineering,Electrical Engineer,14.2,8,3,MNC,Tier 1,Mumbai,4.1,5148000
EMP04330,Ishaan Chatterjee,52,Male,Master's,Finance,Credit Analyst,18.1,7,1,SME,Tier 1,Bangalore,2.1,3181000
EMP04331,Krishna Nair,50,Other,Bachelor's,Engineering,Structural Engineer,15.6,5,1,MNC,Tier 3,Guwahati,2.7,1927000
EMP04332,Suresh Chopra,50,Male,Master's,Healthcare,Nurse,12.1,7,0,Enterprise,Tier 2,Ahmedabad,4.1,3192000
EMP04333,Suresh Agarwal,35,Male,Master's,Engineering,Quality Engineer,7.6,4,0,Startup,Tier 3,Guwahati,4.3,1054000
EMP04334,Aanya Rao,37,Female,Bachelor's,Finance,Financial Analyst,11.3,2,0,Enterprise,Tier 2,Ahmedabad,1.6,1678000
EMP04335,Sara Bhat,24,Female,Bachelor's,Education,Lab Instructor,1.8,3,1,Startup,Tier 1,Pune,3.6,454000
EMP04336,Ankit Bhat,33,Male,Bachelor's,Sales,Sales Engineer,9.7,3,2,MNC,Tier 1,Pune,2.3,1532000
EMP04337,Nikhil Thakur,56,Male,Master's,IT,Cloud Architect,29.5,8,4,MNC,Tier 2,Chandigarh,3.1,5959000
EMP04338,Shreya Joshi,35,Female,Master's,Operations,Logistics Coordinator,8.8,2,1,SME,Tier 2,Lucknow,4.6,1454000
EMP04339,Shreya Agarwal,37,Female,Bachelor's,HR,HRIS Analyst,12.2,3,0,SME,Tier 2,Chandigarh,3.9,1065000
EMP04340,Ankit Singh,57,Male,Bachelor's,Healthcare,Medical Lab Technician,28.0,6,5,SME,Tier 2,Chandigarh,2.5,4930000
EMP04341,Isha Joshi,56,Female,Bachelor's,Education,Lab Instructor,29.8,14,5,SME,Tier 3,Bhopal,3.9,2904000
EMP04342,Deepak Chatterjee,51,Male,Bachelor's,Operations,Supply Chain Analyst,16.7,8,0,SME,Tier 1,Pune,3.5,2392000
EMP04343,Pranav Kumar,50,Male,Bachelor's,HR,Employee Relations Specialist,13.8,4,1,MNC,Tier 1,Delhi,2.8,2252000
EMP04344,Sakshi Kumar,43,Female,Master's,Finance,Risk Analyst,13.5,2,3,MNC,Tier 1,Pune,3.8,3751000
EMP04345,Suresh Agarwal,51,Male,Master's,Marketing,Campaign Manager,22.2,5,2,SME,Tier 1,Mumbai,4.0,3815000
EMP04346,Reyansh Mishra,29,Male,Master's,Finance,Treasury Analyst,6.7,6,0,MNC,Tier 2,Nagpur,1.8,1320000
EMP04347,Ira Kapoor,42,Female,Bachelor's,Marketing,Campaign Manager,14.0,10,2,SME,Tier 1,Hyderabad,3.3,2101000
EMP04348,Ankit Gupta,38,Male,Bachelor's,Legal,In-House Counsel,9.3,7,1,Startup,Tier 2,Indore,4.1,1437000
EMP04349,Isha Malik,33,Female,Bachelor's,Sales,Account Executive,10.7,4,1,Enterprise,Tier 1,Pune,5.0,2224000
EMP04350,Krishna Mishra,50,Male,Bachelor's,IT,Data Scientist,16.7,8,1,SME,Tier 1,Delhi,2.5,2894000
EMP04351,Aanya Kumar,31,Female,Bachelor's,Operations,Operations Analyst,6.7,6,1,MNC,Tier 1,Bangalore,4.9,1263000
EMP04352,Meera Nair,25,Other,Master's,Sales,Channel Partner Manager,2.1,2,0,MNC,Tier 1,Kolkata,1.6,687000
EMP04353,Pooja Gupta,53,Female,Bachelor's,Operations,Fleet Manager,14.3,8,1,MNC,Tier 1,Bangalore,2.8,2314000
EMP04354,Ishaan Verma,23,Male,Master's,Operations,Fleet Manager,0.5,3,1,MNC,Tier 1,Delhi,3.8,595000
EMP04355,Swati Sharma,29,Female,Bachelor's,Marketing,Social Media Manager,3.3,2,0,Startup,Tier 1,Delhi,3.9,661000
EMP04356,Gaurav Iyer,46,Male,Bachelor's,Marketing,PR Specialist,10.9,5,2,SME,Tier 1,Delhi,1.6,1413000
EMP04357,Neha Pillai,33,Female,Bachelor's,Finance,Treasury Analyst,9.0,4,2,SME,Tier 1,Pune,2.7,1549000
EMP04358,Ayaan Patel,28,Male,Bachelor's,Sales,Inside Sales Representative,5.4,4,1,Startup,Tier 1,Chennai,2.5,757000
EMP04359,Rahul Pillai,35,Male,Master's,IT,Cloud Architect,5.0,4,0,Enterprise,Tier 2,Nagpur,4.1,1726000
EMP04360,Pranav Kapoor,48,Male,Master's,Sales,Channel Partner Manager,18.5,3,0,SME,Tier 2,Nagpur,4.6,3054000
EMP04361,Anjali Chatterjee,40,Female,PhD,Marketing,Marketing Manager,9.8,7,0,MNC,Tier 1,Delhi,4.5,2827000
EMP04362,Meera Nair,50,Female,Bachelor's,Healthcare,Dentist,26.6,13,1,Enterprise,Tier 1,Kolkata,4.6,7500000
EMP04363,Kavya Verma,33,Female,Master's,HR,HR Manager,10.0,5,2,MNC,Tier 1,Hyderabad,3.2,1965000
EMP04364,Aanya Verma,38,Female,Bachelor's,Operations,Supply Chain Analyst,15.4,2,2,Enterprise,Tier 1,Pune,2.5,2776000
EMP04365,Anjali Joshi,24,Female,Bachelor's,HR,Payroll Specialist,1.9,3,0,MNC,Tier 3,Mysuru,3.3,400000
EMP04366,Rajesh Deshpande,44,Male,Master's,Finance,Tax Consultant,17.8,8,1,Startup,Tier 1,Kolkata,2.2,3456000
EMP04367,Swati Verma,26,Female,Bachelor's,Sales,Key Account Manager,2.7,3,1,MNC,Tier 2,Lucknow,1.5,518000
EMP04368,Swati Joshi,52,Female,Master's,Operations,Supply Chain Analyst,17.5,7,1,MNC,Tier 3,Ranchi,2.0,2098000
EMP04369,Riya Rao,51,Female,Bachelor's,Engineering,Project Manager,16.5,9,2,Enterprise,Tier 2,Nagpur,4.9,3260000
EMP04370,Meera Reddy,50,Female,Bachelor's,HR,Compensation Analyst,18.4,12,0,Startup,Tier 1,Chennai,2.8,2092000
EMP04371,Myra Joshi,26,Female,PhD,Finance,Portfolio Manager,2.1,3,1,MNC,Tier 1,Kolkata,2.4,976000
EMP04372,Ira Patel,42,Female,Bachelor's,Finance,Accountant,8.3,7,2,MNC,Tier 2,Nagpur,2.4,1392000
EMP04373,Aanya Iyer,26,Female,Bachelor's,Finance,Investment Banker,0.2,2,1,MNC,Tier 2,Indore,3.5,456000
EMP04374,Swati Rao,58,Other,Bachelor's,Operations,Warehouse Manager,33.7,5,4,Startup,Tier 2,Lucknow,2.4,2937000
EMP04375,Divya Kumar,38,Female,Master's,Legal,Corporate Lawyer,10.6,2,2,SME,Tier 2,Ahmedabad,3.3,2381000
EMP04376,Nisha Iyer,34,Female,Bachelor's,HR,Training Coordinator,6.6,3,1,MNC,Tier 1,Bangalore,2.9,1150000
EMP04377,Sakshi Mehta,40,Female,Bachelor's,Engineering,Site Engineer,13.9,2,3,MNC,Tier 1,Hyderabad,2.0,1883000
EMP04378,Bhavna Nair,29,Female,Master's,Sales,Territory Manager,6.8,6,1,Enterprise,Tier 1,Pune,4.9,2379000
EMP04379,Neha Chatterjee,36,Female,Master's,Education,Professor,9.5,6,2,Startup,Tier 1,Chennai,4.0,1401000
EMP04380,Harsh Chopra,54,Male,Bachelor's,Healthcare,Clinical Research Associate,19.5,2,1,SME,Tier 1,Kolkata,2.0,3299000
EMP04381,Harsh Iyer,40,Male,Bachelor's,HR,Payroll Specialist,13.6,6,2,SME,Tier 1,Bangalore,4.6,1993000
EMP04382,Sara Banerjee,23,Female,Master's,Engineering,Mechanical Engineer,0.9,2,0,MNC,Tier 1,Kolkata,1.6,675000
EMP04383,Sara Chopra,52,Female,Bachelor's,Engineering,Quality Engineer,25.4,10,1,MNC,Tier 1,Kolkata,2.6,4496000
EMP04384,Arjun Kumar,33,Male,PhD,Finance,Investment Banker,6.9,2,1,MNC,Tier 1,Delhi,4.4,2464000
EMP04385,Bhavna Patel,31,Female,Bachelor's,Legal,Paralegal,4.0,4,0,SME,Tier 3,Dehradun,4.5,763000
EMP04386,Pranav Pillai,27,Male,Bachelor's,Sales,Channel Partner Manager,3.4,3,0,Enterprise,Tier 1,Kolkata,4.8,1006000
EMP04387,Nikhil Kapoor,41,Male,Bachelor's,Engineering,Civil Engineer,14.4,9,0,Startup,Tier 2,Nagpur,3.3,1610000
EMP04388,Vihaan Nair,36,Male,Bachelor's,Education,Research Associate,5.7,4,1,MNC,Tier 3,Ranchi,3.1,557000
EMP04389,Aarav Saxena,25,Male,Master's,Sales,Channel Partner Manager,2.8,4,1,MNC,Tier 2,Lucknow,4.7,916000
EMP04390,Tanvi Agarwal,50,Female,Bachelor's,Marketing,PR Specialist,16.0,7,0,MNC,Tier 2,Ahmedabad,4.4,2546000
EMP04391,Myra Kapoor,25,Female,Master's,IT,QA Engineer,2.0,4,0,Startup,Tier 3,Dehradun,2.4,534000
EMP04392,Ankit Banerjee,52,Male,Master's,Sales,Inside Sales Representative,22.5,9,3,Enterprise,Tier 2,Indore,2.6,4927000
EMP04393,Priya Nair,43,Female,PhD,Sales,Sales Engineer,14.2,2,1,SME,Tier 2,Indore,3.6,2548000
EMP04394,Swati Verma,42,Other,Bachelor's,HR,Payroll Specialist,12.6,3,2,Startup,Tier 3,Raipur,1.9,784000
EMP04395,Aadhya Malik,47,Female,Bachelor's,Sales,Sales Manager,23.2,14,4,SME,Tier 1,Kolkata,2.0,3965000
EMP04396,Vikram Singh,50,Male,Master's,Legal,Paralegal,11.9,5,2,MNC,Tier 3,Bhopal,1.9,1914000
EMP04397,Rohan Mehta,47,Male,Bachelor's,HR,Payroll Specialist,14.1,3,0,Enterprise,Tier 2,Chandigarh,4.5,1866000
EMP04398,Suresh Chopra,54,Male,Master's,IT,Cloud Architect,31.0,13,3,SME,Tier 2,Nagpur,4.1,6060000
EMP04399,Ayaan Sharma,32,Male,PhD,Operations,Logistics Coordinator,3.8,4,0,Enterprise,Tier 1,Bangalore,2.3,1400000
EMP04400,Pranav Rao,29,Male,Master's,Education,Professor,7.0,3,2,MNC,Tier 1,Pune,2.3,1303000
EMP04401,Ananya Reddy,45,Female,Bachelor's,Finance,Risk Analyst,15.5,5,0,Startup,Tier 2,Chandigarh,4.3,2114000
EMP04402,Manish Iyer,57,Male,Master's,Sales,Account Executive,30.3,10,3,MNC,Tier 2,Kochi,3.1,5960000
EMP04403,Sai Bhat,30,Male,Master's,Legal,In-House Counsel,1.3,2,0,Enterprise,Tier 2,Kochi,4.5,937000
EMP04404,Rajesh Singh,24,Male,Bachelor's,IT,Backend Developer,1.9,3,1,Enterprise,Tier 3,Mysuru,2.3,638000
EMP04405,Amit Mishra,26,Male,PhD,HR,HR Generalist,1.6,2,1,MNC,Tier 2,Kochi,4.1,783000
EMP04406,Neha Iyer,39,Female,Master's,Finance,Compliance Officer,9.5,2,0,SME,Tier 2,Ahmedabad,4.2,1789000
EMP04407,Rohan Malik,36,Male,Bachelor's,Finance,Compliance Officer,11.7,6,1,Startup,Tier 2,Lucknow,4.5,1645000
EMP04408,Sai Bhat,52,Male,PhD,Healthcare,Dentist,24.4,15,2,Startup,Tier 2,Nagpur,4.8,7500000
EMP04409,Gaurav Agarwal,31,Male,Bachelor's,Finance,Auditor,3.9,2,1,SME,Tier 3,Raipur,2.1,553000
EMP04410,Manish Chatterjee,50,Male,Bachelor's,Legal,Litigation Associate,13.8,6,3,Startup,Tier 1,Delhi,4.8,3319000
EMP04411,Shreya Bhat,50,Female,Bachelor's,IT,Cybersecurity Analyst,18.1,10,1,SME,Tier 2,Ahmedabad,4.2,3113000
EMP04412,Sneha Singh,49,Female,Master's,Engineering,Electrical Engineer,20.6,11,0,MNC,Tier 2,Lucknow,2.9,3874000
EMP04413,Ayaan Deshpande,22,Male,PhD,Sales,Account Executive,0.0,2,0,Startup,Tier 3,Dehradun,3.4,284000
EMP04414,Ayaan Pillai,32,Other,Master's,Marketing,PR Specialist,7.1,2,2,MNC,Tier 2,Jaipur,2.2,956000
EMP04415,Rohan Verma,54,Male,Bachelor's,Marketing,Brand Manager,25.2,4,1,SME,Tier 3,Guwahati,2.5,2170000
EMP04416,Ankit Saxena,44,Male,Master's,HR,HR Business Partner,20.8,4,3,MNC,Tier 2,Kochi,4.4,3727000
EMP04417,Karan Agarwal,51,Male,PhD,Finance,Credit Analyst,17.0,8,3,MNC,Tier 1,Pune,3.5,5624000
EMP04418,Aarav Agarwal,46,Male,Bachelor's,Legal,Contract Specialist,18.5,10,1,Startup,Tier 1,Pune,3.5,3153000
EMP04419,Gaurav Chopra,35,Male,PhD,Sales,Territory Manager,8.4,5,2,Startup,Tier 1,Chennai,4.9,1943000
EMP04420,Aditya Patel,47,Male,Bachelor's,Sales,Account Executive,15.8,9,0,Startup,Tier 3,Dehradun,2.1,1039000
EMP04421,Bhavna Kapoor,28,Female,Master's,Marketing,Social Media Manager,2.5,4,1,SME,Tier 2,Lucknow,4.3,779000
EMP04422,Nikhil Iyer,23,Male,Master's,Finance,Investment Banker,0.4,2,0,Startup,Tier 1,Mumbai,3.5,495000
EMP04423,Sai Pillai,29,Male,Bachelor's,Legal,Legal Consultant,3.7,3,1,Enterprise,Tier 2,Kochi,2.2,1143000
EMP04424,Vihaan Rao,32,Male,Master's,HR,HR Manager,6.9,3,1,SME,Tier 1,Hyderabad,4.6,1397000
EMP04425,Neha Pillai,29,Female,Bachelor's,Finance,Treasury Analyst,5.5,5,0,MNC,Tier 3,Bhopal,3.7,852000
EMP04426,Gaurav Iyer,49,Male,Bachelor's,Sales,Inside Sales Representative,12.9,6,0,SME,Tier 1,Delhi,4.1,1831000
EMP04427,Rajesh Reddy,38,Male,Bachelor's,Finance,Financial Analyst,14.4,7,1,MNC,Tier 2,Kochi,3.7,2641000
EMP04428,Rohan Rao,42,Male,Bachelor's,Healthcare,Physiotherapist,15.4,3,1,Enterprise,Tier 1,Hyderabad,2.1,3398000
EMP04429,Ishaan Agarwal,58,Male,Master's,Education,Professor,20.2,2,3,MNC,Tier 2,Chandigarh,2.4,2620000
EMP04430,Karan Kumar,37,Male,Master's,Legal,Litigation Associate,10.0,6,0,Enterprise,Tier 1,Mumbai,2.9,3066000
EMP04431,Amit Das,33,Male,Bachelor's,Legal,Legal Consultant,10.4,2,2,MNC,Tier 3,Bhopal,3.1,1474000
EMP04432,Arjun Patel,29,Male,Bachelor's,HR,HR Generalist,1.6,3,0,SME,Tier 2,Chandigarh,2.6,318000
EMP04433,Harsh Patel,27,Male,PhD,Operations,Process Improvement Analyst,1.9,2,1,MNC,Tier 1,Delhi,1.7,870000
EMP04434,Swati Patel,30,Female,Bachelor's,Education,Lab Instructor,2.2,2,0,MNC,Tier 1,Delhi,4.7,632000
EMP04435,Mohit Deshpande,41,Male,Master's,Sales,Regional Sales Head,8.9,6,0,Enterprise,Tier 2,Chandigarh,3.4,1714000
EMP04436,Vivaan Rao,22,Male,Master's,HR,Compensation Analyst,0.0,2,1,SME,Tier 1,Hyderabad,2.1,411000
EMP04437,Aanya Verma,56,Female,Master's,HR,Talent Acquisition Lead,21.9,12,0,MNC,Tier 1,Kolkata,3.6,4716000
EMP04438,Manish Patel,48,Male,Bachelor's,Sales,Pre-Sales Consultant,21.7,11,3,SME,Tier 1,Pune,2.6,3381000
EMP04439,Swati Chopra,52,Female,PhD,Sales,Account Executive,19.7,8,0,MNC,Tier 1,Mumbai,3.5,5156000
EMP04440,Priya Thakur,50,Other,Bachelor's,HR,Payroll Specialist,15.1,4,0,SME,Tier 2,Kochi,4.2,1675000
EMP04441,Karan Joshi,52,Male,PhD,Legal,Corporate Lawyer,19.1,10,2,MNC,Tier 2,Kochi,3.8,5934000
EMP04442,Rahul Das,40,Male,Master's,Marketing,Content Writer,16.2,7,2,Startup,Tier 3,Guwahati,4.4,1874000
EMP04443,Arjun Rao,51,Male,Bachelor's,Finance,Tax Consultant,26.0,8,1,SME,Tier 3,Raipur,3.5,3186000
EMP04444,Vivaan Chatterjee,30,Male,Bachelor's,Operations,Logistics Coordinator,2.2,4,1,SME,Tier 1,Mumbai,3.0,630000
EMP04445,Neha Saxena,48,Female,Bachelor's,Engineering,Structural Engineer,19.5,5,1,SME,Tier 1,Kolkata,4.4,2786000
EMP04446,Nikhil Reddy,36,Male,Bachelor's,Finance,Auditor,10.2,7,0,SME,Tier 1,Delhi,4.8,1881000
EMP04447,Anjali Bhat,33,Female,Master's,Engineering,Design Engineer,6.2,3,1,SME,Tier 1,Kolkata,4.2,1363000
EMP04448,Aarav Sharma,31,Male,Master's,Finance,Financial Analyst,1.8,2,0,MNC,Tier 1,Pune,1.8,812000
EMP04449,Anjali Saxena,54,Female,Master's,HR,HR Business Partner,26.2,13,4,Enterprise,Tier 1,Bangalore,4.8,7066000
EMP04450,Bhavna Das,44,Female,Bachelor's,Operations,Warehouse Manager,21.1,4,2,Startup,Tier 1,Bangalore,4.3,3222000
EMP04451,Kavya Reddy,45,Female,Bachelor's,Education,Instructional Designer,22.7,4,3,Startup,Tier 2,Nagpur,2.9,1879000
EMP04452,Vihaan Banerjee,32,Male,Bachelor's,Operations,Procurement Manager,4.5,2,0,MNC,Tier 1,Pune,3.2,907000
EMP04453,Diya Malik,51,Female,Master's,HR,HR Business Partner,18.4,10,1,SME,Tier 2,Ahmedabad,2.4,2411000
EMP04454,Gaurav Mehta,22,Male,Bachelor's,Marketing,SEO Specialist,0.0,2,0,Startup,Tier 1,Kolkata,2.3,316000
EMP04455,Riya Patel,28,Female,Master's,HR,Recruiter,3.8,4,0,SME,Tier 1,Mumbai,2.8,860000
EMP04456,Simran Das,46,Female,Bachelor's,Operations,Operations Analyst,12.6,5,2,MNC,Tier 2,Lucknow,4.8,2113000
EMP04457,Nikhil Banerjee,24,Male,Bachelor's,Sales,Key Account Manager,1.4,3,0,Enterprise,Tier 1,Delhi,3.8,625000
EMP04458,Arjun Kumar,26,Other,Master's,Operations,Supply Chain Analyst,1.1,3,0,SME,Tier 3,Ranchi,3.5,359000
EMP04459,Aarav Gupta,58,Male,Bachelor's,HR,HRIS Analyst,30.6,2,2,MNC,Tier 2,Chandigarh,4.9,3380000
EMP04460,Ankit Mishra,58,Male,Bachelor's,Education,Research Associate,31.4,3,0,Startup,Tier 2,Lucknow,3.3,2363000
EMP04461,Ananya Bhat,50,Female,Bachelor's,Engineering,Mechanical Engineer,25.6,4,0,Startup,Tier 3,Mysuru,4.6,2766000
EMP04462,Vikram Thakur,53,Male,Master's,Education,Research Associate,14.0,2,2,MNC,Tier 1,Bangalore,2.7,2494000
EMP04463,Kritika Das,55,Female,Bachelor's,Healthcare,Pharmacist,17.6,2,2,MNC,Tier 1,Mumbai,3.1,4642000
EMP04464,Amit Rao,35,Male,Master's,Healthcare,Public Health Specialist,5.6,5,0,SME,Tier 1,Hyderabad,2.4,1478000
EMP04465,Mohit Kumar,37,Male,Bachelor's,Sales,Sales Engineer,14.5,7,0,SME,Tier 1,Bangalore,1.7,1728000
EMP04466,Aarav Verma,41,Male,Bachelor's,IT,Cloud Architect,12.0,9,0,Enterprise,Tier 1,Bangalore,3.4,2848000
EMP04467,Gaurav Joshi,35,Male,Master's,Healthcare,Radiologist,10.7,3,0,SME,Tier 1,Pune,2.2,2399000
EMP04468,Karan Nair,30,Male,Master's,Marketing,Marketing Manager,1.5,3,1,SME,Tier 1,Pune,4.8,767000
EMP04469,Vivaan Chopra,42,Male,Master's,Finance,Compliance Officer,11.1,3,0,SME,Tier 2,Nagpur,1.7,1534000
EMP04470,Kritika Sharma,39,Female,Master's,Marketing,Brand Manager,5.9,2,0,MNC,Tier 2,Nagpur,2.3,1042000
EMP04471,Ankit Mishra,48,Male,Master's,IT,ML Engineer,24.8,8,4,SME,Tier 2,Chandigarh,2.6,5161000
EMP04472,Myra Patel,44,Female,Bachelor's,Legal,Litigation Associate,14.1,7,3,SME,Tier 2,Nagpur,4.2,3134000
EMP04473,Arjun Mishra,33,Male,Bachelor's,Education,Professor,4.1,3,0,MNC,Tier 1,Hyderabad,4.4,934000
EMP04474,Krishna Kumar,33,Male,Master's,Healthcare,Nurse,6.1,2,1,Startup,Tier 2,Jaipur,4.9,1387000
EMP04475,Nisha Gupta,40,Female,Bachelor's,IT,Frontend Developer,14.3,9,3,SME,Tier 1,Bangalore,2.4,2932000
EMP04476,Ayaan Pillai,46,Male,Master's,Marketing,Market Research Analyst,11.2,3,0,Enterprise,Tier 1,Delhi,2.2,2206000
EMP04477,Ira Bhat,41,Female,PhD,Legal,Contract Specialist,9.2,7,1,SME,Tier 2,Kochi,2.0,2085000
EMP04478,Meera Chatterjee,41,Female,PhD,Engineering,Site Engineer,13.8,3,2,MNC,Tier 3,Raipur,3.2,2630000
EMP04479,Sakshi Nair,53,Female,Master's,Education,Dean,29.7,6,5,MNC,Tier 2,Indore,2.6,3514000
EMP04480,Swati Pillai,34,Female,Bachelor's,Legal,Contract Specialist,4.9,2,1,SME,Tier 1,Mumbai,1.8,1135000
EMP04481,Bhavna Chatterjee,45,Female,Master's,IT,Cloud Architect,22.0,14,4,MNC,Tier 1,Chennai,2.9,6390000
EMP04482,Riya Singh,27,Female,Bachelor's,Sales,Channel Partner Manager,0.6,3,0,MNC,Tier 1,Bangalore,3.6,541000
EMP04483,Aanya Kapoor,33,Female,Master's,Sales,Sales Engineer,8.0,4,1,Startup,Tier 3,Patna,1.7,705000
EMP04484,Deepak Gupta,28,Male,Bachelor's,Legal,Contract Specialist,4.1,4,1,SME,Tier 2,Nagpur,2.9,946000
EMP04485,Myra Kapoor,26,Female,Master's,HR,Payroll Specialist,0.3,2,0,MNC,Tier 1,Kolkata,1.9,487000
EMP04486,Kritika Rao,37,Female,Bachelor's,Legal,Legal Analyst,11.4,3,0,Enterprise,Tier 1,Mumbai,4.3,2829000
EMP04487,Ishaan Pillai,58,Male,Master's,IT,Full Stack Developer,23.6,6,1,Enterprise,Tier 3,Dehradun,2.0,4399000
EMP04488,Simran Verma,39,Female,Master's,Engineering,Chemical Engineer,14.4,3,0,MNC,Tier 1,Kolkata,3.1,2860000
EMP04489,Aditya Mishra,56,Male,Bachelor's,Marketing,Social Media Manager,15.4,7,2,Enterprise,Tier 1,Bangalore,1.9,2725000
EMP04490,Vihaan Kumar,44,Male,Bachelor's,Legal,Corporate Lawyer,21.5,11,4,SME,Tier 1,Mumbai,2.3,4770000
EMP04491,Ananya Mehta,39,Female,Master's,Legal,Contract Specialist,8.4,5,0,MNC,Tier 3,Dehradun,3.9,1890000
EMP04492,Neha Reddy,48,Female,Bachelor's,Finance,Risk Analyst,12.3,7,0,MNC,Tier 1,Kolkata,1.5,1925000
EMP04493,Arjun Deshpande,23,Male,Master's,Legal,In-House Counsel,0.9,3,1,SME,Tier 1,Bangalore,2.0,669000
EMP04494,Mohit Banerjee,22,Male,Bachelor's,Sales,Sales Manager,0.0,3,1,Startup,Tier 1,Chennai,2.2,287000
EMP04495,Pooja Iyer,39,Female,Bachelor's,Finance,Treasury Analyst,6.9,5,1,SME,Tier 1,Kolkata,4.4,1539000
EMP04496,Divya Reddy,22,Female,Bachelor's,HR,HR Business Partner,0.0,3,0,Startup,Tier 2,Chandigarh,2.1,271000
EMP04497,Gaurav Chatterjee,39,Male,Bachelor's,Marketing,PR Specialist,16.8,7,1,MNC,Tier 2,Ahmedabad,1.9,1937000
EMP04498,Nikhil Das,55,Male,Master's,Sales,Sales Engineer,16.7,7,1,SME,Tier 1,Bangalore,3.1,3225000
EMP04499,Deepak Banerjee,22,Male,Bachelor's,Sales,Key Account Manager,0.0,2,0,Enterprise,Tier 3,Ranchi,3.3,257000
EMP04500,Ankit Saxena,53,Male,Master's,Healthcare,Pharmacist,15.9,3,1,Enterprise,Tier 3,Bhopal,4.1,3299000
EMP04501,Arjun Reddy,39,Male,Bachelor's,IT,Frontend Developer,8.9,6,1,MNC,Tier 2,Chandigarh,4.7,1914000
EMP04502,Kavya Verma,25,Female,Bachelor's,Education,Lab Instructor,0.7,2,1,SME,Tier 2,Indore,4.1,309000
EMP04503,Rohan Pillai,46,Male,Master's,HR,HRIS Analyst,10.1,6,1,MNC,Tier 3,Mysuru,3.9,1186000
EMP04504,Kritika Bhat,41,Female,Bachelor's,Education,Education Consultant,10.3,3,2,SME,Tier 2,Ahmedabad,4.5,1174000
EMP04505,Myra Thakur,35,Female,Bachelor's,Sales,Pre-Sales Consultant,10.1,2,1,Enterprise,Tier 1,Bangalore,4.3,2064000
EMP04506,Nikhil Verma,27,Male,Bachelor's,HR,Recruiter,2.2,2,1,MNC,Tier 2,Jaipur,4.1,616000
EMP04507,Neha Agarwal,58,Female,Bachelor's,HR,HR Manager,34.9,8,2,MNC,Tier 3,Dehradun,2.7,3060000
EMP04508,Aanya Rao,39,Other,PhD,IT,Cloud Architect,9.6,3,1,Startup,Tier 2,Chandigarh,4.8,2331000
EMP04509,Rajesh Reddy,36,Male,Bachelor's,Operations,Process Improvement Analyst,8.8,4,0,SME,Tier 2,Lucknow,4.0,1165000
EMP04510,Aadhya Chopra,41,Female,Bachelor's,IT,Full Stack Developer,14.0,9,3,Enterprise,Tier 3,Guwahati,4.2,2775000
EMP04511,Krishna Mishra,57,Male,Master's,Marketing,Digital Marketing Analyst,19.8,6,3,SME,Tier 2,Ahmedabad,3.5,2672000
EMP04512,Ira Pillai,31,Female,Bachelor's,Healthcare,Public Health Specialist,3.2,3,0,Enterprise,Tier 3,Mysuru,2.7,745000
EMP04513,Sara Chopra,25,Female,Bachelor's,Marketing,SEO Specialist,2.3,2,1,MNC,Tier 2,Ahmedabad,3.9,616000
EMP04514,Neha Deshpande,50,Female,Bachelor's,Engineering,Process Engineer,26.7,5,1,Startup,Tier 1,Mumbai,4.9,3805000
EMP04515,Krishna Iyer,29,Male,Master's,Healthcare,Radiologist,5.4,5,0,MNC,Tier 2,Indore,1.7,1216000
EMP04516,Ayaan Kapoor,58,Male,Master's,Legal,Patent Attorney,35.0,2,2,MNC,Tier 1,Mumbai,3.5,7500000
EMP04517,Swati Mishra,41,Female,Master's,Operations,Operations Analyst,14.4,3,0,Enterprise,Tier 1,Hyderabad,1.8,2458000
EMP04518,Karan Joshi,23,Male,Bachelor's,Finance,Investment Banker,0.8,3,0,MNC,Tier 1,Mumbai,1.7,580000
EMP04519,Karan Agarwal,39,Male,Bachelor's,Finance,Compliance Officer,12.4,3,0,Startup,Tier 2,Kochi,4.8,1718000
EMP04520,Vivaan Deshpande,29,Male,Master's,Healthcare,Clinical Research Associate,4.6,4,1,Enterprise,Tier 1,Pune,2.3,1440000
EMP04521,Aadhya Pillai,26,Female,Bachelor's,Engineering,Design Engineer,1.8,2,1,Enterprise,Tier 2,Indore,3.5,697000
EMP04522,Nisha Chopra,23,Female,PhD,Education,Curriculum Designer,0.7,3,1,Startup,Tier 2,Lucknow,2.3,418000
EMP04523,Nikhil Iyer,56,Male,Bachelor's,Legal,Contract Specialist,33.0,12,0,MNC,Tier 3,Ranchi,4.9,6148000
EMP04524,Tanvi Joshi,26,Other,PhD,Finance,Investment Banker,1.0,3,0,SME,Tier 3,Patna,4.2,694000
EMP04525,Amit Kumar,51,Male,Bachelor's,Education,Research Associate,19.0,5,3,Startup,Tier 1,Chennai,4.3,2444000
EMP04526,Vivaan Saxena,42,Male,Bachelor's,Engineering,Electrical Engineer,18.0,10,2,SME,Tier 1,Delhi,3.3,3297000
EMP04527,Kritika Verma,58,Other,Bachelor's,Engineering,Civil Engineer,21.3,11,4,SME,Tier 1,Pune,4.3,3707000
EMP04528,Sakshi Chatterjee,47,Female,Master's,Finance,Portfolio Manager,22.0,10,2,MNC,Tier 2,Ahmedabad,4.9,5960000
EMP04529,Suresh Mehta,36,Male,Master's,HR,HRIS Analyst,8.5,4,0,MNC,Tier 1,Kolkata,2.9,1534000
EMP04530,Suresh Mishra,58,Male,Bachelor's,Engineering,Mechanical Engineer,21.0,10,3,Enterprise,Tier 2,Indore,3.0,3697000
EMP04531,Pooja Kumar,34,Female,Master's,Sales,Sales Engineer,7.0,6,0,MNC,Tier 2,Ahmedabad,1.8,1185000
EMP04532,Pranav Thakur,23,Male,Bachelor's,Engineering,Civil Engineer,0.7,2,1,MNC,Tier 1,Delhi,2.8,669000
EMP04533,Ayaan Saxena,46,Male,Master's,Marketing,Market Research Analyst,11.9,7,2,MNC,Tier 1,Chennai,2.0,2332000
EMP04534,Myra Patel,35,Female,Master's,HR,Training Coordinator,4.4,3,1,MNC,Tier 3,Raipur,3.4,675000
EMP04535,Aarav Joshi,56,Male,Bachelor's,Marketing,PR Specialist,28.7,14,0,Startup,Tier 1,Pune,3.1,3755000
EMP04536,Simran Reddy,53,Female,Master's,Education,Instructional Designer,12.6,4,2,Startup,Tier 3,Raipur,2.0,883000
EMP04537,Aarav Gupta,36,Male,Bachelor's,IT,Backend Developer,7.9,5,1,MNC,Tier 2,Chandigarh,1.7,1433000
EMP04538,Sneha Saxena,40,Female,Master's,Finance,Accountant,17.8,11,1,MNC,Tier 1,Hyderabad,3.5,4603000
EMP04539,Tanvi Nair,56,Female,Master's,Engineering,Process Engineer,18.5,5,0,MNC,Tier 2,Lucknow,4.8,3736000
EMP04540,Priya Das,51,Female,Master's,Marketing,Market Research Analyst,12.7,2,1,SME,Tier 1,Chennai,2.5,1994000
EMP04541,Vikram Gupta,42,Male,Bachelor's,Sales,Account Executive,15.7,2,3,MNC,Tier 2,Chandigarh,3.8,2260000
EMP04542,Rajesh Patel,32,Male,PhD,Finance,Treasury Analyst,5.9,4,0,MNC,Tier 1,Mumbai,4.7,2591000
EMP04543,Ankit Thakur,55,Male,Master's,IT,Cloud Architect,16.6,4,1,MNC,Tier 3,Guwahati,4.7,2881000
EMP04544,Gaurav Malik,55,Male,Bachelor's,IT,Data Scientist,26.1,14,2,SME,Tier 1,Chennai,2.2,4833000
EMP04545,Neha Iyer,31,Female,Bachelor's,Legal,Patent Attorney,3.4,4,1,Startup,Tier 2,Chandigarh,3.4,795000
EMP04546,Mohit Verma,31,Male,Bachelor's,Healthcare,Clinical Research Associate,6.9,3,0,Startup,Tier 1,Hyderabad,4.7,1489000
EMP04547,Aanya Sharma,40,Female,Master's,Operations,Fleet Manager,15.2,4,1,Enterprise,Tier 3,Bhopal,3.8,2244000
EMP04548,Pooja Kumar,44,Female,Bachelor's,Operations,Inventory Analyst,11.6,2,1,MNC,Tier 1,Chennai,2.5,1742000
EMP04549,Divya Malik,51,Female,Master's,Sales,Channel Partner Manager,18.8,9,3,MNC,Tier 1,Bangalore,3.5,4711000
EMP04550,Gaurav Sharma,41,Male,Bachelor's,Operations,Fleet Manager,11.7,7,2,MNC,Tier 1,Mumbai,3.9,2168000
EMP04551,Aanya Verma,23,Female,Bachelor's,Healthcare,Physiotherapist,0.9,2,0,Startup,Tier 1,Mumbai,3.2,498000
EMP04552,Shreya Singh,42,Female,Master's,Sales,Pre-Sales Consultant,7.3,2,1,MNC,Tier 1,Mumbai,4.4,1921000
EMP04553,Rajesh Sharma,45,Male,Master's,Sales,Key Account Manager,17.8,11,2,MNC,Tier 1,Kolkata,4.7,5106000
EMP04554,Myra Verma,40,Female,Bachelor's,IT,ML Engineer,16.1,10,3,SME,Tier 1,Bangalore,2.1,2790000
EMP04555,Anjali Iyer,40,Female,Bachelor's,Marketing,Brand Manager,10.5,7,0,Enterprise,Tier 2,Jaipur,1.7,1389000
EMP04556,Mohit Sharma,23,Male,Bachelor's,Marketing,Social Media Manager,0.5,2,1,MNC,Tier 3,Dehradun,2.1,312000
EMP04557,Aditya Kapoor,45,Male,Bachelor's,IT,ML Engineer,22.2,10,1,Startup,Tier 3,Mysuru,1.6,2092000
EMP04558,Vihaan Joshi,36,Male,Bachelor's,HR,Compensation Analyst,12.3,6,2,Enterprise,Tier 2,Indore,4.0,1931000
EMP04559,Pooja Chatterjee,42,Female,Bachelor's,HR,Employee Relations Specialist,15.5,5,1,Enterprise,Tier 1,Pune,1.6,2023000
EMP04560,Aadhya Agarwal,43,Female,Bachelor's,Finance,Compliance Officer,10.0,7,2,Enterprise,Tier 1,Mumbai,4.5,2806000
EMP04561,Suresh Kumar,45,Male,PhD,Sales,Sales Manager,19.1,11,2,MNC,Tier 3,Guwahati,4.5,3728000
EMP04562,Ayaan Malik,34,Male,Bachelor's,Finance,Investment Banker,10.5,8,2,Enterprise,Tier 2,Ahmedabad,4.1,2577000
EMP04563,Shreya Banerjee,57,Female,Bachelor's,IT,DevOps Engineer,32.9,2,5,MNC,Tier 1,Chennai,4.0,6880000
EMP04564,Isha Agarwal,58,Female,Master's,Healthcare,Dentist,27.5,3,1,Enterprise,Tier 3,Guwahati,2.5,5597000
EMP04565,Pranav Reddy,45,Male,Master's,Operations,Supply Chain Analyst,12.2,3,2,Startup,Tier 1,Delhi,1.6,1636000
EMP04566,Nikhil Nair,39,Male,Bachelor's,Legal,Litigation Associate,14.8,8,0,Startup,Tier 1,Kolkata,4.3,2886000
EMP04567,Vihaan Malik,37,Male,Bachelor's,Operations,Facility Manager,9.6,3,0,SME,Tier 1,Pune,2.3,1276000
EMP04568,Nisha Mehta,34,Female,Bachelor's,Education,Research Associate,10.5,8,2,SME,Tier 2,Indore,2.1,889000
EMP04569,Anjali Agarwal,25,Other,Bachelor's,Education,Instructional Designer,0.6,3,0,MNC,Tier 1,Kolkata,1.7,430000
EMP04570,Mohit Kapoor,39,Male,Bachelor's,Sales,Channel Partner Manager,11.7,7,1,Enterprise,Tier 2,Chandigarh,4.5,2173000
EMP04571,Kavya Gupta,57,Female,PhD,IT,DevOps Engineer,31.0,6,1,Startup,Tier 1,Bangalore,4.6,7376000
EMP04572,Pooja Gupta,46,Female,Master's,HR,HR Business Partner,16.4,11,1,SME,Tier 2,Kochi,4.3,2321000
EMP04573,Ira Chopra,31,Female,Bachelor's,Education,Lecturer,7.9,4,2,MNC,Tier 1,Delhi,4.3,1428000
EMP04574,Ira Kapoor,36,Female,Bachelor's,Marketing,Digital Marketing Analyst,10.6,6,0,SME,Tier 2,Kochi,4.4,1302000
EMP04575,Anjali Rao,40,Female,Bachelor's,Marketing,PR Specialist,17.0,5,0,Enterprise,Tier 2,Jaipur,2.0,2049000
EMP04576,Aarav Verma,56,Male,Bachelor's,IT,Frontend Developer,26.5,3,0,MNC,Tier 1,Delhi,2.8,5304000
EMP04577,Divya Das,32,Female,Bachelor's,Engineering,Chemical Engineer,4.8,4,1,SME,Tier 1,Bangalore,2.6,835000
EMP04578,Manish Bhat,52,Male,PhD,Education,Professor,26.3,4,1,MNC,Tier 2,Kochi,3.5,5001000
EMP04579,Aanya Nair,51,Female,Master's,Operations,Process Improvement Analyst,23.5,10,0,SME,Tier 2,Nagpur,2.0,2853000
EMP04580,Ishaan Banerjee,36,Male,Bachelor's,HR,Training Coordinator,9.8,5,2,MNC,Tier 1,Kolkata,4.0,1807000
EMP04581,Divya Malik,33,Female,Bachelor's,Healthcare,Medical Lab Technician,7.4,3,0,SME,Tier 1,Delhi,2.3,1376000
EMP04582,Sneha Saxena,40,Female,Bachelor's,Engineering,Project Manager,10.8,4,2,Startup,Tier 1,Mumbai,2.1,1284000
EMP04583,Priya Singh,23,Female,Bachelor's,Sales,Inside Sales Representative,0.6,2,1,MNC,Tier 2,Chandigarh,2.3,394000
EMP04584,Harsh Patel,52,Male,Bachelor's,HR,HRIS Analyst,13.8,6,2,SME,Tier 1,Pune,4.8,2155000
EMP04585,Aanya Kapoor,34,Female,Master's,Healthcare,Hospital Administrator,9.8,5,0,Enterprise,Tier 2,Ahmedabad,1.8,2200000
EMP04586,Krishna Malik,34,Male,Master's,Marketing,PR Specialist,3.5,3,1,SME,Tier 3,Guwahati,2.9,613000
EMP04587,Pranav Singh,38,Male,Bachelor's,Education,Teaching Assistant,15.8,3,0,MNC,Tier 3,Raipur,2.0,1308000
EMP04588,Sakshi Reddy,49,Female,Bachelor's,Healthcare,Clinical Research Associate,21.3,13,0,MNC,Tier 1,Mumbai,3.3,6493000
EMP04589,Sara Deshpande,50,Female,Bachelor's,Legal,Patent Attorney,18.0,7,1,Enterprise,Tier 1,Hyderabad,4.5,5393000
EMP04590,Sara Saxena,36,Other,Bachelor's,Marketing,Social Media Manager,11.8,3,1,Startup,Tier 1,Hyderabad,2.4,1204000
EMP04591,Deepak Verma,43,Male,Bachelor's,IT,Backend Developer,10.6,8,2,Enterprise,Tier 1,Bangalore,2.3,2506000
EMP04592,Amit Chatterjee,42,Male,PhD,Legal,Patent Attorney,13.2,6,2,SME,Tier 1,Bangalore,2.6,3916000
EMP04593,Amit Sharma,55,Male,Bachelor's,IT,DevOps Engineer,31.4,10,4,SME,Tier 1,Mumbai,3.7,6573000
EMP04594,Isha Mishra,35,Female,Bachelor's,Operations,Inventory Analyst,6.9,6,0,SME,Tier 2,Nagpur,4.5,824000
EMP04595,Sara Singh,42,Female,Bachelor's,Engineering,Electrical Engineer,18.0,9,0,Enterprise,Tier 2,Nagpur,3.7,3219000
EMP04596,Vikram Kapoor,52,Male,Bachelor's,Marketing,Market Research Analyst,14.1,3,3,SME,Tier 1,Pune,2.0,1774000
EMP04597,Sakshi Malik,50,Female,PhD,Operations,Warehouse Manager,24.8,6,2,SME,Tier 2,Jaipur,4.2,4617000
EMP04598,Ayaan Malik,46,Male,Master's,Legal,Legal Consultant,10.5,5,0,SME,Tier 1,Pune,2.5,2645000
EMP04599,Isha Verma,47,Female,Bachelor's,IT,Cloud Architect,19.0,4,1,MNC,Tier 2,Nagpur,4.0,3930000
EMP04600,Aanya Rao,54,Female,Bachelor's,Marketing,Social Media Manager,29.5,5,4,Startup,Tier 1,Hyderabad,3.4,4020000
EMP04601,Simran Banerjee,31,Female,Bachelor's,Operations,Operations Analyst,5.6,3,1,MNC,Tier 1,Mumbai,2.7,1045000
EMP04602,Sakshi Chopra,51,Female,Bachelor's,HR,Employee Relations Specialist,21.1,2,0,MNC,Tier 1,Kolkata,2.4,2890000
EMP04603,Bhavna Mishra,32,Female,Master's,Engineering,Civil Engineer,5.1,5,0,Enterprise,Tier 2,Kochi,4.8,1703000
EMP04604,Rajesh Kumar,58,Male,Bachelor's,Engineering,Chemical Engineer,28.9,8,5,MNC,Tier 2,Ahmedabad,2.3,4798000
EMP04605,Ayaan Chatterjee,30,Male,Bachelor's,Engineering,Mechanical Engineer,2.1,3,1,SME,Tier 1,Kolkata,3.5,640000
EMP04606,Reyansh Pillai,36,Male,Master's,Operations,Operations Manager,5.0,5,1,Enterprise,Tier 2,Indore,2.0,1015000
EMP04607,Sakshi Rao,22,Female,PhD,Legal,Legal Consultant,0.0,3,0,Enterprise,Tier 1,Hyderabad,4.0,1017000
EMP04608,Krishna Verma,32,Male,Master's,IT,DevOps Engineer,9.1,6,0,Startup,Tier 3,Patna,3.9,1414000
EMP04609,Amit Das,27,Male,PhD,Engineering,Project Manager,0.5,3,1,SME,Tier 3,Mysuru,2.9,516000
EMP04610,Vihaan Joshi,35,Other,Bachelor's,Sales,Sales Engineer,6.2,6,0,Startup,Tier 3,Guwahati,3.3,572000
EMP04611,Rajesh Saxena,29,Male,Bachelor's,Engineering,Site Engineer,1.9,3,1,MNC,Tier 1,Hyderabad,4.9,934000
EMP04612,Karan Reddy,42,Male,Master's,HR,HR Manager,15.8,9,0,MNC,Tier 3,Ranchi,3.1,1589000
EMP04613,Suresh Kumar,49,Male,Bachelor's,Engineering,Project Manager,24.0,11,3,SME,Tier 2,Chandigarh,4.7,4451000
EMP04614,Suresh Gupta,49,Male,Bachelor's,IT,Cloud Architect,15.1,3,0,Startup,Tier 1,Hyderabad,3.5,2353000
EMP04615,Amit Agarwal,24,Male,Bachelor's,Healthcare,Doctor,0.0,2,1,SME,Tier 1,Chennai,2.1,350000
EMP04616,Rohan Patel,31,Male,Bachelor's,HR,Recruiter,3.6,3,1,MNC,Tier 1,Kolkata,3.7,826000
EMP04617,Aarav Patel,45,Male,Bachelor's,IT,Cybersecurity Analyst,12.9,3,0,MNC,Tier 1,Delhi,2.7,2898000
EMP04618,Rohan Singh,50,Male,Master's,Education,Lab Instructor,23.2,10,1,SME,Tier 3,Ranchi,1.6,1492000
EMP04619,Sara Das,31,Female,Bachelor's,Operations,Fleet Manager,4.9,5,0,Startup,Tier 2,Indore,2.2,576000
EMP04620,Pooja Saxena,34,Female,Master's,Engineering,Civil Engineer,5.7,3,1,Enterprise,Tier 2,Chandigarh,3.1,1372000
EMP04621,Swati Sharma,48,Female,Master's,Sales,Account Executive,18.8,4,1,MNC,Tier 2,Jaipur,2.4,2934000
EMP04622,Sneha Singh,28,Female,Bachelor's,Engineering,Structural Engineer,3.1,4,0,Enterprise,Tier 1,Chennai,4.6,1309000
EMP04623,Rohan Thakur,23,Male,Bachelor's,Finance,Investment Banker,0.6,3,1,MNC,Tier 1,Bangalore,4.9,698000
EMP04624,Mohit Mehta,26,Male,Master's,Sales,Channel Partner Manager,1.4,3,0,Enterprise,Tier 2,Indore,4.8,796000
EMP04625,Gaurav Malik,53,Male,Bachelor's,Sales,Sales Manager,28.7,6,0,SME,Tier 3,Patna,2.1,2423000
EMP04626,Bhavna Saxena,48,Female,Master's,Operations,Warehouse Manager,20.2,3,0,MNC,Tier 2,Lucknow,4.3,3818000
EMP04627,Aadhya Saxena,57,Female,PhD,Education,Dean,22.2,13,1,Enterprise,Tier 1,Hyderabad,3.3,5118000
EMP04628,Pooja Patel,27,Female,Bachelor's,HR,Payroll Specialist,3.4,3,1,SME,Tier 3,Patna,2.1,367000
EMP04629,Harsh Bhat,38,Male,Bachelor's,Engineering,Civil Engineer,10.6,3,0,Startup,Tier 1,Mumbai,4.1,1684000
EMP04630,Arjun Iyer,52,Male,Master's,Engineering,Civil Engineer,20.3,2,1,SME,Tier 2,Indore,1.6,2607000
EMP04631,Riya Pillai,39,Female,Bachelor's,Legal,Paralegal,11.6,4,0,SME,Tier 3,Dehradun,4.3,1484000
EMP04632,Ayaan Deshpande,33,Male,Bachelor's,IT,Data Scientist,9.5,4,0,Enterprise,Tier 2,Indore,4.1,2042000
EMP04633,Suresh Pillai,34,Male,Bachelor's,Healthcare,Pharmacist,4.6,3,0,Enterprise,Tier 1,Kolkata,2.6,1317000
EMP04634,Ira Bhat,54,Female,Bachelor's,IT,Cloud Architect,17.0,6,1,Startup,Tier 1,Hyderabad,2.2,2782000
EMP04635,Vihaan Kumar,58,Male,Bachelor's,Finance,Treasury Analyst,24.8,12,1,MNC,Tier 1,Chennai,2.8,5041000
EMP04636,Priya Singh,46,Female,PhD,IT,DevOps Engineer,16.1,8,1,Enterprise,Tier 2,Kochi,4.7,4345000
EMP04637,Bhavna Chatterjee,47,Female,PhD,Finance,Investment Banker,17.7,2,3,MNC,Tier 3,Ranchi,4.2,3924000
EMP04638,Vihaan Singh,24,Male,Master's,Operations,Process Improvement Analyst,0.4,3,0,SME,Tier 3,Dehradun,4.0,331000
EMP04639,Tanvi Malik,28,Female,Bachelor's,Finance,Accountant,6.0,3,0,MNC,Tier 2,Kochi,1.7,812000
EMP04640,Reyansh Thakur,42,Male,Master's,HR,Payroll Specialist,15.1,7,2,SME,Tier 1,Pune,3.3,1820000
EMP04641,Pranav Pillai,43,Male,Master's,IT,QA Engineer,15.2,6,1,MNC,Tier 2,Kochi,3.3,3745000
EMP04642,Riya Mishra,40,Other,Master's,Sales,Key Account Manager,15.2,2,3,Startup,Tier 2,Kochi,4.1,2194000
EMP04643,Deepak Chatterjee,41,Male,Bachelor's,Healthcare,Nurse,18.7,10,0,Startup,Tier 1,Pune,3.2,3600000
EMP04644,Vivaan Thakur,54,Male,Master's,Education,Academic Counselor,13.4,5,1,SME,Tier 1,Hyderabad,3.1,2018000
EMP04645,Rajesh Rao,30,Male,Bachelor's,Sales,Key Account Manager,2.6,2,1,MNC,Tier 1,Bangalore,2.0,698000
EMP04646,Ayaan Kumar,44,Male,Bachelor's,Sales,Pre-Sales Consultant,19.2,12,0,SME,Tier 1,Bangalore,3.2,3399000
EMP04647,Vihaan Kumar,29,Male,Bachelor's,Education,Curriculum Designer,5.1,4,1,Startup,Tier 2,Nagpur,2.9,475000
EMP04648,Ankit Saxena,26,Male,Bachelor's,Sales,Account Executive,3.5,3,0,SME,Tier 2,Indore,3.5,596000
EMP04649,Priya Sharma,43,Female,PhD,HR,Employee Relations Specialist,7.6,3,1,Startup,Tier 1,Bangalore,3.7,1208000
EMP04650,Pooja Sharma,40,Female,Bachelor's,IT,Data Scientist,8.7,5,2,SME,Tier 1,Kolkata,5.0,2058000
EMP04651,Ira Bhat,41,Female,Bachelor's,Finance,Auditor,11.4,8,0,Startup,Tier 2,Chandigarh,2.3,1299000
EMP04652,Anjali Das,56,Female,Master's,Engineering,Quality Engineer,22.8,8,2,SME,Tier 2,Nagpur,4.4,4362000
EMP04653,Ira Banerjee,37,Female,Bachelor's,Healthcare,Doctor,10.9,6,2,Startup,Tier 2,Chandigarh,2.2,1569000
EMP04654,Swati Agarwal,22,Female,Master's,Legal,Corporate Lawyer,0.0,3,1,Startup,Tier 2,Jaipur,4.2,539000
EMP04655,Sneha Saxena,36,Female,Master's,Healthcare,Hospital Administrator,12.0,9,2,MNC,Tier 1,Kolkata,4.2,4436000
EMP04656,Rohan Deshpande,23,Male,Bachelor's,Sales,Business Development Manager,0.2,3,0,MNC,Tier 3,Dehradun,4.5,405000
EMP04657,Kritika Agarwal,50,Female,Master's,Legal,Compliance Manager,27.1,5,3,Startup,Tier 3,Raipur,4.0,4331000
EMP04658,Sai Bhat,27,Male,Bachelor's,Healthcare,Hospital Administrator,4.8,5,0,MNC,Tier 2,Indore,2.5,950000
EMP04659,Amit Mishra,31,Male,PhD,HR,Talent Acquisition Lead,1.7,3,1,MNC,Tier 2,Lucknow,2.8,738000
EMP04660,Meera Kapoor,28,Female,Bachelor's,Marketing,Growth Hacker,4.4,2,0,MNC,Tier 2,Jaipur,2.1,653000
EMP04661,Sara Gupta,50,Female,Bachelor's,Engineering,Mechanical Engineer,16.8,6,0,SME,Tier 1,Delhi,2.0,2500000
EMP04662,Shreya Banerjee,31,Female,Bachelor's,Engineering,Mechanical Engineer,4.2,4,0,Startup,Tier 2,Ahmedabad,2.1,580000
EMP04663,Amit Banerjee,22,Male,PhD,Education,Academic Counselor,0.0,2,1,MNC,Tier 1,Delhi,3.2,542000
EMP04664,Gaurav Chopra,36,Male,Bachelor's,Legal,Paralegal,7.7,3,1,Startup,Tier 2,Nagpur,3.9,1269000
EMP04665,Pranav Agarwal,53,Male,Master's,Finance,Investment Banker,26.5,10,1,SME,Tier 1,Delhi,4.4,6494000
EMP04666,Divya Malik,50,Female,Master's,Operations,Warehouse Manager,22.2,10,0,MNC,Tier 2,Jaipur,2.9,3674000
EMP04667,Sara Malik,44,Female,Bachelor's,Finance,Financial Analyst,12.8,2,2,SME,Tier 3,Patna,2.0,1176000
EMP04668,Riya Pillai,39,Female,Bachelor's,IT,QA Engineer,15.4,6,3,Startup,Tier 3,Ranchi,4.7,2366000
EMP04669,Sakshi Deshpande,56,Female,Master's,Education,Lecturer,32.6,2,2,SME,Tier 1,Bangalore,3.3,3563000
EMP04670,Anjali Das,41,Female,Bachelor's,Legal,Corporate Lawyer,8.8,6,1,Enterprise,Tier 3,Guwahati,2.0,1500000
EMP04671,Amit Kumar,53,Male,PhD,Engineering,Project Manager,26.7,12,4,Startup,Tier 3,Raipur,3.6,4405000
EMP04672,Kritika Kumar,34,Female,Bachelor's,Marketing,Social Media Manager,9.2,2,0,MNC,Tier 1,Delhi,3.4,1333000
EMP04673,Meera Nair,57,Female,Bachelor's,Operations,Process Improvement Analyst,18.2,2,2,MNC,Tier 1,Pune,2.6,2885000
EMP04674,Aarav Kapoor,47,Male,Master's,Engineering,Mechanical Engineer,15.3,10,0,MNC,Tier 2,Indore,2.4,2489000
EMP04675,Sakshi Pillai,27,Female,Bachelor's,Sales,Pre-Sales Consultant,1.6,2,1,MNC,Tier 1,Mumbai,1.9,592000
EMP04676,Amit Banerjee,24,Male,Bachelor's,Sales,Channel Partner Manager,1.3,2,0,SME,Tier 2,Ahmedabad,4.7,421000
EMP04677,Isha Mishra,28,Female,Master's,Legal,In-House Counsel,0.7,3,1,MNC,Tier 2,Lucknow,4.9,935000
EMP04678,Simran Deshpande,26,Female,Bachelor's,Sales,Sales Engineer,0.9,3,1,MNC,Tier 3,Ranchi,2.5,379000
EMP04679,Karan Saxena,40,Male,Bachelor's,Marketing,Digital Marketing Analyst,14.1,8,3,MNC,Tier 2,Nagpur,2.7,2162000
EMP04680,Gaurav Gupta,28,Male,Master's,Education,Lab Instructor,3.4,2,1,Enterprise,Tier 2,Ahmedabad,2.6,740000
EMP04681,Karan Pillai,53,Male,Master's,Engineering,Mechanical Engineer,26.6,13,0,SME,Tier 2,Indore,4.8,4833000
EMP04682,Vihaan Joshi,52,Male,Bachelor's,Legal,Patent Attorney,28.7,13,0,Startup,Tier 2,Indore,4.0,4629000
EMP04683,Mohit Reddy,22,Male,Bachelor's,Operations,Facility Manager,0.0,3,1,MNC,Tier 2,Nagpur,2.0,394000
EMP04684,Rahul Bhat,47,Male,Bachelor's,Operations,Operations Analyst,18.3,5,3,MNC,Tier 3,Mysuru,2.3,1824000
EMP04685,Isha Banerjee,55,Female,Bachelor's,HR,Talent Acquisition Lead,23.1,11,2,Enterprise,Tier 3,Mysuru,4.5,2838000
EMP04686,Nisha Reddy,57,Female,Master's,Education,Lab Instructor,29.2,11,4,Enterprise,Tier 2,Kochi,1.8,4292000
EMP04687,Aanya Reddy,23,Female,Bachelor's,Marketing,Content Writer,0.8,3,0,MNC,Tier 1,Kolkata,3.7,548000
EMP04688,Bhavna Chopra,53,Female,Bachelor's,Operations,Fleet Manager,20.4,9,3,SME,Tier 3,Ranchi,4.9,2196000
EMP04689,Pranav Gupta,52,Male,Bachelor's,Marketing,Digital Marketing Analyst,13.7,8,0,Enterprise,Tier 2,Indore,3.7,1925000
EMP04690,Kavya Singh,27,Female,Master's,Education,Lab Instructor,4.8,4,1,Startup,Tier 1,Mumbai,1.6,625000
EMP04691,Amit Patel,49,Male,Master's,Operations,Inventory Analyst,25.7,4,3,MNC,Tier 2,Nagpur,4.4,4873000
EMP04692,Sai Patel,46,Male,PhD,Legal,Compliance Manager,10.0,5,2,Startup,Tier 1,Chennai,3.3,2889000
EMP04693,Arjun Verma,24,Male,Bachelor's,Sales,Channel Partner Manager,0.9,3,1,Startup,Tier 1,Hyderabad,3.5,458000
EMP04694,Simran Saxena,51,Female,Master's,IT,Data Scientist,14.3,10,1,Enterprise,Tier 2,Indore,4.2,4287000
EMP04695,Pooja Gupta,46,Female,Bachelor's,IT,Cloud Architect,19.6,7,0,Startup,Tier 2,Indore,2.9,2621000
EMP04696,Divya Mehta,34,Female,Bachelor's,HR,Talent Acquisition Lead,7.0,6,1,MNC,Tier 3,Raipur,2.1,717000
EMP04697,Arjun Kapoor,25,Male,Bachelor's,Engineering,Project Manager,2.2,4,1,MNC,Tier 1,Mumbai,2.5,827000
EMP04698,Vivaan Gupta,54,Male,Master's,IT,Frontend Developer,30.5,4,0,MNC,Tier 3,Raipur,3.1,5247000
EMP04699,Aanya Rao,23,Female,Bachelor's,Engineering,Design Engineer,0.5,3,0,Enterprise,Tier 3,Guwahati,3.5,461000
EMP04700,Tanvi Banerjee,31,Female,Bachelor's,Engineering,Quality Engineer,3.2,2,0,SME,Tier 2,Kochi,2.3,559000
EMP04701,Kavya Chopra,56,Female,Bachelor's,Finance,Portfolio Manager,27.7,7,4,MNC,Tier 1,Bangalore,3.0,5313000
EMP04702,Sai Patel,31,Male,PhD,IT,ML Engineer,4.3,2,0,Startup,Tier 1,Mumbai,4.0,1274000
EMP04703,Rajesh Banerjee,37,Male,Master's,HR,Payroll Specialist,10.3,4,2,MNC,Tier 2,Ahmedabad,1.5,1434000
EMP04704,Bhavna Thakur,31,Female,Bachelor's,Legal,Patent Attorney,2.6,4,1,MNC,Tier 3,Patna,2.6,719000
EMP04705,Vihaan Agarwal,51,Male,Master's,Engineering,Design Engineer,26.3,3,4,SME,Tier 1,Bangalore,5.0,6098000
EMP04706,Sai Chopra,45,Male,Bachelor's,Operations,Fleet Manager,20.4,3,0,MNC,Tier 1,Mumbai,2.9,3056000
EMP04707,Anjali Saxena,22,Female,PhD,Legal,Paralegal,0.0,3,0,Enterprise,Tier 1,Mumbai,4.1,1173000
EMP04708,Anjali Thakur,35,Female,PhD,IT,Cybersecurity Analyst,3.7,3,0,SME,Tier 3,Mysuru,2.2,819000
EMP04709,Tanvi Nair,22,Female,Bachelor's,IT,Data Scientist,0.0,3,0,MNC,Tier 1,Bangalore,1.9,584000
EMP04710,Nisha Banerjee,44,Female,Master's,Legal,Paralegal,10.6,2,0,MNC,Tier 3,Guwahati,1.6,1696000
EMP04711,Nikhil Joshi,29,Male,Bachelor's,Operations,Process Improvement Analyst,5.9,3,0,Startup,Tier 2,Indore,4.6,742000
EMP04712,Krishna Sharma,47,Male,Bachelor's,Finance,Tax Consultant,18.8,4,1,Startup,Tier 3,Dehradun,4.4,2118000
EMP04713,Neha Thakur,46,Female,Bachelor's,Marketing,Growth Hacker,12.4,7,2,MNC,Tier 1,Bangalore,4.3,2485000
EMP04714,Kritika Rao,32,Female,Bachelor's,Engineering,Mechanical Engineer,8.5,2,2,Startup,Tier 2,Jaipur,3.4,1096000
EMP04715,Karan Pillai,22,Male,Bachelor's,Finance,Risk Analyst,0.0,3,1,Enterprise,Tier 1,Delhi,2.0,540000
EMP04716,Harsh Chatterjee,51,Male,Bachelor's,Marketing,Market Research Analyst,18.5,7,1,SME,Tier 1,Kolkata,2.2,2327000
EMP04717,Sakshi Kapoor,58,Female,Bachelor's,IT,Backend Developer,30.2,13,4,Enterprise,Tier 2,Nagpur,4.6,7500000
EMP04718,Aanya Kapoor,50,Female,Bachelor's,Finance,Risk Analyst,19.7,4,3,MNC,Tier 1,Mumbai,2.9,4352000
EMP04719,Sara Rao,25,Female,Bachelor's,HR,Recruiter,0.1,2,1,Startup,Tier 1,Bangalore,1.5,298000
EMP04720,Sai Sharma,27,Male,Bachelor's,Marketing,SEO Specialist,4.3,3,1,MNC,Tier 2,Nagpur,4.4,900000
EMP04721,Swati Gupta,55,Other,Master's,Marketing,Marketing Manager,22.9,5,0,SME,Tier 2,Kochi,3.4,3366000
EMP04722,Sai Pillai,50,Male,PhD,Finance,Risk Analyst,26.5,13,0,SME,Tier 3,Raipur,3.1,4648000
EMP04723,Aarav Kapoor,22,Male,Bachelor's,Legal,Litigation Associate,0.0,3,0,MNC,Tier 3,Guwahati,1.6,351000
EMP04724,Anjali Chatterjee,31,Female,Bachelor's,Operations,Facility Manager,8.9,3,2,SME,Tier 1,Mumbai,2.3,1162000
EMP04725,Nisha Bhat,38,Female,Bachelor's,Education,Lecturer,14.0,7,2,SME,Tier 1,Bangalore,2.2,1510000
EMP04726,Sai Chatterjee,57,Male,Master's,Education,Education Consultant,33.2,2,4,MNC,Tier 1,Pune,1.9,3213000
EMP04727,Aarav Pillai,50,Male,Bachelor's,Education,Academic Counselor,13.3,8,1,MNC,Tier 1,Mumbai,3.5,1998000
EMP04728,Arjun Mehta,38,Male,Bachelor's,Legal,Litigation Associate,9.3,6,2,Startup,Tier 1,Hyderabad,3.4,1807000
EMP04729,Arjun Iyer,52,Male,Bachelor's,Finance,Financial Analyst,27.4,12,0,MNC,Tier 1,Chennai,3.3,6420000
EMP04730,Sneha Iyer,40,Female,Bachelor's,Marketing,SEO Specialist,11.6,7,0,MNC,Tier 3,Mysuru,3.9,1389000
EMP04731,Aanya Banerjee,40,Female,Master's,Operations,Operations Manager,11.9,7,1,Enterprise,Tier 1,Chennai,3.9,2578000
EMP04732,Rajesh Patel,37,Male,Master's,Engineering,Design Engineer,5.2,2,0,SME,Tier 1,Chennai,4.9,1336000
EMP04733,Pooja Patel,42,Female,Bachelor's,Engineering,Quality Engineer,9.4,3,0,SME,Tier 3,Guwahati,4.3,977000
EMP04734,Sneha Reddy,23,Female,Master's,Legal,Legal Analyst,0.2,2,0,MNC,Tier 3,Ranchi,3.8,570000
EMP04735,Simran Chatterjee,29,Female,Bachelor's,Marketing,SEO Specialist,6.5,5,1,Enterprise,Tier 1,Bangalore,2.1,1256000
EMP04736,Ayaan Chatterjee,44,Male,Bachelor's,Operations,Fleet Manager,16.2,5,3,MNC,Tier 2,Nagpur,2.1,2254000
EMP04737,Ayaan Mishra,53,Male,Master's,Sales,Pre-Sales Consultant,22.7,6,1,SME,Tier 1,Hyderabad,4.0,4153000
EMP04738,Vikram Joshi,44,Male,Bachelor's,Marketing,Campaign Manager,20.2,4,4,SME,Tier 3,Ranchi,3.2,1961000
EMP04739,Riya Joshi,45,Female,Master's,HR,HR Manager,14.6,10,2,Startup,Tier 1,Chennai,2.2,1695000
EMP04740,Ananya Bhat,57,Female,Bachelor's,Finance,Compliance Officer,25.0,3,1,MNC,Tier 2,Indore,1.6,3716000
EMP04741,Harsh Sharma,44,Male,PhD,Education,Teaching Assistant,20.4,4,1,MNC,Tier 2,Ahmedabad,4.1,3768000
EMP04742,Vikram Gupta,28,Male,Master's,Marketing,Market Research Analyst,4.1,2,1,MNC,Tier 3,Bhopal,4.2,842000
EMP04743,Aditya Pillai,41,Male,Bachelor's,Legal,Litigation Associate,10.3,2,0,MNC,Tier 2,Kochi,2.6,1918000
EMP04744,Ishaan Gupta,46,Male,Bachelor's,Healthcare,Clinical Research Associate,14.4,8,1,MNC,Tier 1,Hyderabad,4.4,4274000
EMP04745,Ananya Patel,36,Female,Bachelor's,Finance,Credit Analyst,10.7,7,0,Enterprise,Tier 1,Pune,3.5,2768000
EMP04746,Kavya Gupta,37,Other,Bachelor's,Education,Lecturer,5.7,5,0,MNC,Tier 1,Kolkata,3.3,927000
EMP04747,Deepak Mishra,48,Male,Master's,Education,Lab Instructor,12.2,5,0,MNC,Tier 2,Indore,4.7,1906000
EMP04748,Ananya Pillai,55,Other,Bachelor's,HR,Compensation Analyst,19.3,12,3,MNC,Tier 3,Ranchi,3.3,2006000
EMP04749,Neha Banerjee,35,Female,PhD,Legal,Compliance Manager,5.9,2,0,SME,Tier 1,Hyderabad,1.8,1543000
EMP04750,Myra Nair,40,Female,PhD,Healthcare,Physiotherapist,9.0,7,0,Enterprise,Tier 3,Guwahati,3.3,2401000
EMP04751,Aanya Mishra,40,Female,Bachelor's,IT,Data Scientist,8.0,6,1,Startup,Tier 2,Indore,3.3,1361000
EMP04752,Gaurav Agarwal,40,Male,Bachelor's,Engineering,Project Manager,11.6,5,2,SME,Tier 1,Mumbai,3.7,1915000
EMP04753,Priya Bhat,52,Female,Bachelor's,Legal,Legal Analyst,14.4,5,2,Enterprise,Tier 3,Ranchi,4.1,2821000
EMP04754,Sai Kumar,31,Male,Master's,HR,Payroll Specialist,7.2,5,1,Startup,Tier 2,Chandigarh,4.2,958000
EMP04755,Swati Sharma,58,Female,PhD,Finance,Investment Banker,23.0,11,1,SME,Tier 1,Mumbai,2.5,5386000
EMP04756,Rahul Chopra,41,Male,Bachelor's,HR,HR Generalist,19.0,8,2,SME,Tier 2,Ahmedabad,3.5,2162000
EMP04757,Krishna Chopra,42,Male,PhD,Operations,Fleet Manager,19.4,7,2,SME,Tier 3,Bhopal,2.1,2119000
EMP04758,Vivaan Gupta,42,Male,Bachelor's,Operations,Operations Manager,18.6,2,0,SME,Tier 2,Lucknow,3.6,2239000
EMP04759,Sara Sharma,28,Female,Bachelor's,Finance,Credit Analyst,1.7,2,0,MNC,Tier 1,Bangalore,2.2,652000
EMP04760,Arjun Joshi,27,Male,Master's,Sales,Inside Sales Representative,2.3,4,1,SME,Tier 1,Kolkata,2.3,704000
EMP04761,Reyansh Verma,51,Male,Bachelor's,Legal,Legal Advisor,23.0,8,0,MNC,Tier 2,Kochi,3.2,4436000
EMP04762,Swati Chatterjee,35,Female,Master's,Education,Research Associate,6.5,4,0,MNC,Tier 1,Kolkata,3.7,1332000
EMP04763,Rohan Iyer,28,Male,PhD,Marketing,Market Research Analyst,5.6,4,0,MNC,Tier 1,Delhi,2.3,1539000
EMP04764,Priya Joshi,57,Other,Master's,IT,QA Engineer,31.9,12,0,Enterprise,Tier 1,Kolkata,2.0,7500000
EMP04765,Kritika Verma,58,Female,Master's,Engineering,Site Engineer,19.0,9,2,MNC,Tier 2,Jaipur,1.9,3056000
EMP04766,Vivaan Pillai,56,Other,Bachelor's,Engineering,Chemical Engineer,25.9,10,2,SME,Tier 1,Kolkata,2.6,4134000
EMP04767,Sakshi Patel,46,Female,Bachelor's,Legal,Corporate Lawyer,21.8,6,3,SME,Tier 2,Jaipur,3.6,3801000
EMP04768,Amit Thakur,37,Male,PhD,IT,Full Stack Developer,5.5,3,1,SME,Tier 1,Hyderabad,2.8,1695000
EMP04769,Mohit Agarwal,25,Male,Bachelor's,HR,Training Coordinator,2.7,4,1,Startup,Tier 2,Ahmedabad,3.5,500000
EMP04770,Ayaan Joshi,24,Male,Bachelor's,Finance,Accountant,0.1,3,1,MNC,Tier 2,Indore,3.7,535000
EMP04771,Sakshi Joshi,46,Female,Bachelor's,Education,Academic Counselor,22.7,12,4,SME,Tier 2,Ahmedabad,4.5,2856000
EMP04772,Ira Joshi,29,Female,Bachelor's,IT,Full Stack Developer,5.6,5,1,Enterprise,Tier 3,Raipur,1.6,886000
EMP04773,Deepak Joshi,34,Male,Bachelor's,Healthcare,Medical Lab Technician,5.5,3,0,MNC,Tier 2,Indore,1.7,1065000
EMP04774,Ankit Verma,35,Male,Bachelor's,Legal,Compliance Manager,12.4,2,0,Enterprise,Tier 2,Nagpur,4.8,3003000
EMP04775,Anjali Singh,58,Female,Master's,Sales,Territory Manager,34.3,13,3,Enterprise,Tier 3,Raipur,3.8,4515000
EMP04776,Reyansh Reddy,27,Male,Bachelor's,IT,Cybersecurity Analyst,2.9,2,0,MNC,Tier 2,Nagpur,2.5,861000
EMP04777,Diya Iyer,25,Female,Bachelor's,Marketing,Campaign Manager,0.7,3,1,SME,Tier 1,Delhi,2.4,431000
EMP04778,Reyansh Rao,33,Male,PhD,Sales,Sales Manager,3.3,3,0,MNC,Tier 1,Delhi,3.5,1340000
EMP04779,Aarav Verma,35,Male,Bachelor's,Marketing,Marketing Manager,5.9,2,0,SME,Tier 2,Nagpur,2.9,674000
EMP04780,Sneha Nair,54,Female,Bachelor's,Education,Education Consultant,20.4,7,0,MNC,Tier 1,Kolkata,4.8,2414000
EMP04781,Ankit Banerjee,27,Male,Bachelor's,Engineering,Design Engineer,1.1,3,0,SME,Tier 2,Indore,1.5,406000
EMP04782,Manish Saxena,27,Male,Bachelor's,Sales,Sales Manager,0.7,2,1,Enterprise,Tier 2,Lucknow,4.7,559000
EMP04783,Sneha Iyer,55,Female,Master's,Engineering,Structural Engineer,16.2,4,3,SME,Tier 1,Hyderabad,3.2,2660000
EMP04784,Aanya Sharma,45,Female,Master's,Legal,Paralegal,22.9,8,2,SME,Tier 3,Dehradun,2.2,3431000
EMP04785,Ishaan Thakur,57,Male,Master's,Operations,Operations Manager,15.0,2,0,Startup,Tier 1,Pune,1.8,2162000
EMP04786,Karan Banerjee,23,Male,Bachelor's,Engineering,Electrical Engineer,0.4,3,1,MNC,Tier 1,Mumbai,1.8,524000
EMP04787,Pooja Pillai,40,Female,Bachelor's,Legal,Paralegal,18.0,9,2,MNC,Tier 3,Patna,1.8,2966000
EMP04788,Neha Verma,40,Female,PhD,Legal,In-House Counsel,14.7,3,1,SME,Tier 1,Mumbai,3.7,4205000
EMP04789,Ishaan Deshpande,54,Male,Master's,Operations,Facility Manager,25.2,12,1,SME,Tier 1,Chennai,3.9,4052000
EMP04790,Suresh Joshi,27,Male,Bachelor's,Education,Professor,3.2,2,0,Startup,Tier 1,Chennai,3.2,488000
EMP04791,Nikhil Patel,39,Male,Master's,Operations,Operations Analyst,9.6,3,1,Startup,Tier 2,Indore,3.8,1241000
EMP04792,Ishaan Banerjee,35,Male,Master's,HR,Employee Relations Specialist,6.0,4,1,Enterprise,Tier 2,Lucknow,1.8,983000
EMP04793,Manish Chatterjee,30,Male,Master's,Finance,Compliance Officer,1.7,3,0,Startup,Tier 1,Kolkata,3.5,696000
EMP04794,Vivaan Pillai,57,Male,PhD,Marketing,Content Writer,19.4,7,0,Startup,Tier 2,Chandigarh,4.0,3124000
EMP04795,Gaurav Iyer,58,Male,Master's,HR,Talent Acquisition Lead,24.4,5,0,SME,Tier 2,Jaipur,1.7,2490000
EMP04796,Aanya Deshpande,35,Female,Master's,HR,Payroll Specialist,4.0,5,0,Startup,Tier 1,Mumbai,2.5,633000
EMP04797,Nisha Chatterjee,50,Female,PhD,Education,Curriculum Designer,27.9,14,2,Enterprise,Tier 1,Hyderabad,4.2,7499000
EMP04798,Deepak Reddy,22,Male,Bachelor's,Education,Curriculum Designer,0.0,3,1,SME,Tier 2,Nagpur,2.8,222000
EMP04799,Meera Banerjee,44,Female,Bachelor's,Finance,Credit Analyst,10.9,6,1,SME,Tier 1,Bangalore,3.0,1532000
EMP04800,Sneha Gupta,41,Female,PhD,Healthcare,Pharmacist,16.7,4,2,SME,Tier 3,Raipur,2.9,3497000
EMP04801,Aanya Banerjee,40,Female,Master's,Finance,Compliance Officer,13.9,7,2,Enterprise,Tier 1,Delhi,4.0,4265000
EMP04802,Aarav Agarwal,39,Male,Master's,IT,Cloud Architect,14.3,8,0,MNC,Tier 2,Nagpur,3.7,3423000
EMP04803,Pranav Mishra,49,Male,Bachelor's,Operations,Supply Chain Analyst,15.0,3,3,Startup,Tier 3,Raipur,3.1,1098000
EMP04804,Shreya Malik,38,Female,Master's,Finance,Portfolio Manager,14.3,3,3,Enterprise,Tier 1,Mumbai,3.9,3836000
EMP04805,Vikram Das,53,Male,Master's,Sales,Pre-Sales Consultant,18.6,8,1,Startup,Tier 3,Mysuru,2.8,1912000
EMP04806,Kavya Malik,41,Female,Master's,Finance,Tax Consultant,18.3,6,0,MNC,Tier 3,Dehradun,3.3,2528000
EMP04807,Shreya Gupta,28,Female,Bachelor's,Finance,Accountant,2.9,3,1,Startup,Tier 2,Jaipur,3.5,567000
EMP04808,Harsh Iyer,47,Male,Master's,Legal,Legal Analyst,16.6,3,3,MNC,Tier 1,Bangalore,2.2,4832000
EMP04809,Amit Deshpande,40,Other,PhD,Engineering,Process Engineer,8.4,7,2,SME,Tier 2,Ahmedabad,1.8,1739000
EMP04810,Deepak Bhat,44,Male,Bachelor's,IT,Data Scientist,14.5,6,2,Startup,Tier 1,Kolkata,2.4,2259000
EMP04811,Aadhya Patel,36,Female,Bachelor's,Legal,In-House Counsel,10.5,3,0,SME,Tier 1,Delhi,4.1,2389000
EMP04812,Vivaan Iyer,22,Male,Master's,Healthcare,Radiologist,0.0,2,0,SME,Tier 3,Mysuru,5.0,298000
EMP04813,Karan Das,32,Male,Bachelor's,IT,Cybersecurity Analyst,6.8,4,0,Startup,Tier 1,Hyderabad,4.3,1456000
EMP04814,Aadhya Das,47,Female,Bachelor's,HR,HRIS Analyst,19.9,7,3,SME,Tier 1,Hyderabad,2.6,2313000
EMP04815,Manish Iyer,45,Male,PhD,IT,ML Engineer,19.6,10,1,Startup,Tier 1,Pune,2.0,4629000
EMP04816,Vihaan Malik,25,Male,Bachelor's,Operations,Inventory Analyst,1.5,3,0,SME,Tier 2,Jaipur,4.7,487000
EMP04817,Meera Reddy,50,Female,Master's,Sales,Sales Manager,11.6,8,1,Startup,Tier 1,Kolkata,3.4,2146000
EMP04818,Harsh Patel,35,Male,Master's,Operations,Fleet Manager,3.5,4,1,SME,Tier 3,Ranchi,3.8,573000
EMP04819,Pooja Agarwal,33,Female,PhD,HR,Compensation Analyst,3.2,2,0,MNC,Tier 1,Bangalore,5.0,1311000
EMP04820,Krishna Verma,24,Male,Master's,Education,Curriculum Designer,0.3,2,0,Startup,Tier 3,Mysuru,1.9,210000
EMP04821,Ayaan Deshpande,39,Male,Bachelor's,Legal,Legal Advisor,9.7,6,2,MNC,Tier 3,Ranchi,4.1,1846000
EMP04822,Aarav Thakur,30,Male,PhD,Education,Instructional Designer,4.8,5,1,Enterprise,Tier 1,Hyderabad,2.5,1269000
EMP04823,Kritika Joshi,48,Female,Master's,HR,HR Generalist,24.1,4,1,Startup,Tier 2,Chandigarh,2.1,2194000
EMP04824,Ishaan Das,39,Male,PhD,Finance,Credit Analyst,8.9,5,1,MNC,Tier 2,Nagpur,2.5,2132000
EMP04825,Vikram Das,27,Male,PhD,HR,Talent Acquisition Lead,0.1,2,1,MNC,Tier 3,Patna,4.3,481000
EMP04826,Vihaan Thakur,28,Male,Bachelor's,Engineering,Mechanical Engineer,3.3,2,0,Startup,Tier 3,Dehradun,3.6,486000
EMP04827,Sara Das,33,Female,Bachelor's,Sales,Key Account Manager,7.0,2,0,Startup,Tier 1,Pune,2.6,893000
EMP04828,Swati Kumar,39,Female,Bachelor's,Healthcare,Public Health Specialist,10.3,4,0,MNC,Tier 2,Nagpur,3.4,2207000
EMP04829,Arjun Mishra,47,Male,Master's,Legal,Paralegal,21.4,9,1,MNC,Tier 2,Jaipur,3.3,6163000
EMP04830,Sneha Verma,49,Female,PhD,HR,HR Business Partner,16.9,2,1,SME,Tier 3,Guwahati,2.7,1663000
EMP04831,Suresh Gupta,49,Male,Master's,Marketing,Digital Marketing Analyst,22.0,12,0,SME,Tier 3,Bhopal,2.5,2570000
EMP04832,Pranav Deshpande,26,Male,Master's,Engineering,Design Engineer,3.3,4,0,MNC,Tier 1,Mumbai,2.2,946000
EMP04833,Swati Joshi,33,Female,Bachelor's,Marketing,Digital Marketing Analyst,4.6,5,0,SME,Tier 3,Guwahati,3.8,607000
EMP04834,Arjun Mehta,50,Male,Master's,Finance,Portfolio Manager,23.3,6,0,MNC,Tier 1,Chennai,4.7,6679000
EMP04835,Kavya Patel,38,Female,Bachelor's,Marketing,Digital Marketing Analyst,13.9,7,3,SME,Tier 3,Patna,3.6,1201000
EMP04836,Nikhil Verma,27,Male,Bachelor's,IT,QA Engineer,1.4,3,1,SME,Tier 2,Indore,3.2,597000
EMP04837,Karan Mehta,47,Male,Bachelor's,Engineering,Structural Engineer,16.0,8,3,SME,Tier 3,Mysuru,2.4,1582000
EMP04838,Aanya Nair,41,Female,Master's,Finance,Portfolio Manager,18.0,6,0,SME,Tier 1,Bangalore,2.1,2948000
EMP04839,Harsh Iyer,44,Male,Bachelor's,Healthcare,Hospital Administrator,18.4,6,1,Startup,Tier 1,Mumbai,1.6,3303000
EMP04840,Ira Mehta,24,Female,Master's,Education,Dean,0.2,2,1,SME,Tier 2,Ahmedabad,3.5,335000
EMP04841,Ankit Gupta,56,Male,PhD,Legal,Contract Specialist,21.1,11,3,MNC,Tier 1,Delhi,3.1,7500000
EMP04842,Manish Iyer,27,Male,Bachelor's,IT,Cloud Architect,2.1,4,1,Startup,Tier 3,Patna,5.0,567000
EMP04843,Rahul Singh,35,Male,PhD,HR,HR Manager,4.7,4,0,Enterprise,Tier 1,Pune,1.7,1300000
EMP04844,Shreya Mishra,42,Female,Bachelor's,Marketing,SEO Specialist,9.7,7,0,SME,Tier 3,Ranchi,3.5,942000
EMP04845,Simran Chatterjee,58,Female,Master's,HR,Recruiter,27.8,9,0,SME,Tier 1,Pune,2.3,3977000
EMP04846,Diya Thakur,27,Female,Bachelor's,Legal,Corporate Lawyer,1.4,2,0,Startup,Tier 1,Chennai,2.2,588000
EMP04847,Ishaan Iyer,29,Male,Bachelor's,Healthcare,Nurse,5.1,4,0,SME,Tier 3,Raipur,1.9,542000
EMP04848,Ishaan Das,57,Male,Bachelor's,Healthcare,Radiologist,17.8,9,1,SME,Tier 1,Delhi,2.2,3408000
EMP04849,Neha Chatterjee,24,Female,Master's,Education,Education Consultant,1.3,3,1,SME,Tier 1,Mumbai,2.0,441000
EMP04850,Manish Gupta,33,Male,Bachelor's,HR,Employee Relations Specialist,6.3,5,0,MNC,Tier 1,Bangalore,4.7,1294000
EMP04851,Sara Gupta,43,Female,Bachelor's,HR,HR Business Partner,8.7,5,0,Startup,Tier 3,Dehradun,4.0,570000
EMP04852,Ananya Mehta,57,Female,Bachelor's,Sales,Key Account Manager,20.5,9,2,SME,Tier 1,Mumbai,1.6,3352000
EMP04853,Vihaan Reddy,34,Male,Bachelor's,Marketing,Brand Manager,11.6,6,1,Startup,Tier 1,Mumbai,3.3,1539000
EMP04854,Nisha Agarwal,44,Female,Bachelor's,Sales,Business Development Manager,13.4,7,2,MNC,Tier 1,Hyderabad,3.5,2592000
EMP04855,Manish Gupta,31,Other,Bachelor's,Education,Dean,5.7,2,1,Startup,Tier 3,Bhopal,4.0,537000
EMP04856,Sneha Kumar,58,Female,Bachelor's,Sales,Inside Sales Representative,23.7,14,1,SME,Tier 1,Bangalore,1.8,4126000
EMP04857,Bhavna Chopra,47,Female,Master's,Sales,Regional Sales Head,13.3,9,1,SME,Tier 1,Kolkata,1.8,2279000
EMP04858,Reyansh Saxena,44,Male,Master's,Marketing,Campaign Manager,11.2,4,0,Enterprise,Tier 3,Raipur,4.4,1891000
EMP04859,Divya Pillai,29,Female,Master's,Engineering,Project Manager,5.3,5,0,SME,Tier 1,Kolkata,3.1,1222000
EMP04860,Karan Sharma,46,Male,Bachelor's,Finance,Risk Analyst,13.4,9,1,MNC,Tier 2,Lucknow,2.4,2154000
EMP04861,Myra Nair,42,Female,Master's,Engineering,Process Engineer,13.7,5,1,MNC,Tier 1,Pune,4.4,3271000
EMP04862,Riya Sharma,47,Female,Master's,Engineering,Chemical Engineer,17.9,4,1,MNC,Tier 2,Kochi,2.5,2832000
EMP04863,Simran Pillai,52,Female,Bachelor's,HR,Talent Acquisition Lead,20.1,12,0,Enterprise,Tier 2,Indore,3.7,2835000
EMP04864,Meera Pillai,46,Female,Bachelor's,Healthcare,Dentist,18.4,11,2,Enterprise,Tier 1,Kolkata,2.1,4512000
EMP04865,Pooja Mehta,40,Female,Bachelor's,Healthcare,Dentist,12.5,7,2,Startup,Tier 2,Kochi,4.1,2158000
EMP04866,Gaurav Nair,47,Male,Bachelor's,Legal,Litigation Associate,12.8,3,0,MNC,Tier 3,Mysuru,2.6,1639000
EMP04867,Diya Iyer,50,Female,Master's,IT,ML Engineer,14.0,5,0,MNC,Tier 2,Jaipur,3.2,3138000
EMP04868,Nikhil Thakur,30,Male,Master's,Sales,Key Account Manager,5.8,3,1,Enterprise,Tier 2,Kochi,4.5,1414000
EMP04869,Rohan Chopra,27,Male,PhD,Sales,Channel Partner Manager,2.8,2,0,Startup,Tier 3,Dehradun,4.7,618000
EMP04870,Sakshi Joshi,50,Female,PhD,Engineering,Chemical Engineer,17.7,3,1,MNC,Tier 2,Chandigarh,3.1,3630000
EMP04871,Ira Malik,29,Female,Master's,Healthcare,Physiotherapist,0.6,2,0,MNC,Tier 1,Bangalore,4.9,968000
EMP04872,Priya Singh,37,Other,PhD,Operations,Fleet Manager,14.9,7,0,MNC,Tier 3,Guwahati,4.9,3043000
EMP04873,Kritika Iyer,45,Female,Bachelor's,IT,Full Stack Developer,14.4,9,1,SME,Tier 2,Kochi,1.7,1833000
EMP04874,Isha Chopra,54,Female,Master's,Education,Education Consultant,16.0,4,1,MNC,Tier 2,Jaipur,2.1,1971000
EMP04875,Divya Joshi,44,Female,Master's,Education,Education Consultant,19.8,4,1,MNC,Tier 1,Kolkata,4.9,3541000
EMP04876,Nisha Patel,58,Female,Bachelor's,Operations,Operations Analyst,29.1,12,4,SME,Tier 1,Kolkata,2.8,3821000
EMP04877,Priya Malik,23,Female,Master's,Engineering,Chemical Engineer,0.1,2,0,MNC,Tier 1,Chennai,4.9,684000
EMP04878,Kavya Rao,49,Female,Bachelor's,Operations,Process Improvement Analyst,21.6,3,3,Enterprise,Tier 1,Delhi,3.9,4395000
EMP04879,Sneha Iyer,57,Female,Master's,Marketing,PR Specialist,20.3,9,0,SME,Tier 1,Hyderabad,2.9,3128000
EMP04880,Neha Das,25,Other,Bachelor's,Sales,Territory Manager,2.5,4,1,SME,Tier 2,Jaipur,2.7,535000
EMP04881,Arjun Thakur,57,Other,Bachelor's,Sales,Inside Sales Representative,19.1,10,3,SME,Tier 1,Bangalore,3.1,3363000
EMP04882,Aadhya Sharma,37,Female,Master's,Finance,Financial Analyst,12.5,4,2,SME,Tier 3,Ranchi,1.8,1625000
EMP04883,Rajesh Iyer,58,Male,Bachelor's,Education,Professor,32.9,2,4,SME,Tier 1,Kolkata,5.0,3641000
EMP04884,Harsh Rao,26,Male,Master's,Education,Academic Counselor,3.2,3,0,Startup,Tier 3,Ranchi,3.7,436000
EMP04885,Krishna Bhat,23,Male,Master's,Legal,In-House Counsel,0.8,2,0,Startup,Tier 2,Jaipur,2.3,532000
EMP04886,Nikhil Bhat,36,Male,Master's,Marketing,SEO Specialist,4.7,5,1,MNC,Tier 3,Bhopal,2.7,761000
EMP04887,Manish Reddy,38,Male,Bachelor's,IT,ML Engineer,11.6,2,2,MNC,Tier 2,Jaipur,4.7,2356000
EMP04888,Sneha Deshpande,46,Female,Bachelor's,Legal,Corporate Lawyer,19.2,10,0,SME,Tier 1,Mumbai,4.8,5344000
EMP04889,Aadhya Saxena,48,Female,Bachelor's,Education,Lecturer,12.3,5,0,MNC,Tier 1,Pune,3.9,1807000
EMP04890,Ishaan Kapoor,39,Male,Bachelor's,Operations,Operations Manager,9.4,6,2,Enterprise,Tier 3,Ranchi,2.3,1192000
EMP04891,Gaurav Kumar,40,Male,Bachelor's,Education,Education Consultant,8.7,4,2,MNC,Tier 1,Delhi,1.8,1061000
EMP04892,Diya Kumar,48,Female,Master's,Operations,Logistics Coordinator,24.0,8,2,MNC,Tier 1,Kolkata,2.1,4158000
EMP04893,Reyansh Kapoor,48,Male,Master's,Sales,Inside Sales Representative,16.5,8,2,SME,Tier 1,Kolkata,4.5,3294000
EMP04894,Suresh Reddy,27,Male,Master's,Legal,Legal Consultant,3.3,3,1,MNC,Tier 1,Kolkata,2.4,1315000
EMP04895,Neha Bhat,38,Female,Master's,IT,Cloud Architect,12.2,6,1,SME,Tier 3,Ranchi,2.4,1588000
EMP04896,Aadhya Kapoor,32,Female,Master's,Marketing,Marketing Manager,5.8,5,0,Enterprise,Tier 2,Indore,2.9,1203000
EMP04897,Ankit Verma,31,Male,Master's,IT,Data Scientist,9.0,6,0,SME,Tier 3,Bhopal,1.6,1041000
EMP04898,Pranav Saxena,56,Male,Bachelor's,Marketing,PR Specialist,25.0,3,0,Startup,Tier 2,Kochi,3.8,2349000
EMP04899,Harsh Iyer,38,Male,Bachelor's,Marketing,Content Writer,9.5,5,0,Startup,Tier 3,Guwahati,1.7,719000
EMP04900,Shreya Gupta,27,Female,Bachelor's,HR,Talent Acquisition Lead,3.8,4,0,SME,Tier 3,Raipur,3.7,494000
EMP04901,Vikram Mehta,44,Male,Bachelor's,Engineering,Electrical Engineer,17.8,2,0,Startup,Tier 3,Raipur,4.1,1578000
EMP04902,Sneha Bhat,48,Female,Bachelor's,Finance,Auditor,14.6,9,1,Startup,Tier 2,Chandigarh,4.8,1992000
EMP04903,Rajesh Kapoor,34,Male,Bachelor's,HR,HRIS Analyst,5.9,4,0,MNC,Tier 2,Ahmedabad,2.2,717000
EMP04904,Harsh Gupta,24,Male,Bachelor's,Legal,Litigation Associate,0.5,2,0,MNC,Tier 3,Ranchi,3.9,483000
EMP04905,Karan Agarwal,42,Male,Master's,Operations,Procurement Manager,9.7,6,1,Startup,Tier 3,Guwahati,1.7,912000
EMP04906,Krishna Verma,23,Male,Bachelor's,Engineering,Quality Engineer,0.1,3,0,Startup,Tier 3,Patna,1.8,257000
EMP04907,Bhavna Verma,50,Female,Bachelor's,IT,Full Stack Developer,22.7,14,4,Enterprise,Tier 3,Raipur,3.8,4607000
EMP04908,Nisha Deshpande,24,Female,Bachelor's,Education,Academic Counselor,1.4,3,1,MNC,Tier 3,Dehradun,4.0,347000
EMP04909,Rahul Iyer,47,Male,Bachelor's,Legal,Corporate Lawyer,13.1,9,0,Enterprise,Tier 2,Nagpur,1.9,2715000
EMP04910,Rahul Malik,29,Male,PhD,Finance,Portfolio Manager,6.0,5,0,MNC,Tier 2,Ahmedabad,3.3,1584000
EMP04911,Sara Rao,36,Female,Bachelor's,Sales,Channel Partner Manager,12.8,6,0,SME,Tier 1,Kolkata,2.5,1651000
EMP04912,Aarav Bhat,47,Male,PhD,Sales,Channel Partner Manager,14.6,10,1,Enterprise,Tier 1,Mumbai,3.8,5051000
EMP04913,Priya Reddy,24,Female,PhD,HR,Training Coordinator,0.2,3,0,SME,Tier 2,Nagpur,2.7,466000
EMP04914,Rahul Kapoor,22,Male,Bachelor's,Engineering,Electrical Engineer,0.0,3,1,Enterprise,Tier 1,Bangalore,1.8,532000
EMP04915,Kritika Kapoor,46,Female,Master's,HR,Recruiter,16.3,2,0,SME,Tier 1,Mumbai,2.4,1843000
EMP04916,Nisha Iyer,30,Female,Bachelor's,IT,QA Engineer,6.8,5,0,SME,Tier 2,Kochi,1.6,1024000
EMP04917,Bhavna Mehta,48,Female,Master's,IT,DevOps Engineer,21.6,12,4,Startup,Tier 2,Kochi,4.6,5264000
EMP04918,Karan Kumar,39,Male,Bachelor's,IT,Cloud Architect,10.0,2,2,Enterprise,Tier 1,Hyderabad,2.0,2181000
EMP04919,Suresh Das,47,Male,PhD,Marketing,Digital Marketing Analyst,19.1,10,3,Enterprise,Tier 1,Delhi,4.0,6605000
EMP04920,Rahul Thakur,42,Male,Master's,Operations,Supply Chain Analyst,16.3,8,2,Startup,Tier 3,Mysuru,4.5,2088000
EMP04921,Vihaan Kumar,50,Male,Bachelor's,Operations,Process Improvement Analyst,14.3,3,3,Startup,Tier 1,Mumbai,3.8,2141000
EMP04922,Ayaan Saxena,52,Male,Bachelor's,IT,Data Scientist,26.1,6,4,MNC,Tier 1,Delhi,3.1,6553000
EMP04923,Arjun Agarwal,42,Male,Master's,Operations,Inventory Analyst,9.7,6,0,SME,Tier 3,Ranchi,3.9,1224000
EMP04924,Manish Kumar,45,Other,Master's,Engineering,Site Engineer,10.2,4,0,Enterprise,Tier 2,Kochi,4.5,2578000
EMP04925,Rohan Thakur,27,Male,PhD,Legal,Contract Specialist,0.8,3,0,SME,Tier 1,Mumbai,1.6,801000
EMP04926,Vikram Agarwal,26,Male,Master's,Sales,Account Executive,3.2,2,0,MNC,Tier 2,Kochi,3.0,750000
EMP04927,Vikram Banerjee,29,Male,Bachelor's,IT,Data Scientist,4.5,5,1,Enterprise,Tier 3,Mysuru,3.1,951000
EMP04928,Ira Banerjee,26,Female,Bachelor's,Finance,Auditor,0.7,3,0,Enterprise,Tier 3,Raipur,3.9,506000
EMP04929,Aditya Mehta,32,Male,Bachelor's,Finance,Treasury Analyst,4.7,3,1,SME,Tier 1,Hyderabad,1.6,757000
EMP04930,Sai Pillai,50,Male,Master's,Education,Teaching Assistant,14.9,9,2,SME,Tier 2,Indore,4.8,2072000
EMP04931,Sakshi Singh,23,Female,Master's,HR,Talent Acquisition Lead,0.1,3,0,Enterprise,Tier 1,Delhi,4.1,688000
EMP04932,Amit Iyer,41,Male,Master's,Marketing,Brand Manager,18.3,11,2,MNC,Tier 1,Kolkata,4.7,3754000
EMP04933,Shreya Joshi,38,Female,Master's,Healthcare,Clinical Research Associate,8.8,2,1,Startup,Tier 1,Hyderabad,4.1,2279000
EMP04934,Rohan Pillai,49,Male,Master's,Marketing,Brand Manager,22.6,12,1,Startup,Tier 1,Pune,4.6,4489000
EMP04935,Diya Gupta,29,Female,Master's,Marketing,PR Specialist,1.4,2,1,SME,Tier 2,Jaipur,3.3,507000
EMP04936,Diya Reddy,45,Female,Master's,Healthcare,Pharmacist,9.6,2,0,Startup,Tier 2,Kochi,3.4,1746000
EMP04937,Aadhya Pillai,52,Female,Master's,Marketing,Brand Manager,15.7,3,1,MNC,Tier 2,Jaipur,3.7,2624000
EMP04938,Meera Sharma,32,Female,Bachelor's,Sales,Business Development Manager,6.9,5,2,Enterprise,Tier 2,Indore,1.9,1211000
EMP04939,Ayaan Reddy,42,Male,PhD,Sales,Regional Sales Head,9.3,6,0,Enterprise,Tier 1,Kolkata,3.5,2935000
EMP04940,Pranav Pillai,50,Male,Bachelor's,Operations,Inventory Analyst,20.0,9,3,MNC,Tier 2,Lucknow,2.5,2523000
EMP04941,Krishna Patel,34,Male,Master's,Operations,Operations Analyst,9.5,7,2,SME,Tier 2,Jaipur,3.9,1608000
EMP04942,Swati Patel,52,Female,Bachelor's,Healthcare,Public Health Specialist,13.7,9,2,SME,Tier 1,Pune,4.7,3397000
EMP04943,Sakshi Iyer,57,Female,Master's,IT,Data Scientist,20.7,8,4,MNC,Tier 2,Nagpur,2.2,4825000
EMP04944,Deepak Agarwal,28,Male,Bachelor's,Operations,Inventory Analyst,2.8,4,1,SME,Tier 2,Jaipur,2.5,487000
EMP04945,Neha Thakur,38,Female,Master's,HR,Talent Acquisition Lead,7.7,5,2,MNC,Tier 3,Guwahati,4.1,1303000
EMP04946,Ira Reddy,38,Female,Bachelor's,Legal,Corporate Lawyer,11.1,2,0,Enterprise,Tier 1,Pune,4.6,3466000
EMP04947,Aditya Saxena,40,Male,Bachelor's,Engineering,Design Engineer,11.1,7,1,Enterprise,Tier 1,Kolkata,3.6,2312000
EMP04948,Kavya Rao,29,Female,Bachelor's,IT,QA Engineer,2.1,3,0,Enterprise,Tier 1,Bangalore,4.4,1013000
EMP04949,Rajesh Das,22,Male,Bachelor's,Education,Dean,0.0,3,0,Startup,Tier 2,Nagpur,4.3,254000
EMP04950,Suresh Agarwal,41,Male,Bachelor's,Engineering,Mechanical Engineer,16.7,6,2,MNC,Tier 2,Indore,2.9,2679000
EMP04951,Divya Singh,53,Female,Bachelor's,Legal,Legal Analyst,21.2,10,1,SME,Tier 1,Hyderabad,3.6,4978000
EMP04952,Sakshi Verma,54,Female,Master's,Legal,Compliance Manager,25.3,2,1,SME,Tier 3,Guwahati,4.5,5053000
EMP04953,Karan Iyer,49,Male,Bachelor's,HR,Compensation Analyst,14.5,2,3,Startup,Tier 1,Pune,1.6,1455000
EMP04954,Isha Reddy,35,Female,Bachelor's,HR,Compensation Analyst,10.8,8,1,MNC,Tier 3,Dehradun,3.9,1322000
EMP04955,Meera Saxena,36,Female,Bachelor's,Sales,Inside Sales Representative,7.1,4,0,MNC,Tier 1,Mumbai,4.4,1508000
EMP04956,Rohan Kapoor,55,Male,Master's,Healthcare,Radiologist,17.5,4,1,Enterprise,Tier 1,Kolkata,4.8,5813000
EMP04957,Harsh Bhat,43,Male,Bachelor's,Sales,Pre-Sales Consultant,12.0,4,0,SME,Tier 1,Mumbai,4.1,1801000
EMP04958,Nikhil Das,47,Male,Master's,Healthcare,Dentist,12.1,5,2,SME,Tier 1,Chennai,3.4,3358000
EMP04959,Karan Saxena,50,Male,Master's,Finance,Compliance Officer,26.5,15,4,MNC,Tier 1,Mumbai,3.8,7500000
EMP04960,Kritika Singh,34,Other,Master's,Operations,Warehouse Manager,7.7,6,2,MNC,Tier 2,Indore,2.3,1402000
EMP04961,Suresh Iyer,49,Male,Bachelor's,Legal,Legal Advisor,19.7,10,3,MNC,Tier 2,Chandigarh,5.0,5243000
EMP04962,Ayaan Malik,40,Male,Bachelor's,Finance,Auditor,16.2,9,1,SME,Tier 3,Guwahati,3.1,1697000
EMP04963,Diya Saxena,56,Female,Bachelor's,Finance,Investment Banker,19.7,8,3,MNC,Tier 2,Indore,1.9,3119000
EMP04964,Manish Patel,36,Male,Bachelor's,Operations,Facility Manager,9.1,7,2,Enterprise,Tier 1,Mumbai,2.4,1739000
EMP04965,Divya Thakur,48,Female,Bachelor's,Engineering,Structural Engineer,13.9,5,2,MNC,Tier 3,Bhopal,2.9,1628000
EMP04966,Nikhil Malik,50,Male,Bachelor's,Education,Curriculum Designer,23.5,10,2,Startup,Tier 1,Bangalore,1.7,2228000
EMP04967,Ankit Chopra,58,Male,Bachelor's,Sales,Pre-Sales Consultant,22.7,8,0,Startup,Tier 2,Indore,3.0,2326000
EMP04968,Riya Agarwal,50,Female,Master's,Operations,Facility Manager,23.6,9,4,MNC,Tier 1,Kolkata,4.0,6278000
EMP04969,Kritika Rao,55,Female,Master's,Operations,Fleet Manager,27.9,10,4,MNC,Tier 3,Dehradun,3.8,4146000
EMP04970,Anjali Nair,37,Female,Bachelor's,IT,Data Scientist,14.1,5,3,Enterprise,Tier 1,Chennai,4.1,4435000
EMP04971,Rohan Agarwal,31,Male,Master's,Engineering,Structural Engineer,7.3,5,1,Enterprise,Tier 3,Dehradun,3.9,1607000
EMP04972,Gaurav Patel,31,Male,PhD,Education,Professor,4.2,5,1,MNC,Tier 3,Mysuru,3.8,826000
EMP04973,Pranav Sharma,45,Male,Master's,HR,Payroll Specialist,12.7,2,0,Startup,Tier 3,Guwahati,2.0,857000
EMP04974,Ayaan Agarwal,50,Male,Master's,Finance,Auditor,25.7,15,2,Startup,Tier 2,Kochi,1.7,3175000
EMP04975,Gaurav Malik,33,Male,Master's,Operations,Logistics Coordinator,7.1,4,0,MNC,Tier 2,Ahmedabad,3.6,1173000
EMP04976,Mohit Nair,55,Male,Master's,Education,Academic Counselor,25.7,7,0,Startup,Tier 1,Hyderabad,2.0,2475000
EMP04977,Shreya Mishra,56,Female,Master's,IT,Full Stack Developer,21.7,4,1,Startup,Tier 2,Jaipur,2.3,3676000
EMP04978,Kritika Gupta,37,Female,Master's,Marketing,PR Specialist,10.1,2,0,SME,Tier 1,Chennai,3.9,1727000
EMP04979,Arjun Mishra,36,Male,Master's,Education,Education Consultant,7.7,5,2,MNC,Tier 1,Pune,4.2,1637000
EMP04980,Harsh Kapoor,55,Male,Bachelor's,Healthcare,Hospital Administrator,19.4,11,0,SME,Tier 2,Nagpur,1.9,2606000
EMP04981,Rohan Agarwal,53,Male,Bachelor's,Finance,Treasury Analyst,16.8,6,0,MNC,Tier 3,Ranchi,4.9,2298000
EMP04982,Vihaan Singh,54,Male,Bachelor's,Healthcare,Hospital Administrator,16.0,4,2,Startup,Tier 1,Bangalore,2.1,2882000
EMP04983,Sara Kapoor,29,Female,Bachelor's,Operations,Logistics Coordinator,6.6,6,1,Enterprise,Tier 3,Bhopal,2.5,893000
EMP04984,Ayaan Mehta,24,Male,Bachelor's,Finance,Auditor,1.6,2,1,MNC,Tier 1,Pune,1.8,660000
EMP04985,Swati Mehta,36,Female,Master's,Finance,Financial Analyst,7.3,5,2,MNC,Tier 3,Mysuru,2.1,1257000
EMP04986,Isha Thakur,27,Female,Master's,Marketing,Social Media Manager,4.2,4,0,MNC,Tier 2,Kochi,4.3,1169000
EMP04987,Sneha Das,37,Female,Bachelor's,Finance,Treasury Analyst,13.2,3,0,SME,Tier 3,Patna,4.1,1466000
EMP04988,Kritika Malik,25,Female,Bachelor's,HR,Recruiter,2.8,2,1,MNC,Tier 3,Raipur,3.3,487000
EMP04989,Meera Iyer,44,Female,Bachelor's,Healthcare,Doctor,17.2,11,1,MNC,Tier 2,Lucknow,3.0,3895000
EMP04990,Deepak Saxena,58,Male,PhD,Operations,Fleet Manager,17.7,4,0,MNC,Tier 2,Ahmedabad,2.7,3819000
EMP04991,Nisha Chopra,28,Female,Master's,Engineering,Quality Engineer,5.7,2,0,SME,Tier 3,Raipur,2.6,639000
EMP04992,Aarav Singh,36,Male,Bachelor's,Operations,Fleet Manager,6.2,3,0,MNC,Tier 1,Pune,3.7,1275000
EMP04993,Vivaan Malik,34,Male,Bachelor's,Sales,Regional Sales Head,10.9,6,1,Enterprise,Tier 3,Mysuru,1.9,1248000
EMP04994,Vivaan Saxena,30,Male,Master's,Healthcare,Clinical Research Associate,5.9,4,0,SME,Tier 1,Pune,1.8,1362000
EMP04995,Anjali Agarwal,38,Female,Bachelor's,IT,Data Scientist,9.2,5,2,MNC,Tier 1,Pune,3.4,2190000
EMP04996,Suresh Deshpande,23,Male,Bachelor's,HR,Talent Acquisition Lead,0.8,2,1,MNC,Tier 1,Hyderabad,4.9,608000
EMP04997,Gaurav Das,41,Male,Master's,Legal,Legal Advisor,17.0,4,0,Startup,Tier 2,Jaipur,2.6,2980000
EMP04998,Krishna Chatterjee,36,Male,Bachelor's,HR,Compensation Analyst,5.2,3,1,MNC,Tier 2,Indore,2.2,920000
EMP04999,Harsh Patel,25,Male,Bachelor's,Healthcare,Doctor,1.9,3,1,SME,Tier 2,Lucknow,2.4,541000
EMP05000,Pranav Chatterjee,49,Male,Bachelor's,Operations,Process Improvement Analyst,12.7,9,2,SME,Tier 1,Chennai,4.2,1925000
